year,tier3,mean_minutes_per_day,label
2003,010101,512.271724,Sleeping
2003,010102,1.741902,Sleeplessness
2003,010201,39.999068,"Washing, dressing and grooming oneself"
2003,010299,0.077371,"Grooming, n.e.c."
2003,010301,4.331381,Health-related self care
2003,010399,0.138828,"Self care, n.e.c."
2003,010401,0.936515,Personal/Private activities
2003,010499,0.081996,"Personal activities, n.e.c."
2003,010501,0.000684,Personal emergencies
2003,019999,0.004871,"Personal care, n.e.c."
2003,020101,21.985537,Interior cleaning
2003,020102,11.114282,Laundry
2003,020103,1.831264,"Sewing, repairing, & maintaining textiles"
2003,020104,1.647915,"Storing interior hh items, inc. food"
2003,020199,0.223745,"Housework, n.e.c."
2003,020201,23.956445,Food and drink preparation
2003,020202,0.353384,Food presentation
2003,020203,7.621506,Kitchen and food clean-up
2003,020299,0.006555,"Food & drink prep, presentation, & clean-up, n.e.c."
2003,020301,4.431719,"Interior arrangement, decoration, & repairs"
2003,020302,0.545213,Building and repairing furniture
2003,020303,0.575871,Heating and cooling
2003,020399,0.104108,"Interior maintenance, repair, & decoration, n.e.c."
2003,020401,1.862653,Exterior cleaning
2003,020402,2.180622,"Exterior repair, improvements, & decoration"
2003,020499,0.100705,"Exterior maintenance, repair & decoration, n.e.c."
2003,020501,11.528271,"Lawn, garden, and houseplant care"
2003,020502,0.283002,"Ponds, pools, and hot tubs"
2003,020599,0.020662,"Lawn and garden, n.e.c."
2003,020681,4.864579,Care for animals and pets (not veterinary care)
2003,020699,0.042951,"Pet and animal care, n.e.c."
2003,020701,2.917501,Vehicle repair and maintenance (by self)
2003,020799,0.038097,"Vehicles, n.e.c."
2003,020801,1.037380,"Appliance, tool, and toy set-up, repair, & maintenance (by self)"
2003,020899,0.006010,"Appliances and tools, n.e.c."
2003,020901,2.087017,Financial management
2003,020902,5.670842,Household & personal organization and planning
2003,020903,1.834445,HH & personal mail & messages (except e-mail)
2003,020904,2.171710,HH & personal e-mail and messages
2003,020905,0.141018,Home security
2003,020999,0.022234,"Household management, n.e.c."
2003,029999,0.355676,"Household activities, n.e.c."
2003,030101,10.446387,Physical care for hh children
2003,030102,0.735904,Reading to/with hh children
2003,030103,5.042566,"Playing with hh children, not sports"
2003,030104,0.050701,Arts and crafts with hh children
2003,030105,0.210635,Playing sports with hh children
2003,030108,0.192715,Organization & planning for hh children
2003,030109,1.480604,Looking after hh children (as a primary activity)
2003,030110,1.242639,Attending hh children's events
2003,030111,0.359423,Waiting for/with hh children
2003,030112,1.088414,Picking up/dropping off hh children
2003,030186,1.329191,Talking with/listening to hh children
2003,030199,0.263544,"Caring for & helping hh children, n.e.c."
2003,030201,1.855412,Homework (hh children)
2003,030202,0.175857,Meetings and school conferences (hh children)
2003,030203,0.203293,Home schooling of hh children
2003,030204,0.002431,Waiting associated with hh children's education
2003,030299,0.027984,"Activities related to hh child's education, n.e.c."
2003,030301,0.277644,Providing medical care to hh children
2003,030302,0.180544,Obtaining medical care for hh children
2003,030303,0.185856,Waiting associated with hh children's health
2003,030399,0.092850,"Activities related to hh child's health, n.e.c."
2003,030401,0.749776,Physical care for hh adults
2003,030402,0.053739,Looking after hh adult (as a primary activity)
2003,030403,0.149806,Providing medical care to hh adult
2003,030404,0.066220,Obtaining medical and care services for hh adult
2003,030405,0.356046,Waiting associated with caring for household adults
2003,030499,0.191713,"Caring for household adults, n.e.c."
2003,030501,0.526797,Helping hh adults
2003,030502,0.097375,Organization & planning for hh adults
2003,030503,0.256248,Picking up/dropping off hh adult
2003,030504,0.259509,Waiting associated with helping hh adults
2003,030599,0.073357,"Helping household adults, n.e.c."
2003,039999,0.023172,"Caring for & helping hh members, n.e.c."
2003,040101,0.828881,Physical care for nonhh children
2003,040102,0.054003,Reading to/with nonhh children
2003,040103,1.284015,"Playing with nonhh children, not sports"
2003,040104,0.019898,Arts and crafts with nonhh children
2003,040105,0.022800,Playing sports with nonhh children
2003,040108,0.061736,Organization & planning for nonhh children
2003,040109,1.430951,Looking after nonhh children (as primary activity)
2003,040110,0.264595,Attending nonhh children's events
2003,040111,0.073155,Waiting for/with nonhh children
2003,040112,0.281573,Dropping off/picking up nonhh children
2003,040186,0.379633,Talking with/listening to nonhh children
2003,040199,0.251386,"Caring for and helping nonhh children, n.e.c."
2003,040201,0.090432,Homework (nonhh children)
2003,040202,0.004448,Meetings and school conferences (nonhh children)
2003,040203,0.012826,Home schooling of nonhh children
2003,040301,0.026927,Providing medical care to nonhh children
2003,040302,0.003484,Obtaining medical care for nonhh children
2003,040303,0.030475,Waiting associated with nonhh children's health
2003,040399,0.026243,"Activities related to nonhh child's health, n.e.c."
2003,040401,0.261124,Physical care for nonhh adults
2003,040402,0.150515,Looking after nonhh adult (as a primary activity)
2003,040403,0.110996,Providing medical care to nonhh adult
2003,040404,0.054663,Obtaining medical and care services for nonhh adult
2003,040405,0.254974,Waiting associated with caring for nonhh adults
2003,040499,0.847357,"Caring for nonhh adults, n.e.c."
2003,040501,0.650959,"Housework, cooking, & shopping assistance for nonhh adults"
2003,040502,1.226686,House & lawn maintenance & repair assistance for nonhh adults
2003,040503,0.110051,Animal & pet care assistance for nonhh adults
2003,040504,0.396473,Vehicle & appliance maintenance/repair assistance for nonhh adults
2003,040505,0.064381,Financial management assistance for nonhh adults
2003,040506,0.764177,Household management & paperwork assistance for nonhh adults
2003,040507,0.625331,Picking up/dropping off nonhh adult
2003,040508,0.272878,Waiting associated with helping nonhh adults
2003,040599,0.468744,"Helping nonhh adults, n.e.c."
2003,049999,0.044047,"Caring for & helping nonhh members, n.e.c."
2003,050101,194.380226,"Work, main job"
2003,050102,5.409754,"Work, other job(s)"
2003,050103,0.005724,Security procedures related to work
2003,050189,0.011147,"Working, n.e.c."
2003,050201,0.102017,"Socializing, relaxing, and leisure as part of job"
2003,050202,0.311492,Eating and drinking as part of job
2003,050203,0.051799,Sports and exercise as part of job
2003,050204,0.009628,Security procedures as part of job
2003,050289,0.297181,"Work-related activities, n.e.c."
2003,050301,0.153443,"Income-generating hobbies, crafts, and food"
2003,050302,0.065004,Income-generating performances
2003,050303,0.977971,Income-generating services
2003,050304,0.193820,Income-generating rental property activities
2003,050389,0.457632,"Other income-generating activities, n.e.c."
2003,050403,0.084297,Job interviewing
2003,050404,0.047202,Waiting associated with job search or interview
2003,050481,1.435510,Job search activities
2003,050499,0.056547,"Job search and Interviewing, n.e.c."
2003,059999,0.009143,"Work and work-related activities, n.e.c."
2003,060101,16.076673,"Taking class for degree, certification, or licensure"
2003,060102,0.531227,Taking class for personal interest
2003,060103,0.102369,Waiting associated with taking classes
2003,060104,0.001235,Security procedures rel. to taking classes
2003,060199,0.400800,"Taking class, n.e.c."
2003,060201,0.044705,Extracurricular club activities
2003,060202,0.358439,Extracurricular music & performance activities
2003,060203,0.002473,Extracurricular student government activities
2003,060289,0.061661,"Education-related extracurricular activities, n.e.c."
2003,060301,7.427769,"Research/homework for class for degree, certification, or licensure"
2003,060302,0.268211,Research/homework for class for pers. interest
2003,060399,0.351031,Research/homework n.e.c.
2003,060401,0.094035,"Administrative activities: class for degree, certification, or licensure"
2003,060402,0.009776,Administrative activities: class for personal interest
2003,060403,0.001634,Waiting associated w/admin. activities (education)
2003,060499,0.064476,"Administrative for education, n.e.c."
2003,069999,0.176097,"Education, n.e.c."
2003,070101,6.323328,Grocery shopping
2003,070102,0.445407,Purchasing gas
2003,070103,1.090390,Purchasing food (not groceries)
2003,070104,16.045760,"Shopping, except groceries, food and gas"
2003,070105,0.148430,Waiting associated with shopping
2003,070199,0.012243,"Shopping, n.e.c."
2003,070201,0.109268,Comparison shopping
2003,070299,0.002162,"Researching purchases, n.e.c."
2003,079999,0.010833,"Consumer purchases, n.e.c."
2003,080101,0.032982,Using paid childcare services
2003,080102,0.003660,Waiting associated w/purchasing childcare svcs
2003,080201,0.372906,Banking
2003,080202,0.175666,Using other financial services
2003,080203,0.031990,Waiting associated w/banking/financial services
2003,080299,0.014432,"Using financial services and banking, n.e.c."
2003,080301,0.032990,Using legal services
2003,080302,0.000593,Waiting associated with legal services
2003,080401,2.625006,Using health and care services outside the home
2003,080402,0.024443,Using in-home health and care services
2003,080403,0.563588,Waiting associated with medical services
2003,080499,0.016917,"Using medical services, n.e.c."
2003,080501,1.202278,Using personal care services
2003,080502,0.102425,Waiting associated w/personal care services
2003,080599,0.006657,"Using personal care services, n.e.c."
2003,080601,0.301842,Activities rel. to purchasing/selling real estate
2003,080602,0.000954,Waiting associated w/purchasing/selling real estate
2003,080701,0.059819,Using veterinary services
2003,080702,0.028214,Waiting associated with veterinary services
2003,089999,0.043342,"Professional and personal services, n.e.c."
2003,090101,0.036362,Using interior cleaning services
2003,090102,0.000377,Using meal preparation services
2003,090103,0.048727,Using clothing repair and cleaning services
2003,090104,0.013076,Waiting associated with using household services
2003,090199,0.008023,"Using household services, n.e.c."
2003,090201,0.199980,Using home maint/repair/decor/construction svcs
2003,090202,0.386835,Waiting associated w/ home main/repair/decor/constr
2003,090299,0.003753,"Using home maint/repair/decor/constr services, n.e.c."
2003,090301,0.045705,Using pet services
2003,090302,0.000353,Waiting associated with pet services
2003,090401,0.009140,Using lawn and garden services
2003,090501,0.194344,Using vehicle maintenance or repair services
2003,090502,0.292466,Waiting associated with vehicle main. or repair svcs
2003,090599,0.002612,"Using vehicle maint. & repair svcs, n.e.c."
2003,099999,0.007347,"Using household services, n.e.c."
2003,100101,0.026638,Using police and fire services
2003,100102,0.034054,Using social services
2003,100103,0.068296,"Obtaining licenses & paying fines, fees, taxes"
2003,100201,0.119415,Civic obligations & participation
2003,100299,0.001228,"Civic obligations & participation, n.e.c."
2003,100381,0.038076,Waiting associated w/ using government services
2003,100383,0.008011,Waiting associated w/civic obligations & participation
2003,100399,0.000435,"Waiting assoc. w/govt svcs or civic obligations, n.e.c."
2003,110101,64.960345,Eating and drinking
2003,110281,0.240638,Waiting associated w/eating & drinking
2003,110289,0.009441,"Waiting associated with eating & drinking, n.e.c."
2003,119999,0.000381,"Eating and drinking, n.e.c."
2003,120101,40.573896,Socializing and communicating with others
2003,120199,0.003665,"Socializing and communicating, n.e.c."
2003,120201,5.245770,Attending or hosting parties/receptions/ceremonies
2003,120202,0.801624,Attending meetings for personal interest (not volunteering)
2003,120299,0.055685,"Attending/hosting social events, n.e.c."
2003,120301,19.949957,"Relaxing, thinking"
2003,120302,0.424360,Tobacco and drug use
2003,120303,154.686234,Television and movies (not religious)
2003,120304,0.104193,Television (religious)
2003,120305,1.359446,Listening to the radio
2003,120306,2.005499,Listening to/playing music (not radio)
2003,120307,9.774568,Playing games
2003,120308,7.845463,Computer use for leisure (exc. Games)
2003,120309,1.462327,Arts and crafts as a hobby
2003,120310,0.089433,Collecting as a hobby
2003,120311,0.331898,"Hobbies, except arts & crafts and collecting"
2003,120312,21.868351,Reading for personal interest
2003,120313,0.247700,Writing for personal interest
2003,120399,0.254031,"Relaxing and leisure, n.e.c."
2003,120401,0.908827,Attending performing arts
2003,120402,0.413782,Attending museums
2003,120403,2.069672,Attending movies/film
2003,120404,0.845735,Attending gambling establishments
2003,120499,1.614084,"Arts and entertainment, n.e.c."
2003,120501,0.081912,Waiting assoc. w/socializing & communicating
2003,120502,0.018493,Waiting assoc. w/attending/hosting social events
2003,120503,0.014288,Waiting associated with relaxing/leisure
2003,120504,0.121993,Waiting associated with arts & entertainment
2003,120599,0.000582,"Waiting associated with socializing, n.e.c."
2003,129999,0.057963,"Socializing, relaxing, and leisure, n.e.c."
2003,130101,0.314887,Doing aerobics
2003,130102,0.128568,Playing baseball
2003,130103,0.881134,Playing basketball
2003,130104,0.360614,Biking
2003,130105,0.681136,Playing billiards
2003,130106,0.409136,Boating
2003,130107,0.533246,Bowling
2003,130109,0.326663,Dancing
2003,130110,0.223822,Participating in equestrian sports
2003,130112,1.510332,Fishing
2003,130113,0.308745,Playing football
2003,130114,1.321566,Golfing
2003,130115,0.036003,Doing gymnastics
2003,130116,0.203600,Hiking
2003,130117,0.016402,Playing hockey
2003,130118,0.747603,Hunting
2003,130119,0.087499,Participating in martial arts
2003,130120,0.206296,Playing racquet sports
2003,130122,0.066329,Rollerblading
2003,130124,0.599665,Running
2003,130125,0.170105,"Skiing, ice skating, snowboarding"
2003,130126,0.185612,Playing soccer
2003,130127,0.114232,Softball
2003,130128,0.751548,Using cardiovascular equipment
2003,130129,0.330550,Vehicle touring/racing
2003,130130,0.117126,Playing volleyball
2003,130131,2.697270,Walking
2003,130132,1.242865,Participating in water sports
2003,130133,1.072539,Weightlifting/strength training
2003,130134,1.141568,"Working out, unspecified"
2003,130136,0.107250,Doing yoga
2003,130199,0.457970,Playing sports n.e.c.
2003,130202,0.403356,Watching baseball
2003,130203,0.442335,Watching basketball
2003,130205,0.008213,Watching billiards
2003,130206,0.048016,Watching boating
2003,130207,0.058351,Watching bowling
2003,130209,0.001426,Watching dancing
2003,130210,0.038024,Watching equestrian sports
2003,130212,0.003909,Watching fishing
2003,130213,0.404826,Watching football
2003,130214,0.044110,Watching golfing
2003,130215,0.004273,Watching gymnastics
2003,130216,0.086322,Watching hockey
2003,130217,0.004685,Watching martial arts
2003,130218,0.001702,Watching racquet sports
2003,130219,0.010886,Watching rodeo competitions
2003,130220,0.004298,Watching rollerblading
2003,130221,0.009660,Watching rugby
2003,130222,0.027598,Watching running
2003,130223,0.004009,"Watching skiing, ice skating, snowboarding"
2003,130224,0.140627,Watching soccer
2003,130225,0.104007,Watching softball
2003,130226,0.185686,Watching vehicle touring/racing
2003,130227,0.024695,Watching volleyball
2003,130229,0.002517,Watching water sports
2003,130230,0.019686,Watching weightlifting/strength training
2003,130231,0.006885,"Watching people working out, unspecified"
2003,130232,0.018702,Watching wrestling
2003,130299,0.132484,"Attending sporting events, n.e.c."
2003,130301,0.041856,Waiting related to playing sports or exercising
2003,130302,0.028684,Waiting related to attending sporting events
2003,130399,0.000179,"Waiting associated with sports, exercise, & recreation, n.e.c."
2003,130401,0.000097,Security related to playing sports or exercising
2003,130402,0.000274,Security related to attending sporting events
2003,139999,0.020776,"Sports, exercise, & recreation, n.e.c."
2003,140101,6.609933,Attending religious services
2003,140102,1.694218,Participation in religious practices
2003,140103,0.043760,Waiting associated w/religious & spiritual activities
2003,149999,0.065180,"Religious and spiritual activities, n.e.c."
2003,150101,0.571710,Computer use
2003,150102,0.769348,Organizing and preparing
2003,150103,0.358977,Reading
2003,150104,0.292877,Telephone calls (except hotline counseling)
2003,150105,0.064543,Writing
2003,150106,0.184768,Fundraising
2003,150199,0.328869,"Administrative & support activities, n.e.c."
2003,150201,0.558890,"Food preparation, presentation, clean-up"
2003,150202,0.061279,Collecting & delivering clothing & other goods
2003,150203,0.149330,Providing care
2003,150204,1.052796,"Teaching, leading, counseling, mentoring"
2003,150299,0.185692,"Social service & care activities, n.e.c."
2003,150301,0.067736,"Building houses, wildlife sites, & other structures"
2003,150302,0.450129,"Indoor & outdoor maintenance, repair, & clean-up"
2003,150399,0.042905,"Indoor & outdoor maintenance, building & clean-up activities, n.e.c."
2003,150401,0.294966,Performing
2003,150402,0.154773,Serving at volunteer events & cultural activities
2003,150499,0.064602,"Participating in performance & cultural activities, n.e.c."
2003,150501,1.030291,"Attending meetings, conferences, & training"
2003,150599,0.002476,"Attending meetings, conferences, & training, n.e.c."
2003,150601,0.039197,Public health activities
2003,150602,0.072335,Public safety activities
2003,150699,0.010081,"Public health & safety activities, n.e.c."
2003,159989,1.419316,"Volunteer activities, n.e.c."
2003,160101,2.210181,Telephone calls to/from family members
2003,160102,2.497000,"Telephone calls to/from friends, neighbors, or acquaintances"
2003,160103,0.009694,Telephone calls to/from education services providers
2003,160104,0.057767,Telephone calls to/from salespeople
2003,160105,0.167355,Telephone calls to/from professional or personal care svcs providers
2003,160106,0.094128,Telephone calls to/from household services providers
2003,160107,0.004152,Telephone calls to/from paid child or adult care providers
2003,160108,0.028095,Telephone calls to/from government officials
2003,169989,2.204542,"Telephone calls, n.e.c."
2003,180101,0.811586,Travel related to personal care
2003,180199,0.001944,"Travel related to personal care, n.e.c."
2003,180280,2.310942,Travel related to household activities
2003,180381,3.834434,Travel related to caring for and helping hh children
2003,180382,1.361156,Travel related to caring for and helping hh adults
2003,180399,0.000290,"Travel rel. to caring for & helping hh members, n.e.c."
2003,180481,1.173284,Travel related to caring for and helping nonhh children
2003,180482,4.122224,Travel related to caring for and helping nonhh adults
2003,180499,0.009765,"Travel rel. to caring for & helping nonhh members, n.e.c."
2003,180501,15.357236,Travel related to working
2003,180502,2.034752,Travel related to work-related activities
2003,180589,0.127865,"Travel related to work, n.e.c."
2003,180601,1.841654,Travel related to taking class
2003,180682,0.325069,Travel related to education (except taking class)
2003,180699,0.013500,"Travel related to education, n.e.c."
2003,180701,3.346477,Travel related to grocery shopping
2003,180782,11.199427,Travel related to shopping (except grocery shopping)
2003,180801,0.027549,Travel related to using childcare services
2003,180802,0.660646,Travel related to using financial services and banking
2003,180803,0.045491,Travel related to using legal services
2003,180804,1.073530,Travel related to using medical services
2003,180805,0.401939,Travel related to using personal care services
2003,180806,0.159670,Travel related to using real estate services
2003,180807,0.063904,Travel related to using veterinary services
2003,180899,0.021680,"Travel rel. to using prof. & personal care services, n.e.c."
2003,180901,0.102247,Travel related to using household services
2003,180902,0.033648,Travel related to using home main./repair/decor./construction svcs
2003,180903,0.025833,Travel related to using pet services (not vet)
2003,180905,0.370049,Travel related to using vehicle maintenance & repair services
2003,180999,0.000294,"Travel related to using household services, n.e.c."
2003,181002,0.035724,Travel related to civic obligations & participation
2003,181081,0.112964,Travel related to using government services
2003,181099,0.005331,"Travel rel. to govt svcs & civic obligations, n.e.c."
2003,181101,7.140965,Travel related to eating and drinking
2003,181199,0.002563,"Travel related to eating and drinking, n.e.c."
2003,181201,6.247787,Travel related to socializing and communicating
2003,181202,1.033219,Travel related to attending or hosting social events
2003,181204,1.403722,Travel related to arts and entertainment
2003,181283,2.169736,Travel related to relaxing and leisure
2003,181299,0.024859,"Travel rel. to socializing, relaxing, & leisure, n.e.c."
2003,181301,2.292432,Travel related to participating in sports/exercise/recreation
2003,181302,0.516867,Travel related to attending sporting/recreational events
2003,181399,0.003511,"Travel related to sports, exercise, & recreation, n.e.c."
2003,181401,1.392164,Travel related to religious/spiritual practices
2003,181499,0.000370,"Travel rel. to religious/spiritual activities, n.e.c."
2003,181501,1.024889,Travel related to volunteering
2003,181599,0.011942,"Travel related to volunteer activities, n.e.c."
2003,181601,0.088878,Travel related to phone calls
2003,181699,0.000687,"Travel rel. to phone calls, n.e.c."
2003,181801,0.051936,Security procedures related to traveling
2003,181899,0.016342,"Security procedures related to traveling, n.e.c."
2003,189999,2.829366,"Traveling, n.e.c."
2003,500101,3.381469,Insufficient detail in verbatim
2003,500103,0.598987,Missing travel or destination
2003,500104,1.011710,Recorded simultaneous activities incorrectly
2003,500105,0.213873,Respondent refused to provide information/none of your business
2003,500106,2.696649,Gap/can't remember
2003,500107,0.249853,Unable to code activity at 1st tier
2003,509989,0.289599,"Data codes, n.e.c."
2004,010101,510.018880,Sleeping
2004,010102,2.752743,Sleeplessness
2004,010201,40.042232,"Washing, dressing and grooming oneself"
2004,010299,0.014407,"Grooming, n.e.c."
2004,010301,5.437413,Health-related self care
2004,010399,0.218386,"Self care, n.e.c."
2004,010401,0.501533,Personal/Private activities
2004,010499,0.027472,"Personal activities, n.e.c."
2004,019999,0.000577,"Personal care, n.e.c."
2004,020101,21.118112,Interior cleaning
2004,020102,11.083055,Laundry
2004,020103,1.704688,"Sewing, repairing, & maintaining textiles"
2004,020104,1.536742,"Storing interior hh items, inc. food"
2004,020199,0.039923,"Housework, n.e.c."
2004,020201,23.065612,Food and drink preparation
2004,020202,0.292985,Food presentation
2004,020203,7.582328,Kitchen and food clean-up
2004,020301,5.459804,"Interior arrangement, decoration, & repairs"
2004,020302,0.520438,Building and repairing furniture
2004,020303,0.536931,Heating and cooling
2004,020399,0.012931,"Interior maintenance, repair, & decoration, n.e.c."
2004,020401,1.817158,Exterior cleaning
2004,020402,1.825277,"Exterior repair, improvements, & decoration"
2004,020499,0.010808,"Exterior maintenance, repair & decoration, n.e.c."
2004,020501,11.584533,"Lawn, garden, and houseplant care"
2004,020502,0.207563,"Ponds, pools, and hot tubs"
2004,020599,0.003933,"Lawn and garden, n.e.c."
2004,020681,4.396510,Care for animals and pets (not veterinary care)
2004,020699,0.001989,"Pet and animal care, n.e.c."
2004,020701,3.251165,Vehicle repair and maintenance (by self)
2004,020799,0.003550,"Vehicles, n.e.c."
2004,020801,1.219688,"Appliance, tool, and toy set-up, repair, & maintenance (by self)"
2004,020899,0.001024,"Appliances and tools, n.e.c."
2004,020901,2.386878,Financial management
2004,020902,5.809781,Household & personal organization and planning
2004,020903,1.730428,HH & personal mail & messages (except e-mail)
2004,020904,1.970355,HH & personal e-mail and messages
2004,020905,0.133202,Home security
2004,020999,0.018041,"Household management, n.e.c."
2004,029999,0.418771,"Household activities, n.e.c."
2004,030101,10.205024,Physical care for hh children
2004,030102,0.800831,Reading to/with hh children
2004,030103,5.461514,"Playing with hh children, not sports"
2004,030104,0.052644,Arts and crafts with hh children
2004,030105,0.219384,Playing sports with hh children
2004,030108,0.193341,Organization & planning for hh children
2004,030109,1.876801,Looking after hh children (as a primary activity)
2004,030110,1.230540,Attending hh children's events
2004,030111,0.289623,Waiting for/with hh children
2004,030112,1.133932,Picking up/dropping off hh children
2004,030186,1.086893,Talking with/listening to hh children
2004,030199,0.235512,"Caring for & helping hh children, n.e.c."
2004,030201,1.812801,Homework (hh children)
2004,030202,0.166324,Meetings and school conferences (hh children)
2004,030203,0.208446,Home schooling of hh children
2004,030204,0.000281,Waiting associated with hh children's education
2004,030299,0.020514,"Activities related to hh child's education, n.e.c."
2004,030301,0.255457,Providing medical care to hh children
2004,030302,0.310781,Obtaining medical care for hh children
2004,030303,0.148511,Waiting associated with hh children's health
2004,030399,0.005017,"Activities related to hh child's health, n.e.c."
2004,030401,0.757536,Physical care for hh adults
2004,030402,0.047755,Looking after hh adult (as a primary activity)
2004,030403,0.220209,Providing medical care to hh adult
2004,030404,0.233084,Obtaining medical and care services for hh adult
2004,030405,0.355018,Waiting associated with caring for household adults
2004,030499,0.301343,"Caring for household adults, n.e.c."
2004,030501,0.320763,Helping hh adults
2004,030502,0.129640,Organization & planning for hh adults
2004,030503,0.228386,Picking up/dropping off hh adult
2004,030504,0.296630,Waiting associated with helping hh adults
2004,030599,0.120449,"Helping household adults, n.e.c."
2004,039999,0.017007,"Caring for & helping hh members, n.e.c."
2004,040101,0.713061,Physical care for nonhh children
2004,040102,0.095989,Reading to/with nonhh children
2004,040103,1.634449,"Playing with nonhh children, not sports"
2004,040104,0.023676,Arts and crafts with nonhh children
2004,040105,0.039818,Playing sports with nonhh children
2004,040108,0.019654,Organization & planning for nonhh children
2004,040109,1.124374,Looking after nonhh children (as primary activity)
2004,040110,0.384046,Attending nonhh children's events
2004,040111,0.083414,Waiting for/with nonhh children
2004,040112,0.253886,Dropping off/picking up nonhh children
2004,040186,0.231636,Talking with/listening to nonhh children
2004,040199,0.152074,"Caring for and helping nonhh children, n.e.c."
2004,040201,0.071538,Homework (nonhh children)
2004,040202,0.014147,Meetings and school conferences (nonhh children)
2004,040301,0.053619,Providing medical care to nonhh children
2004,040302,0.020155,Obtaining medical care for nonhh children
2004,040303,0.036856,Waiting associated with nonhh children's health
2004,040399,0.063963,"Activities related to nonhh child's health, n.e.c."
2004,040401,0.324900,Physical care for nonhh adults
2004,040402,0.039339,Looking after nonhh adult (as a primary activity)
2004,040403,0.032322,Providing medical care to nonhh adult
2004,040404,0.092338,Obtaining medical and care services for nonhh adult
2004,040405,0.270966,Waiting associated with caring for nonhh adults
2004,040499,0.913442,"Caring for nonhh adults, n.e.c."
2004,040501,0.581423,"Housework, cooking, & shopping assistance for nonhh adults"
2004,040502,1.437806,House & lawn maintenance & repair assistance for nonhh adults
2004,040503,0.051696,Animal & pet care assistance for nonhh adults
2004,040504,0.465624,Vehicle & appliance maintenance/repair assistance for nonhh adults
2004,040505,0.067952,Financial management assistance for nonhh adults
2004,040506,0.856542,Household management & paperwork assistance for nonhh adults
2004,040507,0.580757,Picking up/dropping off nonhh adult
2004,040508,0.181512,Waiting associated with helping nonhh adults
2004,040599,0.426030,"Helping nonhh adults, n.e.c."
2004,049999,0.106620,"Caring for & helping nonhh members, n.e.c."
2004,050101,194.707753,"Work, main job"
2004,050102,4.878935,"Work, other job(s)"
2004,050103,0.012229,Security procedures related to work
2004,050189,0.182487,"Working, n.e.c."
2004,050201,0.069751,"Socializing, relaxing, and leisure as part of job"
2004,050202,0.204666,Eating and drinking as part of job
2004,050289,0.043016,"Work-related activities, n.e.c."
2004,050301,0.233765,"Income-generating hobbies, crafts, and food"
2004,050302,0.033442,Income-generating performances
2004,050303,0.723194,Income-generating services
2004,050304,0.061086,Income-generating rental property activities
2004,050389,0.414765,"Other income-generating activities, n.e.c."
2004,050403,0.125928,Job interviewing
2004,050404,0.025073,Waiting associated with job search or interview
2004,050481,0.856265,Job search activities
2004,050499,0.169328,"Job search and Interviewing, n.e.c."
2004,059999,0.014136,"Work and work-related activities, n.e.c."
2004,060101,15.618978,"Taking class for degree, certification, or licensure"
2004,060102,1.550431,Taking class for personal interest
2004,060103,0.074301,Waiting associated with taking classes
2004,060199,0.378101,"Taking class, n.e.c."
2004,060201,0.041242,Extracurricular club activities
2004,060202,0.126098,Extracurricular music & performance activities
2004,060203,0.003849,Extracurricular student government activities
2004,060289,0.021591,"Education-related extracurricular activities, n.e.c."
2004,060301,7.839299,"Research/homework for class for degree, certification, or licensure"
2004,060302,0.420533,Research/homework for class for pers. interest
2004,060399,0.202122,Research/homework n.e.c.
2004,060401,0.058377,"Administrative activities: class for degree, certification, or licensure"
2004,060402,0.002098,Administrative activities: class for personal interest
2004,060403,0.003556,Waiting associated w/admin. activities (education)
2004,060499,0.007993,"Administrative for education, n.e.c."
2004,069999,0.195526,"Education, n.e.c."
2004,070101,6.214678,Grocery shopping
2004,070102,0.376221,Purchasing gas
2004,070103,1.103545,Purchasing food (not groceries)
2004,070104,16.549487,"Shopping, except groceries, food and gas"
2004,070105,0.122295,Waiting associated with shopping
2004,070199,0.001198,"Shopping, n.e.c."
2004,070201,0.019134,Comparison shopping
2004,070301,0.002980,Security procedures rel. to consumer purchases
2004,080101,0.040298,Using paid childcare services
2004,080102,0.000333,Waiting associated w/purchasing childcare svcs
2004,080199,0.000429,"Using paid childcare services, n.e.c."
2004,080201,0.418744,Banking
2004,080202,0.156848,Using other financial services
2004,080203,0.003124,Waiting associated w/banking/financial services
2004,080301,0.050706,Using legal services
2004,080401,2.413168,Using health and care services outside the home
2004,080402,0.091652,Using in-home health and care services
2004,080403,0.385199,Waiting associated with medical services
2004,080499,0.041928,"Using medical services, n.e.c."
2004,080501,1.293738,Using personal care services
2004,080502,0.083073,Waiting associated w/personal care services
2004,080601,0.241158,Activities rel. to purchasing/selling real estate
2004,080602,0.005716,Waiting associated w/purchasing/selling real estate
2004,080701,0.103090,Using veterinary services
2004,080702,0.022710,Waiting associated with veterinary services
2004,089999,0.050739,"Professional and personal services, n.e.c."
2004,090101,0.048660,Using interior cleaning services
2004,090102,0.005283,Using meal preparation services
2004,090103,0.045110,Using clothing repair and cleaning services
2004,090199,0.002678,"Using household services, n.e.c."
2004,090201,0.276541,Using home maint/repair/decor/construction svcs
2004,090202,0.148511,Waiting associated w/ home main/repair/decor/constr
2004,090299,0.002327,"Using home maint/repair/decor/constr services, n.e.c."
2004,090301,0.006693,Using pet services
2004,090302,0.007591,Waiting associated with pet services
2004,090401,0.023209,Using lawn and garden services
2004,090499,0.000669,"Using lawn and garden services, n.e.c."
2004,090501,0.261592,Using vehicle maintenance or repair services
2004,090502,0.129602,Waiting associated with vehicle main. or repair svcs
2004,090599,0.002283,"Using vehicle maint. & repair svcs, n.e.c."
2004,099999,0.012324,"Using household services, n.e.c."
2004,100101,0.017549,Using police and fire services
2004,100102,0.004815,Using social services
2004,100103,0.087220,"Obtaining licenses & paying fines, fees, taxes"
2004,100199,0.001880,"Using government services, n.e.c."
2004,100201,0.099580,Civic obligations & participation
2004,100299,0.003185,"Civic obligations & participation, n.e.c."
2004,100381,0.036960,Waiting associated w/ using government services
2004,100383,0.062533,Waiting associated w/civic obligations & participation
2004,100399,0.056160,"Waiting assoc. w/govt svcs or civic obligations, n.e.c."
2004,110101,66.716182,Eating and drinking
2004,110281,0.199569,Waiting associated w/eating & drinking
2004,119999,0.000319,"Eating and drinking, n.e.c."
2004,120101,39.389442,Socializing and communicating with others
2004,120199,0.000556,"Socializing and communicating, n.e.c."
2004,120201,4.868055,Attending or hosting parties/receptions/ceremonies
2004,120202,1.016115,Attending meetings for personal interest (not volunteering)
2004,120299,0.010256,"Attending/hosting social events, n.e.c."
2004,120301,17.824096,"Relaxing, thinking"
2004,120302,0.569751,Tobacco and drug use
2004,120303,158.516804,Television and movies (not religious)
2004,120304,0.207212,Television (religious)
2004,120305,1.420053,Listening to the radio
2004,120306,2.346607,Listening to/playing music (not radio)
2004,120307,10.688571,Playing games
2004,120308,9.401063,Computer use for leisure (exc. Games)
2004,120309,1.568233,Arts and crafts as a hobby
2004,120310,0.010975,Collecting as a hobby
2004,120311,0.464155,"Hobbies, except arts & crafts and collecting"
2004,120312,22.988422,Reading for personal interest
2004,120313,0.225642,Writing for personal interest
2004,120399,0.143344,"Relaxing and leisure, n.e.c."
2004,120401,1.051814,Attending performing arts
2004,120402,0.269760,Attending museums
2004,120403,1.943652,Attending movies/film
2004,120404,1.005293,Attending gambling establishments
2004,120499,2.065413,"Arts and entertainment, n.e.c."
2004,120501,0.027352,Waiting assoc. w/socializing & communicating
2004,120502,0.003662,Waiting assoc. w/attending/hosting social events
2004,120503,0.002669,Waiting associated with relaxing/leisure
2004,120504,0.086981,Waiting associated with arts & entertainment
2004,129999,0.016549,"Socializing, relaxing, and leisure, n.e.c."
2004,130101,0.274383,Doing aerobics
2004,130102,0.252712,Playing baseball
2004,130103,0.994781,Playing basketball
2004,130104,0.302091,Biking
2004,130105,0.845738,Playing billiards
2004,130106,0.184464,Boating
2004,130107,0.480379,Bowling
2004,130108,0.003442,"Climbing, spelunking, caving"
2004,130109,0.275872,Dancing
2004,130110,0.122017,Participating in equestrian sports
2004,130112,1.108869,Fishing
2004,130113,0.196926,Playing football
2004,130114,1.681472,Golfing
2004,130115,0.001689,Doing gymnastics
2004,130116,0.179791,Hiking
2004,130117,0.027966,Playing hockey
2004,130118,0.812889,Hunting
2004,130119,0.085739,Participating in martial arts
2004,130120,0.291529,Playing racquet sports
2004,130121,0.007469,Participating in rodeo competitions
2004,130122,0.154412,Rollerblading
2004,130123,0.013866,Playing rugby
2004,130124,0.596418,Running
2004,130125,0.194182,"Skiing, ice skating, snowboarding"
2004,130126,0.116447,Playing soccer
2004,130127,0.264338,Softball
2004,130128,0.959520,Using cardiovascular equipment
2004,130129,0.211088,Vehicle touring/racing
2004,130130,0.090265,Playing volleyball
2004,130131,2.413578,Walking
2004,130132,1.377562,Participating in water sports
2004,130133,1.127739,Weightlifting/strength training
2004,130134,1.080914,"Working out, unspecified"
2004,130135,0.005044,Wrestling
2004,130136,0.120317,Doing yoga
2004,130199,0.667324,Playing sports n.e.c.
2004,130202,0.408891,Watching baseball
2004,130203,0.300908,Watching basketball
2004,130204,0.025663,Watching biking
2004,130205,0.008204,Watching billiards
2004,130207,0.007126,Watching bowling
2004,130209,0.003657,Watching dancing
2004,130210,0.101454,Watching equestrian sports
2004,130212,0.012958,Watching fishing
2004,130213,0.233007,Watching football
2004,130214,0.066455,Watching golfing
2004,130216,0.049266,Watching hockey
2004,130218,0.004232,Watching racquet sports
2004,130219,0.007994,Watching rodeo competitions
2004,130220,0.000752,Watching rollerblading
2004,130222,0.020626,Watching running
2004,130223,0.019789,"Watching skiing, ice skating, snowboarding"
2004,130224,0.114049,Watching soccer
2004,130225,0.052087,Watching softball
2004,130226,0.145730,Watching vehicle touring/racing
2004,130227,0.023047,Watching volleyball
2004,130229,0.011820,Watching water sports
2004,130232,0.053918,Watching wrestling
2004,130299,0.215866,"Attending sporting events, n.e.c."
2004,130301,0.022860,Waiting related to playing sports or exercising
2004,130302,0.016645,Waiting related to attending sporting events
2004,139999,0.020752,"Sports, exercise, & recreation, n.e.c."
2004,140101,6.069433,Attending religious services
2004,140102,1.132797,Participation in religious practices
2004,140103,0.030856,Waiting associated w/religious & spiritual activities
2004,149999,0.004511,"Religious and spiritual activities, n.e.c."
2004,150101,0.466828,Computer use
2004,150102,0.953165,Organizing and preparing
2004,150103,0.102668,Reading
2004,150104,0.237590,Telephone calls (except hotline counseling)
2004,150105,0.117897,Writing
2004,150106,0.247775,Fundraising
2004,150199,0.331952,"Administrative & support activities, n.e.c."
2004,150201,0.586441,"Food preparation, presentation, clean-up"
2004,150202,0.045897,Collecting & delivering clothing & other goods
2004,150203,0.054731,Providing care
2004,150204,1.516324,"Teaching, leading, counseling, mentoring"
2004,150299,0.064946,"Social service & care activities, n.e.c."
2004,150302,0.530797,"Indoor & outdoor maintenance, repair, & clean-up"
2004,150399,0.055129,"Indoor & outdoor maintenance, building & clean-up activities, n.e.c."
2004,150401,0.306292,Performing
2004,150402,0.149281,Serving at volunteer events & cultural activities
2004,150499,0.010757,"Participating in performance & cultural activities, n.e.c."
2004,150501,1.111781,"Attending meetings, conferences, & training"
2004,150599,0.003512,"Attending meetings, conferences, & training, n.e.c."
2004,150601,0.150678,Public health activities
2004,150602,0.027513,Public safety activities
2004,159989,1.632814,"Volunteer activities, n.e.c."
2004,160101,2.118015,Telephone calls to/from family members
2004,160102,2.410648,"Telephone calls to/from friends, neighbors, or acquaintances"
2004,160103,0.006568,Telephone calls to/from education services providers
2004,160104,0.054131,Telephone calls to/from salespeople
2004,160105,0.176845,Telephone calls to/from professional or personal care svcs providers
2004,160106,0.070347,Telephone calls to/from household services providers
2004,160107,0.000227,Telephone calls to/from paid child or adult care providers
2004,160108,0.012044,Telephone calls to/from government officials
2004,169989,2.129040,"Telephone calls, n.e.c."
2004,180101,0.884698,Travel related to personal care
2004,180199,0.001661,"Travel related to personal care, n.e.c."
2004,180280,2.612109,Travel related to household activities
2004,180381,3.682925,Travel related to caring for and helping hh children
2004,180382,1.409378,Travel related to caring for and helping hh adults
2004,180399,0.003457,"Travel rel. to caring for & helping hh members, n.e.c."
2004,180481,1.173870,Travel related to caring for and helping nonhh children
2004,180482,3.771414,Travel related to caring for and helping nonhh adults
2004,180499,0.028997,"Travel rel. to caring for & helping nonhh members, n.e.c."
2004,180501,16.005185,Travel related to working
2004,180502,0.223923,Travel related to work-related activities
2004,180589,0.596010,"Travel related to work, n.e.c."
2004,180601,1.985004,Travel related to taking class
2004,180682,0.214973,Travel related to education (except taking class)
2004,180699,0.008406,"Travel related to education, n.e.c."
2004,180701,3.387836,Travel related to grocery shopping
2004,180782,11.386971,Travel related to shopping (except grocery shopping)
2004,180801,0.031360,Travel related to using childcare services
2004,180802,0.625387,Travel related to using financial services and banking
2004,180803,0.018327,Travel related to using legal services
2004,180804,1.186188,Travel related to using medical services
2004,180805,0.415412,Travel related to using personal care services
2004,180806,0.236985,Travel related to using real estate services
2004,180807,0.106396,Travel related to using veterinary services
2004,180899,0.024504,"Travel rel. to using prof. & personal care services, n.e.c."
2004,180901,0.080910,Travel related to using household services
2004,180902,0.013866,Travel related to using home main./repair/decor./construction svcs
2004,180903,0.033897,Travel related to using pet services (not vet)
2004,180905,0.331023,Travel related to using vehicle maintenance & repair services
2004,181002,0.063724,Travel related to civic obligations & participation
2004,181081,0.133975,Travel related to using government services
2004,181099,0.002231,"Travel rel. to govt svcs & civic obligations, n.e.c."
2004,181101,7.715446,Travel related to eating and drinking
2004,181201,5.936098,Travel related to socializing and communicating
2004,181202,0.993262,Travel related to attending or hosting social events
2004,181204,1.492383,Travel related to arts and entertainment
2004,181283,2.612847,Travel related to relaxing and leisure
2004,181299,0.001936,"Travel rel. to socializing, relaxing, & leisure, n.e.c."
2004,181301,2.180943,Travel related to participating in sports/exercise/recreation
2004,181302,0.389465,Travel related to attending sporting/recreational events
2004,181399,0.003310,"Travel related to sports, exercise, & recreation, n.e.c."
2004,181401,1.278017,Travel related to religious/spiritual practices
2004,181501,1.116257,Travel related to volunteering
2004,181599,0.002859,"Travel related to volunteer activities, n.e.c."
2004,181601,0.170336,Travel related to phone calls
2004,181801,0.062803,Security procedures related to traveling
2004,181899,0.003929,"Security procedures related to traveling, n.e.c."
2004,189999,1.414638,"Traveling, n.e.c."
2004,500101,2.813515,Insufficient detail in verbatim
2004,500103,0.241516,Missing travel or destination
2004,500104,0.176892,Recorded simultaneous activities incorrectly
2004,500105,0.216163,Respondent refused to provide information/none of your business
2004,500106,3.592544,Gap/can't remember
2004,500107,0.083537,Unable to code activity at 1st tier
2005,010101,513.793181,Sleeping
2005,010102,3.696190,Sleeplessness
2005,010199,0.009221,"Sleeping, n.e.c."
2005,010201,39.954471,"Washing, dressing and grooming oneself"
2005,010299,0.018924,"Grooming, n.e.c."
2005,010301,6.125803,Health-related self care
2005,010399,0.132823,"Self care, n.e.c."
2005,010401,0.965000,Personal/Private activities
2005,010501,0.008036,Personal emergencies
2005,020101,22.705045,Interior cleaning
2005,020102,10.708564,Laundry
2005,020103,2.034865,"Sewing, repairing, & maintaining textiles"
2005,020104,1.221133,"Storing interior hh items, inc. food"
2005,020199,0.006985,"Housework, n.e.c."
2005,020201,23.157858,Food and drink preparation
2005,020202,0.343605,Food presentation
2005,020203,7.244057,Kitchen and food clean-up
2005,020301,4.284052,"Interior arrangement, decoration, & repairs"
2005,020302,0.458390,Building and repairing furniture
2005,020303,0.539481,Heating and cooling
2005,020399,0.012352,"Interior maintenance, repair, & decoration, n.e.c."
2005,020401,1.898470,Exterior cleaning
2005,020402,2.363948,"Exterior repair, improvements, & decoration"
2005,020499,0.014316,"Exterior maintenance, repair & decoration, n.e.c."
2005,020501,11.840412,"Lawn, garden, and houseplant care"
2005,020502,0.229292,"Ponds, pools, and hot tubs"
2005,020599,0.001111,"Lawn and garden, n.e.c."
2005,020681,5.212344,Care for animals and pets (not veterinary care)
2005,020699,0.014177,"Pet and animal care, n.e.c."
2005,020701,2.611559,Vehicle repair and maintenance (by self)
2005,020799,0.017652,"Vehicles, n.e.c."
2005,020801,1.333160,"Appliance, tool, and toy set-up, repair, & maintenance (by self)"
2005,020901,2.203010,Financial management
2005,020902,6.410255,Household & personal organization and planning
2005,020903,1.692221,HH & personal mail & messages (except e-mail)
2005,020904,2.302718,HH & personal e-mail and messages
2005,020905,0.202886,Home security
2005,020999,0.007777,"Household management, n.e.c."
2005,029999,0.082392,"Household activities, n.e.c."
2005,030101,9.739922,Physical care for hh children
2005,030102,0.836633,Reading to/with hh children
2005,030103,4.981075,"Playing with hh children, not sports"
2005,030104,0.054566,Arts and crafts with hh children
2005,030105,0.318800,Playing sports with hh children
2005,030108,0.229004,Organization & planning for hh children
2005,030109,1.806731,Looking after hh children (as a primary activity)
2005,030110,1.431178,Attending hh children's events
2005,030111,0.422393,Waiting for/with hh children
2005,030112,1.135534,Picking up/dropping off hh children
2005,030186,1.198964,Talking with/listening to hh children
2005,030199,0.203409,"Caring for & helping hh children, n.e.c."
2005,030201,1.845667,Homework (hh children)
2005,030202,0.266236,Meetings and school conferences (hh children)
2005,030203,0.160048,Home schooling of hh children
2005,030204,0.001276,Waiting associated with hh children's education
2005,030299,0.015576,"Activities related to hh child's education, n.e.c."
2005,030301,0.306420,Providing medical care to hh children
2005,030302,0.225446,Obtaining medical care for hh children
2005,030303,0.138892,Waiting associated with hh children's health
2005,030399,0.030320,"Activities related to hh child's health, n.e.c."
2005,030401,0.510531,Physical care for hh adults
2005,030402,0.034264,Looking after hh adult (as a primary activity)
2005,030403,0.092890,Providing medical care to hh adult
2005,030404,0.156698,Obtaining medical and care services for hh adult
2005,030405,0.205867,Waiting associated with caring for household adults
2005,030499,0.042813,"Caring for household adults, n.e.c."
2005,030501,0.127939,Helping hh adults
2005,030502,0.180603,Organization & planning for hh adults
2005,030503,0.242388,Picking up/dropping off hh adult
2005,030504,0.174821,Waiting associated with helping hh adults
2005,030599,0.123269,"Helping household adults, n.e.c."
2005,039999,0.002614,"Caring for & helping hh members, n.e.c."
2005,040101,0.581788,Physical care for nonhh children
2005,040102,0.050408,Reading to/with nonhh children
2005,040103,1.779811,"Playing with nonhh children, not sports"
2005,040104,0.020102,Arts and crafts with nonhh children
2005,040105,0.069258,Playing sports with nonhh children
2005,040108,0.048549,Organization & planning for nonhh children
2005,040109,1.128505,Looking after nonhh children (as primary activity)
2005,040110,0.391332,Attending nonhh children's events
2005,040111,0.089675,Waiting for/with nonhh children
2005,040112,0.233907,Dropping off/picking up nonhh children
2005,040186,0.248148,Talking with/listening to nonhh children
2005,040199,0.111559,"Caring for and helping nonhh children, n.e.c."
2005,040201,0.106696,Homework (nonhh children)
2005,040202,0.030659,Meetings and school conferences (nonhh children)
2005,040301,0.003366,Providing medical care to nonhh children
2005,040302,0.027427,Obtaining medical care for nonhh children
2005,040303,0.028051,Waiting associated with nonhh children's health
2005,040399,0.006639,"Activities related to nonhh child's health, n.e.c."
2005,040401,0.436016,Physical care for nonhh adults
2005,040402,0.074803,Looking after nonhh adult (as a primary activity)
2005,040403,0.052373,Providing medical care to nonhh adult
2005,040404,0.089143,Obtaining medical and care services for nonhh adult
2005,040405,0.141567,Waiting associated with caring for nonhh adults
2005,040501,0.632698,"Housework, cooking, & shopping assistance for nonhh adults"
2005,040502,1.243111,House & lawn maintenance & repair assistance for nonhh adults
2005,040503,0.085337,Animal & pet care assistance for nonhh adults
2005,040504,0.296640,Vehicle & appliance maintenance/repair assistance for nonhh adults
2005,040505,0.064431,Financial management assistance for nonhh adults
2005,040506,0.492089,Household management & paperwork assistance for nonhh adults
2005,040507,0.502459,Picking up/dropping off nonhh adult
2005,040508,0.242150,Waiting associated with helping nonhh adults
2005,040599,0.472994,"Helping nonhh adults, n.e.c."
2005,049999,0.031601,"Caring for & helping nonhh members, n.e.c."
2005,050101,196.017472,"Work, main job"
2005,050102,5.205286,"Work, other job(s)"
2005,050103,0.013715,Security procedures related to work
2005,050189,0.147663,"Working, n.e.c."
2005,050201,0.157819,"Socializing, relaxing, and leisure as part of job"
2005,050202,0.344627,Eating and drinking as part of job
2005,050203,0.013982,Sports and exercise as part of job
2005,050289,0.035661,"Work-related activities, n.e.c."
2005,050301,0.079344,"Income-generating hobbies, crafts, and food"
2005,050302,0.036044,Income-generating performances
2005,050303,0.664974,Income-generating services
2005,050304,0.073552,Income-generating rental property activities
2005,050389,0.516980,"Other income-generating activities, n.e.c."
2005,050403,0.102627,Job interviewing
2005,050404,0.027131,Waiting associated with job search or interview
2005,050481,0.859691,Job search activities
2005,050499,0.049592,"Job search and Interviewing, n.e.c."
2005,059999,0.042441,"Work and work-related activities, n.e.c."
2005,060101,13.806126,"Taking class for degree, certification, or licensure"
2005,060102,1.392576,Taking class for personal interest
2005,060103,0.079907,Waiting associated with taking classes
2005,060199,0.161009,"Taking class, n.e.c."
2005,060201,0.023199,Extracurricular club activities
2005,060202,0.098469,Extracurricular music & performance activities
2005,060203,0.016301,Extracurricular student government activities
2005,060289,0.004290,"Education-related extracurricular activities, n.e.c."
2005,060301,8.119682,"Research/homework for class for degree, certification, or licensure"
2005,060302,0.238591,Research/homework for class for pers. interest
2005,060303,0.002075,Waiting associated with research/homework
2005,060399,0.064908,Research/homework n.e.c.
2005,060401,0.089621,"Administrative activities: class for degree, certification, or licensure"
2005,060402,0.001012,Administrative activities: class for personal interest
2005,060499,0.030969,"Administrative for education, n.e.c."
2005,069999,0.156005,"Education, n.e.c."
2005,070101,6.353454,Grocery shopping
2005,070102,0.384120,Purchasing gas
2005,070103,1.118014,Purchasing food (not groceries)
2005,070104,16.403627,"Shopping, except groceries, food and gas"
2005,070105,0.127302,Waiting associated with shopping
2005,070199,0.000873,"Shopping, n.e.c."
2005,070201,0.055406,Comparison shopping
2005,070299,0.000832,"Researching purchases, n.e.c."
2005,080101,0.020232,Using paid childcare services
2005,080102,0.001158,Waiting associated w/purchasing childcare svcs
2005,080199,0.000316,"Using paid childcare services, n.e.c."
2005,080201,0.457616,Banking
2005,080202,0.075781,Using other financial services
2005,080203,0.015053,Waiting associated w/banking/financial services
2005,080299,0.000209,"Using financial services and banking, n.e.c."
2005,080301,0.046407,Using legal services
2005,080302,0.005988,Waiting associated with legal services
2005,080401,2.302050,Using health and care services outside the home
2005,080402,0.005047,Using in-home health and care services
2005,080403,0.542655,Waiting associated with medical services
2005,080499,0.003652,"Using medical services, n.e.c."
2005,080501,1.008301,Using personal care services
2005,080502,0.055851,Waiting associated w/personal care services
2005,080601,0.324725,Activities rel. to purchasing/selling real estate
2005,080701,0.055240,Using veterinary services
2005,080702,0.013242,Waiting associated with veterinary services
2005,080799,0.003720,"Using veterinary services, n.e.c."
2005,089999,0.070953,"Professional and personal services, n.e.c."
2005,090101,0.022019,Using interior cleaning services
2005,090103,0.046789,Using clothing repair and cleaning services
2005,090104,0.150725,Waiting associated with using household services
2005,090199,0.004658,"Using household services, n.e.c."
2005,090201,0.228309,Using home maint/repair/decor/construction svcs
2005,090202,0.063861,Waiting associated w/ home main/repair/decor/constr
2005,090301,0.026605,Using pet services
2005,090302,0.018018,Waiting associated with pet services
2005,090399,0.001075,"Using pet services, n.e.c."
2005,090401,0.021203,Using lawn and garden services
2005,090402,0.001963,Waiting associated with using lawn & garden services
2005,090501,0.166975,Using vehicle maintenance or repair services
2005,090502,0.152434,Waiting associated with vehicle main. or repair svcs
2005,090599,0.019429,"Using vehicle maint. & repair svcs, n.e.c."
2005,099999,0.032356,"Using household services, n.e.c."
2005,100101,0.013221,Using police and fire services
2005,100102,0.151163,Using social services
2005,100103,0.069388,"Obtaining licenses & paying fines, fees, taxes"
2005,100199,0.005386,"Using government services, n.e.c."
2005,100201,0.192781,Civic obligations & participation
2005,100299,0.002845,"Civic obligations & participation, n.e.c."
2005,100381,0.020995,Waiting associated w/ using government services
2005,100383,0.034888,Waiting associated w/civic obligations & participation
2005,100399,0.027249,"Waiting assoc. w/govt svcs or civic obligations, n.e.c."
2005,100401,0.000553,Security procedures rel. to govt svcs/civic obligations
2005,109999,0.000195,"Government services, n.e.c."
2005,110101,66.981533,Eating and drinking
2005,110281,0.166793,Waiting associated w/eating & drinking
2005,110289,0.000772,"Waiting associated with eating & drinking, n.e.c."
2005,120101,39.662602,Socializing and communicating with others
2005,120201,4.258632,Attending or hosting parties/receptions/ceremonies
2005,120202,0.857733,Attending meetings for personal interest (not volunteering)
2005,120299,0.037575,"Attending/hosting social events, n.e.c."
2005,120301,19.758588,"Relaxing, thinking"
2005,120302,0.625617,Tobacco and drug use
2005,120303,154.450366,Television and movies (not religious)
2005,120304,0.223566,Television (religious)
2005,120305,1.593506,Listening to the radio
2005,120306,2.028093,Listening to/playing music (not radio)
2005,120307,10.939477,Playing games
2005,120308,8.652262,Computer use for leisure (exc. Games)
2005,120309,1.559490,Arts and crafts as a hobby
2005,120310,0.056226,Collecting as a hobby
2005,120311,0.357713,"Hobbies, except arts & crafts and collecting"
2005,120312,22.515359,Reading for personal interest
2005,120313,0.171585,Writing for personal interest
2005,120399,0.095334,"Relaxing and leisure, n.e.c."
2005,120401,0.999259,Attending performing arts
2005,120402,0.247401,Attending museums
2005,120403,1.824581,Attending movies/film
2005,120404,0.967951,Attending gambling establishments
2005,120499,1.513909,"Arts and entertainment, n.e.c."
2005,120501,0.027237,Waiting assoc. w/socializing & communicating
2005,120502,0.010996,Waiting assoc. w/attending/hosting social events
2005,120503,0.002013,Waiting associated with relaxing/leisure
2005,120504,0.063304,Waiting associated with arts & entertainment
2005,129999,0.029561,"Socializing, relaxing, and leisure, n.e.c."
2005,130101,0.212961,Doing aerobics
2005,130102,0.075001,Playing baseball
2005,130103,1.122179,Playing basketball
2005,130104,0.396419,Biking
2005,130105,0.401086,Playing billiards
2005,130106,0.331114,Boating
2005,130107,0.331194,Bowling
2005,130108,0.033635,"Climbing, spelunking, caving"
2005,130109,0.328845,Dancing
2005,130110,0.122448,Participating in equestrian sports
2005,130111,0.010006,Fencing
2005,130112,1.494838,Fishing
2005,130113,0.307573,Playing football
2005,130114,1.128380,Golfing
2005,130116,0.304105,Hiking
2005,130117,0.009056,Playing hockey
2005,130118,0.754634,Hunting
2005,130119,0.109615,Participating in martial arts
2005,130120,0.400607,Playing racquet sports
2005,130122,0.108066,Rollerblading
2005,130123,0.007574,Playing rugby
2005,130124,0.645275,Running
2005,130125,0.172519,"Skiing, ice skating, snowboarding"
2005,130126,0.287996,Playing soccer
2005,130127,0.187291,Softball
2005,130128,0.869914,Using cardiovascular equipment
2005,130129,0.186228,Vehicle touring/racing
2005,130130,0.251398,Playing volleyball
2005,130131,2.644516,Walking
2005,130132,1.379252,Participating in water sports
2005,130133,1.098185,Weightlifting/strength training
2005,130134,1.041076,"Working out, unspecified"
2005,130135,0.049232,Wrestling
2005,130136,0.136930,Doing yoga
2005,130199,0.414932,Playing sports n.e.c.
2005,130202,0.368284,Watching baseball
2005,130203,0.475947,Watching basketball
2005,130204,0.000108,Watching biking
2005,130206,0.009464,Watching boating
2005,130207,0.092479,Watching bowling
2005,130209,0.003914,Watching dancing
2005,130210,0.031556,Watching equestrian sports
2005,130213,0.369145,Watching football
2005,130214,0.002024,Watching golfing
2005,130216,0.036947,Watching hockey
2005,130218,0.061570,Watching racquet sports
2005,130219,0.043981,Watching rodeo competitions
2005,130220,0.002164,Watching rollerblading
2005,130221,0.006665,Watching rugby
2005,130222,0.018170,Watching running
2005,130224,0.137797,Watching soccer
2005,130225,0.039995,Watching softball
2005,130226,0.123247,Watching vehicle touring/racing
2005,130227,0.019210,Watching volleyball
2005,130229,0.009209,Watching water sports
2005,130232,0.045409,Watching wrestling
2005,130299,0.050698,"Attending sporting events, n.e.c."
2005,130301,0.030356,Waiting related to playing sports or exercising
2005,130302,0.016723,Waiting related to attending sporting events
2005,130401,0.005856,Security related to playing sports or exercising
2005,139999,0.023109,"Sports, exercise, & recreation, n.e.c."
2005,140101,6.481399,Attending religious services
2005,140102,0.998393,Participation in religious practices
2005,140103,0.046603,Waiting associated w/religious & spiritual activities
2005,140104,0.000047,Security procedures rel. to religious & spiritual activities
2005,149999,0.007324,"Religious and spiritual activities, n.e.c."
2005,150101,0.647378,Computer use
2005,150102,0.683430,Organizing and preparing
2005,150103,0.077691,Reading
2005,150104,0.313712,Telephone calls (except hotline counseling)
2005,150105,0.074845,Writing
2005,150106,0.243883,Fundraising
2005,150199,0.304281,"Administrative & support activities, n.e.c."
2005,150201,0.515406,"Food preparation, presentation, clean-up"
2005,150202,0.070872,Collecting & delivering clothing & other goods
2005,150203,0.152204,Providing care
2005,150204,1.187759,"Teaching, leading, counseling, mentoring"
2005,150299,0.104649,"Social service & care activities, n.e.c."
2005,150301,0.020830,"Building houses, wildlife sites, & other structures"
2005,150302,0.348694,"Indoor & outdoor maintenance, repair, & clean-up"
2005,150399,0.009408,"Indoor & outdoor maintenance, building & clean-up activities, n.e.c."
2005,150401,0.677381,Performing
2005,150402,0.160812,Serving at volunteer events & cultural activities
2005,150499,0.067678,"Participating in performance & cultural activities, n.e.c."
2005,150501,0.988832,"Attending meetings, conferences, & training"
2005,150599,0.065195,"Attending meetings, conferences, & training, n.e.c."
2005,150601,0.088220,Public health activities
2005,150602,0.020398,Public safety activities
2005,159989,1.653929,"Volunteer activities, n.e.c."
2005,160101,1.943045,Telephone calls to/from family members
2005,160102,1.854396,"Telephone calls to/from friends, neighbors, or acquaintances"
2005,160103,0.012465,Telephone calls to/from education services providers
2005,160104,0.062017,Telephone calls to/from salespeople
2005,160105,0.127768,Telephone calls to/from professional or personal care svcs providers
2005,160106,0.048595,Telephone calls to/from household services providers
2005,160107,0.010571,Telephone calls to/from paid child or adult care providers
2005,160108,0.020393,Telephone calls to/from government officials
2005,169989,2.447463,"Telephone calls, n.e.c."
2005,180101,0.938569,Travel related to personal care
2005,180199,0.003598,"Travel related to personal care, n.e.c."
2005,180280,2.570869,Travel related to household activities
2005,180381,3.951311,Travel related to caring for and helping hh children
2005,180382,1.319634,Travel related to caring for and helping hh adults
2005,180481,1.196400,Travel related to caring for and helping nonhh children
2005,180482,3.095999,Travel related to caring for and helping nonhh adults
2005,180501,16.969083,Travel related to working
2005,180502,0.091863,Travel related to work-related activities
2005,180589,0.416318,"Travel related to work, n.e.c."
2005,180601,1.493220,Travel related to taking class
2005,180682,0.242041,Travel related to education (except taking class)
2005,180699,0.051433,"Travel related to education, n.e.c."
2005,180701,3.314892,Travel related to grocery shopping
2005,180782,11.210970,Travel related to shopping (except grocery shopping)
2005,180801,0.014882,Travel related to using childcare services
2005,180802,0.544125,Travel related to using financial services and banking
2005,180803,0.021573,Travel related to using legal services
2005,180804,1.043865,Travel related to using medical services
2005,180805,0.345279,Travel related to using personal care services
2005,180806,0.178396,Travel related to using real estate services
2005,180807,0.054525,Travel related to using veterinary services
2005,180899,0.013508,"Travel rel. to using prof. & personal care services, n.e.c."
2005,180901,0.080524,Travel related to using household services
2005,180902,0.028496,Travel related to using home main./repair/decor./construction svcs
2005,180903,0.029013,Travel related to using pet services (not vet)
2005,180904,0.002113,Travel related to using lawn and garden services
2005,180905,0.278535,Travel related to using vehicle maintenance & repair services
2005,180999,0.006263,"Travel related to using household services, n.e.c."
2005,181002,0.043839,Travel related to civic obligations & participation
2005,181081,0.126943,Travel related to using government services
2005,181099,0.000221,"Travel rel. to govt svcs & civic obligations, n.e.c."
2005,181101,7.468425,Travel related to eating and drinking
2005,181201,6.360232,Travel related to socializing and communicating
2005,181202,0.846376,Travel related to attending or hosting social events
2005,181204,1.027361,Travel related to arts and entertainment
2005,181283,4.056381,Travel related to relaxing and leisure
2005,181299,0.102442,"Travel rel. to socializing, relaxing, & leisure, n.e.c."
2005,181301,2.130713,Travel related to participating in sports/exercise/recreation
2005,181302,0.432030,Travel related to attending sporting/recreational events
2005,181399,0.008620,"Travel related to sports, exercise, & recreation, n.e.c."
2005,181401,1.249258,Travel related to religious/spiritual practices
2005,181499,0.001047,"Travel rel. to religious/spiritual activities, n.e.c."
2005,181501,1.180712,Travel related to volunteering
2005,181599,0.017133,"Travel related to volunteer activities, n.e.c."
2005,181601,0.149664,Travel related to phone calls
2005,181801,0.015290,Security procedures related to traveling
2005,181899,0.012116,"Security procedures related to traveling, n.e.c."
2005,189999,0.812192,"Traveling, n.e.c."
2005,500101,4.323548,Insufficient detail in verbatim
2005,500103,0.239967,Missing travel or destination
2005,500104,0.334936,Recorded simultaneous activities incorrectly
2005,500105,0.196494,Respondent refused to provide information/none of your business
2005,500106,4.143147,Gap/can't remember
2005,500107,0.104451,Unable to code activity at 1st tier
2006,010101,513.472085,Sleeping
2006,010102,4.147758,Sleeplessness
2006,010201,39.967391,"Washing, dressing and grooming oneself"
2006,010299,0.026904,"Grooming, n.e.c."
2006,010301,5.423174,Health-related self care
2006,010399,0.099669,"Self care, n.e.c."
2006,010401,0.550081,Personal/Private activities
2006,010499,0.004163,"Personal activities, n.e.c."
2006,020101,22.768695,Interior cleaning
2006,020102,10.868189,Laundry
2006,020103,1.896720,"Sewing, repairing, & maintaining textiles"
2006,020104,1.018772,"Storing interior hh items, inc. food"
2006,020199,0.011877,"Housework, n.e.c."
2006,020201,23.846134,Food and drink preparation
2006,020202,0.287596,Food presentation
2006,020203,7.575086,Kitchen and food clean-up
2006,020299,0.000411,"Food & drink prep, presentation, & clean-up, n.e.c."
2006,020301,3.833312,"Interior arrangement, decoration, & repairs"
2006,020302,0.503033,Building and repairing furniture
2006,020303,0.504873,Heating and cooling
2006,020399,0.014153,"Interior maintenance, repair, & decoration, n.e.c."
2006,020401,1.534906,Exterior cleaning
2006,020402,1.548468,"Exterior repair, improvements, & decoration"
2006,020499,0.067520,"Exterior maintenance, repair & decoration, n.e.c."
2006,020501,11.620425,"Lawn, garden, and houseplant care"
2006,020502,0.232208,"Ponds, pools, and hot tubs"
2006,020599,0.003609,"Lawn and garden, n.e.c."
2006,020681,5.179690,Care for animals and pets (not veterinary care)
2006,020701,2.873725,Vehicle repair and maintenance (by self)
2006,020799,0.008041,"Vehicles, n.e.c."
2006,020801,1.179634,"Appliance, tool, and toy set-up, repair, & maintenance (by self)"
2006,020899,0.000834,"Appliances and tools, n.e.c."
2006,020901,1.790575,Financial management
2006,020902,5.630332,Household & personal organization and planning
2006,020903,1.364209,HH & personal mail & messages (except e-mail)
2006,020904,2.879079,HH & personal e-mail and messages
2006,020905,0.147155,Home security
2006,020999,0.010045,"Household management, n.e.c."
2006,029999,0.125756,"Household activities, n.e.c."
2006,030101,9.325402,Physical care for hh children
2006,030102,0.820984,Reading to/with hh children
2006,030103,5.632169,"Playing with hh children, not sports"
2006,030104,0.049489,Arts and crafts with hh children
2006,030105,0.253744,Playing sports with hh children
2006,030108,0.190510,Organization & planning for hh children
2006,030109,1.420650,Looking after hh children (as a primary activity)
2006,030110,1.185313,Attending hh children's events
2006,030111,0.381740,Waiting for/with hh children
2006,030112,1.107007,Picking up/dropping off hh children
2006,030186,1.280256,Talking with/listening to hh children
2006,030199,0.076560,"Caring for & helping hh children, n.e.c."
2006,030201,1.698751,Homework (hh children)
2006,030202,0.218271,Meetings and school conferences (hh children)
2006,030203,0.187579,Home schooling of hh children
2006,030204,0.005061,Waiting associated with hh children's education
2006,030299,0.046246,"Activities related to hh child's education, n.e.c."
2006,030301,0.294167,Providing medical care to hh children
2006,030302,0.247902,Obtaining medical care for hh children
2006,030303,0.161400,Waiting associated with hh children's health
2006,030399,0.040188,"Activities related to hh child's health, n.e.c."
2006,030401,0.782750,Physical care for hh adults
2006,030402,0.117897,Looking after hh adult (as a primary activity)
2006,030403,0.153204,Providing medical care to hh adult
2006,030404,0.315899,Obtaining medical and care services for hh adult
2006,030405,0.208459,Waiting associated with caring for household adults
2006,030499,0.002269,"Caring for household adults, n.e.c."
2006,030501,0.309513,Helping hh adults
2006,030502,0.063284,Organization & planning for hh adults
2006,030503,0.194438,Picking up/dropping off hh adult
2006,030504,0.146449,Waiting associated with helping hh adults
2006,030599,0.010194,"Helping household adults, n.e.c."
2006,039999,0.002536,"Caring for & helping hh members, n.e.c."
2006,040101,0.711943,Physical care for nonhh children
2006,040102,0.031648,Reading to/with nonhh children
2006,040103,1.697556,"Playing with nonhh children, not sports"
2006,040104,0.010333,Arts and crafts with nonhh children
2006,040105,0.039990,Playing sports with nonhh children
2006,040108,0.025789,Organization & planning for nonhh children
2006,040109,0.703684,Looking after nonhh children (as primary activity)
2006,040110,0.382619,Attending nonhh children's events
2006,040111,0.050301,Waiting for/with nonhh children
2006,040112,0.244971,Dropping off/picking up nonhh children
2006,040186,0.281053,Talking with/listening to nonhh children
2006,040199,0.145009,"Caring for and helping nonhh children, n.e.c."
2006,040201,0.119292,Homework (nonhh children)
2006,040202,0.002398,Meetings and school conferences (nonhh children)
2006,040203,0.002705,Home schooling of nonhh children
2006,040301,0.012329,Providing medical care to nonhh children
2006,040302,0.017761,Obtaining medical care for nonhh children
2006,040303,0.013962,Waiting associated with nonhh children's health
2006,040399,0.007899,"Activities related to nonhh child's health, n.e.c."
2006,040401,0.321181,Physical care for nonhh adults
2006,040402,0.018333,Looking after nonhh adult (as a primary activity)
2006,040403,0.036002,Providing medical care to nonhh adult
2006,040404,0.112987,Obtaining medical and care services for nonhh adult
2006,040405,0.163230,Waiting associated with caring for nonhh adults
2006,040499,0.000326,"Caring for nonhh adults, n.e.c."
2006,040501,0.767432,"Housework, cooking, & shopping assistance for nonhh adults"
2006,040502,1.185883,House & lawn maintenance & repair assistance for nonhh adults
2006,040503,0.223741,Animal & pet care assistance for nonhh adults
2006,040504,0.176399,Vehicle & appliance maintenance/repair assistance for nonhh adults
2006,040505,0.049355,Financial management assistance for nonhh adults
2006,040506,0.379569,Household management & paperwork assistance for nonhh adults
2006,040507,0.459148,Picking up/dropping off nonhh adult
2006,040508,0.146332,Waiting associated with helping nonhh adults
2006,040599,0.443645,"Helping nonhh adults, n.e.c."
2006,049999,0.003058,"Caring for & helping nonhh members, n.e.c."
2006,050101,198.152981,"Work, main job"
2006,050102,5.627040,"Work, other job(s)"
2006,050103,0.006580,Security procedures related to work
2006,050189,0.275218,"Working, n.e.c."
2006,050201,0.025542,"Socializing, relaxing, and leisure as part of job"
2006,050202,0.304076,Eating and drinking as part of job
2006,050203,0.005574,Sports and exercise as part of job
2006,050204,0.001406,Security procedures as part of job
2006,050289,0.015485,"Work-related activities, n.e.c."
2006,050301,0.166650,"Income-generating hobbies, crafts, and food"
2006,050302,0.001956,Income-generating performances
2006,050303,0.460537,Income-generating services
2006,050304,0.137436,Income-generating rental property activities
2006,050389,0.669256,"Other income-generating activities, n.e.c."
2006,050403,0.138271,Job interviewing
2006,050404,0.026991,Waiting associated with job search or interview
2006,050481,1.206947,Job search activities
2006,059999,0.003865,"Work and work-related activities, n.e.c."
2006,060101,16.549885,"Taking class for degree, certification, or licensure"
2006,060102,1.572839,Taking class for personal interest
2006,060103,0.091629,Waiting associated with taking classes
2006,060199,0.068618,"Taking class, n.e.c."
2006,060201,0.038962,Extracurricular club activities
2006,060202,0.114183,Extracurricular music & performance activities
2006,060289,0.009043,"Education-related extracurricular activities, n.e.c."
2006,060301,8.210618,"Research/homework for class for degree, certification, or licensure"
2006,060302,0.500808,Research/homework for class for pers. interest
2006,060399,0.033001,Research/homework n.e.c.
2006,060401,0.059652,"Administrative activities: class for degree, certification, or licensure"
2006,060403,0.001582,Waiting associated w/admin. activities (education)
2006,060499,0.021606,"Administrative for education, n.e.c."
2006,069999,0.119063,"Education, n.e.c."
2006,070101,6.034380,Grocery shopping
2006,070102,0.362797,Purchasing gas
2006,070103,1.135352,Purchasing food (not groceries)
2006,070104,16.579002,"Shopping, except groceries, food and gas"
2006,070105,0.091414,Waiting associated with shopping
2006,070199,0.000801,"Shopping, n.e.c."
2006,070201,0.044974,Comparison shopping
2006,070301,0.000223,Security procedures rel. to consumer purchases
2006,080101,0.042616,Using paid childcare services
2006,080201,0.298146,Banking
2006,080202,0.130912,Using other financial services
2006,080203,0.003274,Waiting associated w/banking/financial services
2006,080299,0.000318,"Using financial services and banking, n.e.c."
2006,080301,0.098330,Using legal services
2006,080302,0.002870,Waiting associated with legal services
2006,080401,2.432753,Using health and care services outside the home
2006,080402,0.019084,Using in-home health and care services
2006,080403,0.465115,Waiting associated with medical services
2006,080499,0.016509,"Using medical services, n.e.c."
2006,080501,1.061431,Using personal care services
2006,080502,0.036759,Waiting associated w/personal care services
2006,080599,0.002746,"Using personal care services, n.e.c."
2006,080601,0.352428,Activities rel. to purchasing/selling real estate
2006,080699,0.000771,"Using real estate services, n.e.c."
2006,080701,0.101950,Using veterinary services
2006,080702,0.015351,Waiting associated with veterinary services
2006,089999,0.094721,"Professional and personal services, n.e.c."
2006,090101,0.010042,Using interior cleaning services
2006,090102,0.010906,Using meal preparation services
2006,090103,0.032082,Using clothing repair and cleaning services
2006,090104,0.008867,Waiting associated with using household services
2006,090199,0.001378,"Using household services, n.e.c."
2006,090201,0.296949,Using home maint/repair/decor/construction svcs
2006,090202,0.250567,Waiting associated w/ home main/repair/decor/constr
2006,090299,0.002309,"Using home maint/repair/decor/constr services, n.e.c."
2006,090301,0.018007,Using pet services
2006,090302,0.001983,Waiting associated with pet services
2006,090401,0.004748,Using lawn and garden services
2006,090402,0.009231,Waiting associated with using lawn & garden services
2006,090501,0.273419,Using vehicle maintenance or repair services
2006,090502,0.158699,Waiting associated with vehicle main. or repair svcs
2006,099999,0.001350,"Using household services, n.e.c."
2006,100101,0.016235,Using police and fire services
2006,100102,0.211766,Using social services
2006,100103,0.132518,"Obtaining licenses & paying fines, fees, taxes"
2006,100199,0.017296,"Using government services, n.e.c."
2006,100201,0.183073,Civic obligations & participation
2006,100299,0.027353,"Civic obligations & participation, n.e.c."
2006,100381,0.025929,Waiting associated w/ using government services
2006,100383,0.002613,Waiting associated w/civic obligations & participation
2006,100399,0.008090,"Waiting assoc. w/govt svcs or civic obligations, n.e.c."
2006,109999,0.001083,"Government services, n.e.c."
2006,110101,66.596012,Eating and drinking
2006,110281,0.193981,Waiting associated w/eating & drinking
2006,110289,0.000147,"Waiting associated with eating & drinking, n.e.c."
2006,120101,40.061073,Socializing and communicating with others
2006,120201,4.300252,Attending or hosting parties/receptions/ceremonies
2006,120202,0.896959,Attending meetings for personal interest (not volunteering)
2006,120299,0.010124,"Attending/hosting social events, n.e.c."
2006,120301,18.352154,"Relaxing, thinking"
2006,120302,0.531473,Tobacco and drug use
2006,120303,154.339779,Television and movies (not religious)
2006,120304,0.172427,Television (religious)
2006,120305,1.441592,Listening to the radio
2006,120306,2.328824,Listening to/playing music (not radio)
2006,120307,10.920672,Playing games
2006,120308,8.536417,Computer use for leisure (exc. Games)
2006,120309,1.762607,Arts and crafts as a hobby
2006,120310,0.007418,Collecting as a hobby
2006,120311,0.230324,"Hobbies, except arts & crafts and collecting"
2006,120312,21.847065,Reading for personal interest
2006,120313,0.292920,Writing for personal interest
2006,120399,0.204303,"Relaxing and leisure, n.e.c."
2006,120401,1.183903,Attending performing arts
2006,120402,0.194557,Attending museums
2006,120403,1.964799,Attending movies/film
2006,120404,0.677000,Attending gambling establishments
2006,120499,1.371567,"Arts and entertainment, n.e.c."
2006,120501,0.033839,Waiting assoc. w/socializing & communicating
2006,120502,0.009782,Waiting assoc. w/attending/hosting social events
2006,120503,0.002707,Waiting associated with relaxing/leisure
2006,120504,0.042694,Waiting associated with arts & entertainment
2006,120599,0.000477,"Waiting associated with socializing, n.e.c."
2006,129999,0.007976,"Socializing, relaxing, and leisure, n.e.c."
2006,130101,0.152250,Doing aerobics
2006,130102,0.135600,Playing baseball
2006,130103,0.906558,Playing basketball
2006,130104,0.477259,Biking
2006,130105,0.553963,Playing billiards
2006,130106,0.453372,Boating
2006,130107,0.521609,Bowling
2006,130108,0.001450,"Climbing, spelunking, caving"
2006,130109,0.340442,Dancing
2006,130110,0.028724,Participating in equestrian sports
2006,130112,0.825847,Fishing
2006,130113,0.631609,Playing football
2006,130114,1.114950,Golfing
2006,130115,0.005902,Doing gymnastics
2006,130116,0.132853,Hiking
2006,130117,0.024013,Playing hockey
2006,130118,0.728793,Hunting
2006,130119,0.049751,Participating in martial arts
2006,130120,0.253092,Playing racquet sports
2006,130121,0.010368,Participating in rodeo competitions
2006,130122,0.099587,Rollerblading
2006,130124,0.509077,Running
2006,130125,0.098363,"Skiing, ice skating, snowboarding"
2006,130126,0.427486,Playing soccer
2006,130127,0.143075,Softball
2006,130128,0.772688,Using cardiovascular equipment
2006,130129,0.197406,Vehicle touring/racing
2006,130130,0.220240,Playing volleyball
2006,130131,2.334645,Walking
2006,130132,1.405702,Participating in water sports
2006,130133,1.085337,Weightlifting/strength training
2006,130134,1.296158,"Working out, unspecified"
2006,130135,0.058992,Wrestling
2006,130136,0.113890,Doing yoga
2006,130199,0.662747,Playing sports n.e.c.
2006,130202,0.553288,Watching baseball
2006,130203,0.328493,Watching basketball
2006,130204,0.010785,Watching biking
2006,130207,0.017174,Watching bowling
2006,130209,0.014894,Watching dancing
2006,130212,0.017066,Watching fishing
2006,130213,0.401311,Watching football
2006,130214,0.035399,Watching golfing
2006,130215,0.007752,Watching gymnastics
2006,130216,0.055319,Watching hockey
2006,130217,0.000406,Watching martial arts
2006,130218,0.036512,Watching racquet sports
2006,130220,0.008051,Watching rollerblading
2006,130222,0.019949,Watching running
2006,130223,0.006594,"Watching skiing, ice skating, snowboarding"
2006,130224,0.069348,Watching soccer
2006,130225,0.048574,Watching softball
2006,130226,0.222520,Watching vehicle touring/racing
2006,130227,0.038315,Watching volleyball
2006,130229,0.076062,Watching water sports
2006,130232,0.031978,Watching wrestling
2006,130299,0.072212,"Attending sporting events, n.e.c."
2006,130301,0.049718,Waiting related to playing sports or exercising
2006,130302,0.017544,Waiting related to attending sporting events
2006,139999,0.017471,"Sports, exercise, & recreation, n.e.c."
2006,140101,6.309947,Attending religious services
2006,140102,0.903725,Participation in religious practices
2006,140103,0.022145,Waiting associated w/religious & spiritual activities
2006,149999,0.006222,"Religious and spiritual activities, n.e.c."
2006,150101,0.587513,Computer use
2006,150102,0.497031,Organizing and preparing
2006,150103,0.066233,Reading
2006,150104,0.140735,Telephone calls (except hotline counseling)
2006,150105,0.099935,Writing
2006,150106,0.252054,Fundraising
2006,150199,0.228888,"Administrative & support activities, n.e.c."
2006,150201,0.442851,"Food preparation, presentation, clean-up"
2006,150202,0.057530,Collecting & delivering clothing & other goods
2006,150203,0.180690,Providing care
2006,150204,0.809475,"Teaching, leading, counseling, mentoring"
2006,150299,0.128192,"Social service & care activities, n.e.c."
2006,150301,0.021441,"Building houses, wildlife sites, & other structures"
2006,150302,0.373787,"Indoor & outdoor maintenance, repair, & clean-up"
2006,150399,0.119520,"Indoor & outdoor maintenance, building & clean-up activities, n.e.c."
2006,150401,0.399957,Performing
2006,150402,0.188154,Serving at volunteer events & cultural activities
2006,150499,0.036426,"Participating in performance & cultural activities, n.e.c."
2006,150501,0.943396,"Attending meetings, conferences, & training"
2006,150599,0.018887,"Attending meetings, conferences, & training, n.e.c."
2006,150601,0.025900,Public health activities
2006,150602,0.049587,Public safety activities
2006,150699,0.005673,"Public health & safety activities, n.e.c."
2006,159989,2.108033,"Volunteer activities, n.e.c."
2006,160101,2.169993,Telephone calls to/from family members
2006,160102,2.390481,"Telephone calls to/from friends, neighbors, or acquaintances"
2006,160103,0.004424,Telephone calls to/from education services providers
2006,160104,0.070870,Telephone calls to/from salespeople
2006,160105,0.118839,Telephone calls to/from professional or personal care svcs providers
2006,160106,0.057234,Telephone calls to/from household services providers
2006,160108,0.020349,Telephone calls to/from government officials
2006,169989,2.228134,"Telephone calls, n.e.c."
2006,180101,0.780908,Travel related to personal care
2006,180280,2.413907,Travel related to household activities
2006,180381,3.727708,Travel related to caring for and helping hh children
2006,180382,0.907852,Travel related to caring for and helping hh adults
2006,180481,1.030316,Travel related to caring for and helping nonhh children
2006,180482,2.757408,Travel related to caring for and helping nonhh adults
2006,180499,0.002552,"Travel rel. to caring for & helping nonhh members, n.e.c."
2006,180501,17.081879,Travel related to working
2006,180502,0.048741,Travel related to work-related activities
2006,180589,0.472752,"Travel related to work, n.e.c."
2006,180601,1.600536,Travel related to taking class
2006,180682,0.330064,Travel related to education (except taking class)
2006,180699,0.030162,"Travel related to education, n.e.c."
2006,180701,3.384192,Travel related to grocery shopping
2006,180782,11.180307,Travel related to shopping (except grocery shopping)
2006,180801,0.028499,Travel related to using childcare services
2006,180802,0.449610,Travel related to using financial services and banking
2006,180803,0.036318,Travel related to using legal services
2006,180804,1.292266,Travel related to using medical services
2006,180805,0.370728,Travel related to using personal care services
2006,180806,0.154036,Travel related to using real estate services
2006,180807,0.068606,Travel related to using veterinary services
2006,180899,0.029116,"Travel rel. to using prof. & personal care services, n.e.c."
2006,180901,0.063894,Travel related to using household services
2006,180902,0.031962,Travel related to using home main./repair/decor./construction svcs
2006,180903,0.039977,Travel related to using pet services (not vet)
2006,180905,0.266779,Travel related to using vehicle maintenance & repair services
2006,181002,0.060590,Travel related to civic obligations & participation
2006,181081,0.150450,Travel related to using government services
2006,181101,7.236811,Travel related to eating and drinking
2006,181201,6.402259,Travel related to socializing and communicating
2006,181202,0.731562,Travel related to attending or hosting social events
2006,181204,1.166460,Travel related to arts and entertainment
2006,181283,3.723262,Travel related to relaxing and leisure
2006,181299,0.021826,"Travel rel. to socializing, relaxing, & leisure, n.e.c."
2006,181301,1.942571,Travel related to participating in sports/exercise/recreation
2006,181302,0.497344,Travel related to attending sporting/recreational events
2006,181399,0.002449,"Travel related to sports, exercise, & recreation, n.e.c."
2006,181401,1.388868,Travel related to religious/spiritual practices
2006,181499,0.003111,"Travel rel. to religious/spiritual activities, n.e.c."
2006,181501,1.119899,Travel related to volunteering
2006,181599,0.169733,"Travel related to volunteer activities, n.e.c."
2006,181601,0.081696,Travel related to phone calls
2006,181801,0.013484,Security procedures related to traveling
2006,181899,0.086941,"Security procedures related to traveling, n.e.c."
2006,189999,1.205572,"Traveling, n.e.c."
2006,500101,5.807343,Insufficient detail in verbatim
2006,500103,0.743247,Missing travel or destination
2006,500104,0.553573,Recorded simultaneous activities incorrectly
2006,500105,0.230534,Respondent refused to provide information/none of your business
2006,500106,3.766278,Gap/can't remember
2006,500107,0.088483,Unable to code activity at 1st tier
2006,509989,0.010723,"Data codes, n.e.c."
2007,010101,510.341969,Sleeping
2007,010102,4.070658,Sleeplessness
2007,010201,40.085719,"Washing, dressing and grooming oneself"
2007,010299,0.006431,"Grooming, n.e.c."
2007,010301,3.837491,Health-related self care
2007,010399,0.111575,"Self care, n.e.c."
2007,010401,0.355572,Personal/Private activities
2007,010499,0.001027,"Personal activities, n.e.c."
2007,010501,0.001550,Personal emergencies
2007,019999,0.001974,"Personal care, n.e.c."
2007,020101,24.333858,Interior cleaning
2007,020102,11.011015,Laundry
2007,020103,1.950666,"Sewing, repairing, & maintaining textiles"
2007,020104,0.997042,"Storing interior hh items, inc. food"
2007,020199,0.000739,"Housework, n.e.c."
2007,020201,23.566933,Food and drink preparation
2007,020202,0.312785,Food presentation
2007,020203,7.151308,Kitchen and food clean-up
2007,020299,0.000775,"Food & drink prep, presentation, & clean-up, n.e.c."
2007,020301,4.254938,"Interior arrangement, decoration, & repairs"
2007,020302,0.207051,Building and repairing furniture
2007,020303,0.590533,Heating and cooling
2007,020399,0.003494,"Interior maintenance, repair, & decoration, n.e.c."
2007,020401,1.688878,Exterior cleaning
2007,020402,1.799162,"Exterior repair, improvements, & decoration"
2007,020499,0.013098,"Exterior maintenance, repair & decoration, n.e.c."
2007,020501,12.139554,"Lawn, garden, and houseplant care"
2007,020502,0.248383,"Ponds, pools, and hot tubs"
2007,020681,5.650052,Care for animals and pets (not veterinary care)
2007,020699,0.000475,"Pet and animal care, n.e.c."
2007,020701,2.129444,Vehicle repair and maintenance (by self)
2007,020799,0.004499,"Vehicles, n.e.c."
2007,020801,1.055113,"Appliance, tool, and toy set-up, repair, & maintenance (by self)"
2007,020899,0.006104,"Appliances and tools, n.e.c."
2007,020901,2.068835,Financial management
2007,020902,6.272391,Household & personal organization and planning
2007,020903,1.462821,HH & personal mail & messages (except e-mail)
2007,020904,3.065394,HH & personal e-mail and messages
2007,020905,0.119013,Home security
2007,020999,0.004914,"Household management, n.e.c."
2007,029999,0.037565,"Household activities, n.e.c."
2007,030101,9.863244,Physical care for hh children
2007,030102,0.856650,Reading to/with hh children
2007,030103,6.146006,"Playing with hh children, not sports"
2007,030104,0.082690,Arts and crafts with hh children
2007,030105,0.196489,Playing sports with hh children
2007,030108,0.195960,Organization & planning for hh children
2007,030109,1.728140,Looking after hh children (as a primary activity)
2007,030110,1.066978,Attending hh children's events
2007,030111,0.256365,Waiting for/with hh children
2007,030112,1.163877,Picking up/dropping off hh children
2007,030186,0.993690,Talking with/listening to hh children
2007,030199,0.045644,"Caring for & helping hh children, n.e.c."
2007,030201,1.658853,Homework (hh children)
2007,030202,0.149305,Meetings and school conferences (hh children)
2007,030203,0.084233,Home schooling of hh children
2007,030204,0.001434,Waiting associated with hh children's education
2007,030299,0.028968,"Activities related to hh child's education, n.e.c."
2007,030301,0.142067,Providing medical care to hh children
2007,030302,0.342886,Obtaining medical care for hh children
2007,030303,0.122190,Waiting associated with hh children's health
2007,030399,0.054311,"Activities related to hh child's health, n.e.c."
2007,030401,0.735553,Physical care for hh adults
2007,030402,0.024898,Looking after hh adult (as a primary activity)
2007,030403,0.122736,Providing medical care to hh adult
2007,030404,0.349303,Obtaining medical and care services for hh adult
2007,030405,0.299216,Waiting associated with caring for household adults
2007,030499,0.003657,"Caring for household adults, n.e.c."
2007,030501,0.094621,Helping hh adults
2007,030502,0.056240,Organization & planning for hh adults
2007,030503,0.197214,Picking up/dropping off hh adult
2007,030504,0.190921,Waiting associated with helping hh adults
2007,030599,0.015879,"Helping household adults, n.e.c."
2007,039999,0.000712,"Caring for & helping hh members, n.e.c."
2007,040101,0.698797,Physical care for nonhh children
2007,040102,0.040919,Reading to/with nonhh children
2007,040103,1.266797,"Playing with nonhh children, not sports"
2007,040104,0.007752,Arts and crafts with nonhh children
2007,040105,0.017861,Playing sports with nonhh children
2007,040108,0.015047,Organization & planning for nonhh children
2007,040109,0.786423,Looking after nonhh children (as primary activity)
2007,040110,0.320409,Attending nonhh children's events
2007,040111,0.043926,Waiting for/with nonhh children
2007,040112,0.284098,Dropping off/picking up nonhh children
2007,040186,0.270337,Talking with/listening to nonhh children
2007,040199,0.116653,"Caring for and helping nonhh children, n.e.c."
2007,040201,0.082999,Homework (nonhh children)
2007,040202,0.006919,Meetings and school conferences (nonhh children)
2007,040204,0.000474,Waiting associated with nonhh children's education
2007,040301,0.000212,Providing medical care to nonhh children
2007,040302,0.014226,Obtaining medical care for nonhh children
2007,040303,0.031291,Waiting associated with nonhh children's health
2007,040399,0.009189,"Activities related to nonhh child's health, n.e.c."
2007,040401,0.408318,Physical care for nonhh adults
2007,040402,0.055123,Looking after nonhh adult (as a primary activity)
2007,040403,0.059570,Providing medical care to nonhh adult
2007,040404,0.180191,Obtaining medical and care services for nonhh adult
2007,040405,0.071435,Waiting associated with caring for nonhh adults
2007,040499,0.002786,"Caring for nonhh adults, n.e.c."
2007,040501,0.533422,"Housework, cooking, & shopping assistance for nonhh adults"
2007,040502,0.850885,House & lawn maintenance & repair assistance for nonhh adults
2007,040503,0.055490,Animal & pet care assistance for nonhh adults
2007,040504,0.384990,Vehicle & appliance maintenance/repair assistance for nonhh adults
2007,040505,0.090467,Financial management assistance for nonhh adults
2007,040506,0.563400,Household management & paperwork assistance for nonhh adults
2007,040507,0.417176,Picking up/dropping off nonhh adult
2007,040508,0.275373,Waiting associated with helping nonhh adults
2007,040599,0.237166,"Helping nonhh adults, n.e.c."
2007,049999,0.003934,"Caring for & helping nonhh members, n.e.c."
2007,050101,202.169357,"Work, main job"
2007,050102,5.926169,"Work, other job(s)"
2007,050103,0.004842,Security procedures related to work
2007,050189,0.108223,"Working, n.e.c."
2007,050201,0.135300,"Socializing, relaxing, and leisure as part of job"
2007,050202,0.204208,Eating and drinking as part of job
2007,050203,0.033392,Sports and exercise as part of job
2007,050204,0.000987,Security procedures as part of job
2007,050289,0.028703,"Work-related activities, n.e.c."
2007,050301,0.281231,"Income-generating hobbies, crafts, and food"
2007,050302,0.010163,Income-generating performances
2007,050303,0.557696,Income-generating services
2007,050304,0.065903,Income-generating rental property activities
2007,050389,0.771433,"Other income-generating activities, n.e.c."
2007,050403,0.275315,Job interviewing
2007,050404,0.000379,Waiting associated with job search or interview
2007,050405,0.002276,Security procedures rel. to job search/interviewing
2007,050481,1.097023,Job search activities
2007,050499,0.019362,"Job search and Interviewing, n.e.c."
2007,059999,0.003599,"Work and work-related activities, n.e.c."
2007,060101,14.378192,"Taking class for degree, certification, or licensure"
2007,060102,0.804105,Taking class for personal interest
2007,060103,0.029113,Waiting associated with taking classes
2007,060199,0.097433,"Taking class, n.e.c."
2007,060201,0.023760,Extracurricular club activities
2007,060202,0.154664,Extracurricular music & performance activities
2007,060203,0.017771,Extracurricular student government activities
2007,060289,0.094644,"Education-related extracurricular activities, n.e.c."
2007,060301,7.870659,"Research/homework for class for degree, certification, or licensure"
2007,060302,0.153191,Research/homework for class for pers. interest
2007,060399,0.110413,Research/homework n.e.c.
2007,060401,0.131477,"Administrative activities: class for degree, certification, or licensure"
2007,060402,0.001975,Administrative activities: class for personal interest
2007,060403,0.007226,Waiting associated w/admin. activities (education)
2007,060499,0.043264,"Administrative for education, n.e.c."
2007,069999,0.076116,"Education, n.e.c."
2007,070101,5.710098,Grocery shopping
2007,070102,0.365491,Purchasing gas
2007,070103,1.155764,Purchasing food (not groceries)
2007,070104,16.350635,"Shopping, except groceries, food and gas"
2007,070105,0.036526,Waiting associated with shopping
2007,070201,0.057511,Comparison shopping
2007,080101,0.021779,Using paid childcare services
2007,080201,0.372152,Banking
2007,080202,0.168146,Using other financial services
2007,080203,0.001187,Waiting associated w/banking/financial services
2007,080301,0.009627,Using legal services
2007,080401,2.515717,Using health and care services outside the home
2007,080402,0.017228,Using in-home health and care services
2007,080403,0.443157,Waiting associated with medical services
2007,080499,0.001188,"Using medical services, n.e.c."
2007,080501,1.224422,Using personal care services
2007,080502,0.051870,Waiting associated w/personal care services
2007,080599,0.001911,"Using personal care services, n.e.c."
2007,080601,0.259104,Activities rel. to purchasing/selling real estate
2007,080602,0.001897,Waiting associated w/purchasing/selling real estate
2007,080701,0.058661,Using veterinary services
2007,080702,0.008308,Waiting associated with veterinary services
2007,089999,0.084523,"Professional and personal services, n.e.c."
2007,090101,0.002199,Using interior cleaning services
2007,090102,0.000861,Using meal preparation services
2007,090103,0.026955,Using clothing repair and cleaning services
2007,090104,0.006836,Waiting associated with using household services
2007,090199,0.014130,"Using household services, n.e.c."
2007,090201,0.150748,Using home maint/repair/decor/construction svcs
2007,090202,0.162674,Waiting associated w/ home main/repair/decor/constr
2007,090301,0.014107,Using pet services
2007,090401,0.052518,Using lawn and garden services
2007,090402,0.056975,Waiting associated with using lawn & garden services
2007,090499,0.003364,"Using lawn and garden services, n.e.c."
2007,090501,0.234015,Using vehicle maintenance or repair services
2007,090502,0.125697,Waiting associated with vehicle main. or repair svcs
2007,090599,0.000095,"Using vehicle maint. & repair svcs, n.e.c."
2007,099999,0.018045,"Using household services, n.e.c."
2007,100101,0.032974,Using police and fire services
2007,100102,0.103079,Using social services
2007,100103,0.114511,"Obtaining licenses & paying fines, fees, taxes"
2007,100199,0.002725,"Using government services, n.e.c."
2007,100201,0.064964,Civic obligations & participation
2007,100299,0.008090,"Civic obligations & participation, n.e.c."
2007,100381,0.000150,Waiting associated w/ using government services
2007,100383,0.003991,Waiting associated w/civic obligations & participation
2007,100399,0.003998,"Waiting assoc. w/govt svcs or civic obligations, n.e.c."
2007,110101,66.619202,Eating and drinking
2007,110281,0.142078,Waiting associated w/eating & drinking
2007,120101,38.212221,Socializing and communicating with others
2007,120201,4.698521,Attending or hosting parties/receptions/ceremonies
2007,120202,0.675385,Attending meetings for personal interest (not volunteering)
2007,120299,0.009188,"Attending/hosting social events, n.e.c."
2007,120301,17.513975,"Relaxing, thinking"
2007,120302,0.485460,Tobacco and drug use
2007,120303,157.233645,Television and movies (not religious)
2007,120304,0.161109,Television (religious)
2007,120305,1.174150,Listening to the radio
2007,120306,1.787282,Listening to/playing music (not radio)
2007,120307,11.334056,Playing games
2007,120308,8.411036,Computer use for leisure (exc. Games)
2007,120309,1.801303,Arts and crafts as a hobby
2007,120310,0.009469,Collecting as a hobby
2007,120311,0.346581,"Hobbies, except arts & crafts and collecting"
2007,120312,21.100357,Reading for personal interest
2007,120313,0.300540,Writing for personal interest
2007,120399,0.392536,"Relaxing and leisure, n.e.c."
2007,120401,1.030824,Attending performing arts
2007,120402,0.362191,Attending museums
2007,120403,2.021301,Attending movies/film
2007,120404,0.824054,Attending gambling establishments
2007,120499,1.345947,"Arts and entertainment, n.e.c."
2007,120501,0.005603,Waiting assoc. w/socializing & communicating
2007,120502,0.000831,Waiting assoc. w/attending/hosting social events
2007,120503,0.001125,Waiting associated with relaxing/leisure
2007,120504,0.011695,Waiting associated with arts & entertainment
2007,120599,0.011088,"Waiting associated with socializing, n.e.c."
2007,129999,0.086560,"Socializing, relaxing, and leisure, n.e.c."
2007,130101,0.215886,Doing aerobics
2007,130102,0.190170,Playing baseball
2007,130103,0.744048,Playing basketball
2007,130104,0.410204,Biking
2007,130105,0.375680,Playing billiards
2007,130106,0.505079,Boating
2007,130107,0.535726,Bowling
2007,130109,0.424597,Dancing
2007,130110,0.087830,Participating in equestrian sports
2007,130112,1.354518,Fishing
2007,130113,0.093628,Playing football
2007,130114,1.426495,Golfing
2007,130115,0.014414,Doing gymnastics
2007,130116,0.113295,Hiking
2007,130117,0.065835,Playing hockey
2007,130118,0.676040,Hunting
2007,130119,0.031185,Participating in martial arts
2007,130120,0.374280,Playing racquet sports
2007,130122,0.063561,Rollerblading
2007,130124,0.821240,Running
2007,130125,0.142871,"Skiing, ice skating, snowboarding"
2007,130126,0.312489,Playing soccer
2007,130127,0.182089,Softball
2007,130128,0.900522,Using cardiovascular equipment
2007,130129,0.323988,Vehicle touring/racing
2007,130130,0.137007,Playing volleyball
2007,130131,3.139847,Walking
2007,130132,1.845081,Participating in water sports
2007,130133,1.009564,Weightlifting/strength training
2007,130134,1.413859,"Working out, unspecified"
2007,130135,0.047101,Wrestling
2007,130136,0.184662,Doing yoga
2007,130199,0.811977,Playing sports n.e.c.
2007,130201,0.003667,Watching aerobics
2007,130202,0.238660,Watching baseball
2007,130203,0.296334,Watching basketball
2007,130205,0.005796,Watching billiards
2007,130206,0.003577,Watching boating
2007,130213,0.496129,Watching football
2007,130214,0.009706,Watching golfing
2007,130216,0.077165,Watching hockey
2007,130218,0.030551,Watching racquet sports
2007,130221,0.010721,Watching rugby
2007,130222,0.017743,Watching running
2007,130223,0.004434,"Watching skiing, ice skating, snowboarding"
2007,130224,0.190172,Watching soccer
2007,130225,0.067396,Watching softball
2007,130226,0.238881,Watching vehicle touring/racing
2007,130227,0.016171,Watching volleyball
2007,130229,0.005373,Watching water sports
2007,130232,0.012289,Watching wrestling
2007,130299,0.095371,"Attending sporting events, n.e.c."
2007,130301,0.005874,Waiting related to playing sports or exercising
2007,130302,0.005454,Waiting related to attending sporting events
2007,139999,0.012511,"Sports, exercise, & recreation, n.e.c."
2007,140101,5.775062,Attending religious services
2007,140102,2.174384,Participation in religious practices
2007,140103,0.025116,Waiting associated w/religious & spiritual activities
2007,140105,0.873764,Religious education activities
2007,149999,0.008299,"Religious and spiritual activities, n.e.c."
2007,150101,0.641963,Computer use
2007,150102,0.410092,Organizing and preparing
2007,150103,0.127682,Reading
2007,150104,0.118099,Telephone calls (except hotline counseling)
2007,150105,0.119719,Writing
2007,150106,0.117020,Fundraising
2007,150199,0.282724,"Administrative & support activities, n.e.c."
2007,150201,0.590558,"Food preparation, presentation, clean-up"
2007,150202,0.144775,Collecting & delivering clothing & other goods
2007,150203,0.133128,Providing care
2007,150204,1.509695,"Teaching, leading, counseling, mentoring"
2007,150299,0.024653,"Social service & care activities, n.e.c."
2007,150301,0.004851,"Building houses, wildlife sites, & other structures"
2007,150302,0.514567,"Indoor & outdoor maintenance, repair, & clean-up"
2007,150399,0.026245,"Indoor & outdoor maintenance, building & clean-up activities, n.e.c."
2007,150401,0.486022,Performing
2007,150402,0.038139,Serving at volunteer events & cultural activities
2007,150499,0.116503,"Participating in performance & cultural activities, n.e.c."
2007,150501,1.254863,"Attending meetings, conferences, & training"
2007,150599,0.005632,"Attending meetings, conferences, & training, n.e.c."
2007,150601,0.033024,Public health activities
2007,150602,0.014615,Public safety activities
2007,159989,2.700898,"Volunteer activities, n.e.c."
2007,160101,2.158549,Telephone calls to/from family members
2007,160102,1.936443,"Telephone calls to/from friends, neighbors, or acquaintances"
2007,160103,0.009075,Telephone calls to/from education services providers
2007,160104,0.019844,Telephone calls to/from salespeople
2007,160105,0.158703,Telephone calls to/from professional or personal care svcs providers
2007,160106,0.065585,Telephone calls to/from household services providers
2007,160108,0.008806,Telephone calls to/from government officials
2007,169989,2.112723,"Telephone calls, n.e.c."
2007,180101,0.987455,Travel related to personal care
2007,180199,0.001973,"Travel related to personal care, n.e.c."
2007,180280,2.838874,Travel related to household activities
2007,180381,3.556708,Travel related to caring for and helping hh children
2007,180382,1.072036,Travel related to caring for and helping hh adults
2007,180399,0.002305,"Travel rel. to caring for & helping hh members, n.e.c."
2007,180481,1.158867,Travel related to caring for and helping nonhh children
2007,180482,2.615935,Travel related to caring for and helping nonhh adults
2007,180499,0.000492,"Travel rel. to caring for & helping nonhh members, n.e.c."
2007,180501,16.319984,Travel related to working
2007,180502,0.053445,Travel related to work-related activities
2007,180589,0.533739,"Travel related to work, n.e.c."
2007,180601,1.314695,Travel related to taking class
2007,180682,0.258542,Travel related to education (except taking class)
2007,180699,0.015068,"Travel related to education, n.e.c."
2007,180701,3.043331,Travel related to grocery shopping
2007,180782,11.267242,Travel related to shopping (except grocery shopping)
2007,180801,0.014092,Travel related to using childcare services
2007,180802,0.542426,Travel related to using financial services and banking
2007,180803,0.007688,Travel related to using legal services
2007,180804,1.013340,Travel related to using medical services
2007,180805,0.323173,Travel related to using personal care services
2007,180806,0.154262,Travel related to using real estate services
2007,180807,0.047220,Travel related to using veterinary services
2007,180899,0.008339,"Travel rel. to using prof. & personal care services, n.e.c."
2007,180901,0.086004,Travel related to using household services
2007,180902,0.021582,Travel related to using home main./repair/decor./construction svcs
2007,180903,0.017307,Travel related to using pet services (not vet)
2007,180904,0.002679,Travel related to using lawn and garden services
2007,180905,0.234464,Travel related to using vehicle maintenance & repair services
2007,181002,0.024568,Travel related to civic obligations & participation
2007,181081,0.133978,Travel related to using government services
2007,181101,7.371593,Travel related to eating and drinking
2007,181201,5.728529,Travel related to socializing and communicating
2007,181202,0.813235,Travel related to attending or hosting social events
2007,181204,1.195123,Travel related to arts and entertainment
2007,181283,3.982422,Travel related to relaxing and leisure
2007,181299,0.006959,"Travel rel. to socializing, relaxing, & leisure, n.e.c."
2007,181301,2.317623,Travel related to participating in sports/exercise/recreation
2007,181302,0.366957,Travel related to attending sporting/recreational events
2007,181399,0.001651,"Travel related to sports, exercise, & recreation, n.e.c."
2007,181401,1.294400,Travel related to religious/spiritual practices
2007,181501,1.328830,Travel related to volunteering
2007,181599,0.047807,"Travel related to volunteer activities, n.e.c."
2007,181601,0.128808,Travel related to phone calls
2007,181801,0.024621,Security procedures related to traveling
2007,181899,0.023276,"Security procedures related to traveling, n.e.c."
2007,189999,1.332137,"Traveling, n.e.c."
2007,500101,4.702270,Insufficient detail in verbatim
2007,500103,0.631261,Missing travel or destination
2007,500104,0.268592,Recorded simultaneous activities incorrectly
2007,500105,0.292938,Respondent refused to provide information/none of your business
2007,500106,4.424958,Gap/can't remember
2007,500107,0.128375,Unable to code activity at 1st tier
2008,010101,512.462697,Sleeping
2008,010102,3.669287,Sleeplessness
2008,010201,40.380872,"Washing, dressing and grooming oneself"
2008,010299,0.028441,"Grooming, n.e.c."
2008,010301,5.231960,Health-related self care
2008,010399,0.033560,"Self care, n.e.c."
2008,010401,0.876668,Personal/Private activities
2008,010499,0.012566,"Personal activities, n.e.c."
2008,010501,0.004555,Personal emergencies
2008,019999,0.006262,"Personal care, n.e.c."
2008,020101,22.014895,Interior cleaning
2008,020102,10.280493,Laundry
2008,020103,1.437308,"Sewing, repairing, & maintaining textiles"
2008,020104,1.059414,"Storing interior hh items, inc. food"
2008,020199,0.032239,"Housework, n.e.c."
2008,020201,24.107718,Food and drink preparation
2008,020202,0.263210,Food presentation
2008,020203,6.995504,Kitchen and food clean-up
2008,020301,3.259545,"Interior arrangement, decoration, & repairs"
2008,020302,0.193312,Building and repairing furniture
2008,020303,0.556061,Heating and cooling
2008,020399,0.014109,"Interior maintenance, repair, & decoration, n.e.c."
2008,020401,1.581230,Exterior cleaning
2008,020402,1.754646,"Exterior repair, improvements, & decoration"
2008,020499,0.026677,"Exterior maintenance, repair & decoration, n.e.c."
2008,020501,11.039992,"Lawn, garden, and houseplant care"
2008,020502,0.248189,"Ponds, pools, and hot tubs"
2008,020681,5.470417,Care for animals and pets (not veterinary care)
2008,020699,0.037954,"Pet and animal care, n.e.c."
2008,020701,2.380974,Vehicle repair and maintenance (by self)
2008,020799,0.004337,"Vehicles, n.e.c."
2008,020801,0.763592,"Appliance, tool, and toy set-up, repair, & maintenance (by self)"
2008,020899,0.000930,"Appliances and tools, n.e.c."
2008,020901,2.004614,Financial management
2008,020902,5.472987,Household & personal organization and planning
2008,020903,1.335489,HH & personal mail & messages (except e-mail)
2008,020904,3.583425,HH & personal e-mail and messages
2008,020905,0.130693,Home security
2008,020999,0.013803,"Household management, n.e.c."
2008,029999,0.117607,"Household activities, n.e.c."
2008,030101,10.045820,Physical care for hh children
2008,030102,0.748550,Reading to/with hh children
2008,030103,5.245835,"Playing with hh children, not sports"
2008,030104,0.070209,Arts and crafts with hh children
2008,030105,0.232061,Playing sports with hh children
2008,030108,0.297297,Organization & planning for hh children
2008,030109,1.530651,Looking after hh children (as a primary activity)
2008,030110,1.415822,Attending hh children's events
2008,030111,0.362250,Waiting for/with hh children
2008,030112,1.103305,Picking up/dropping off hh children
2008,030186,1.047851,Talking with/listening to hh children
2008,030199,0.045435,"Caring for & helping hh children, n.e.c."
2008,030201,1.721854,Homework (hh children)
2008,030202,0.145927,Meetings and school conferences (hh children)
2008,030203,0.230493,Home schooling of hh children
2008,030204,0.002769,Waiting associated with hh children's education
2008,030299,0.033654,"Activities related to hh child's education, n.e.c."
2008,030301,0.205092,Providing medical care to hh children
2008,030302,0.338831,Obtaining medical care for hh children
2008,030303,0.108626,Waiting associated with hh children's health
2008,030399,0.000560,"Activities related to hh child's health, n.e.c."
2008,030401,0.710540,Physical care for hh adults
2008,030402,0.012320,Looking after hh adult (as a primary activity)
2008,030403,0.280434,Providing medical care to hh adult
2008,030404,0.138538,Obtaining medical and care services for hh adult
2008,030405,0.163311,Waiting associated with caring for household adults
2008,030499,0.016231,"Caring for household adults, n.e.c."
2008,030501,0.159887,Helping hh adults
2008,030502,0.078429,Organization & planning for hh adults
2008,030503,0.190104,Picking up/dropping off hh adult
2008,030504,0.182640,Waiting associated with helping hh adults
2008,030599,0.135171,"Helping household adults, n.e.c."
2008,039999,0.013690,"Caring for & helping hh members, n.e.c."
2008,040101,1.080273,Physical care for nonhh children
2008,040102,0.079037,Reading to/with nonhh children
2008,040103,2.303327,"Playing with nonhh children, not sports"
2008,040104,0.056496,Arts and crafts with nonhh children
2008,040105,0.039387,Playing sports with nonhh children
2008,040108,0.036568,Organization & planning for nonhh children
2008,040109,0.482225,Looking after nonhh children (as primary activity)
2008,040110,0.342163,Attending nonhh children's events
2008,040111,0.044375,Waiting for/with nonhh children
2008,040112,0.237301,Dropping off/picking up nonhh children
2008,040186,0.371852,Talking with/listening to nonhh children
2008,040199,0.078192,"Caring for and helping nonhh children, n.e.c."
2008,040201,0.078346,Homework (nonhh children)
2008,040202,0.000981,Meetings and school conferences (nonhh children)
2008,040299,0.000935,"Activities related to nonhh child's educ., n.e.c."
2008,040301,0.015073,Providing medical care to nonhh children
2008,040302,0.026848,Obtaining medical care for nonhh children
2008,040303,0.003069,Waiting associated with nonhh children's health
2008,040399,0.051899,"Activities related to nonhh child's health, n.e.c."
2008,040401,0.153005,Physical care for nonhh adults
2008,040402,0.043960,Looking after nonhh adult (as a primary activity)
2008,040403,0.098590,Providing medical care to nonhh adult
2008,040404,0.211832,Obtaining medical and care services for nonhh adult
2008,040405,0.131997,Waiting associated with caring for nonhh adults
2008,040499,0.040982,"Caring for nonhh adults, n.e.c."
2008,040501,0.660361,"Housework, cooking, & shopping assistance for nonhh adults"
2008,040502,0.829155,House & lawn maintenance & repair assistance for nonhh adults
2008,040503,0.161430,Animal & pet care assistance for nonhh adults
2008,040504,0.336761,Vehicle & appliance maintenance/repair assistance for nonhh adults
2008,040505,0.102299,Financial management assistance for nonhh adults
2008,040506,0.477480,Household management & paperwork assistance for nonhh adults
2008,040507,0.462178,Picking up/dropping off nonhh adult
2008,040508,0.191490,Waiting associated with helping nonhh adults
2008,040599,0.535759,"Helping nonhh adults, n.e.c."
2008,049999,0.007478,"Caring for & helping nonhh members, n.e.c."
2008,050101,196.521811,"Work, main job"
2008,050102,5.693319,"Work, other job(s)"
2008,050103,0.009538,Security procedures related to work
2008,050189,0.310264,"Working, n.e.c."
2008,050201,0.151933,"Socializing, relaxing, and leisure as part of job"
2008,050202,0.444006,Eating and drinking as part of job
2008,050204,0.001362,Security procedures as part of job
2008,050289,0.021694,"Work-related activities, n.e.c."
2008,050301,0.171361,"Income-generating hobbies, crafts, and food"
2008,050302,0.136663,Income-generating performances
2008,050303,0.841925,Income-generating services
2008,050304,0.153173,Income-generating rental property activities
2008,050389,0.638701,"Other income-generating activities, n.e.c."
2008,050403,0.068967,Job interviewing
2008,050404,0.097079,Waiting associated with job search or interview
2008,050481,1.965243,Job search activities
2008,060101,15.547086,"Taking class for degree, certification, or licensure"
2008,060102,0.585796,Taking class for personal interest
2008,060103,0.017030,Waiting associated with taking classes
2008,060104,0.000470,Security procedures rel. to taking classes
2008,060199,0.058800,"Taking class, n.e.c."
2008,060201,0.020542,Extracurricular club activities
2008,060202,0.251613,Extracurricular music & performance activities
2008,060289,0.011383,"Education-related extracurricular activities, n.e.c."
2008,060301,9.092830,"Research/homework for class for degree, certification, or licensure"
2008,060302,0.269066,Research/homework for class for pers. interest
2008,060399,0.188402,Research/homework n.e.c.
2008,060401,0.181712,"Administrative activities: class for degree, certification, or licensure"
2008,060402,0.008941,Administrative activities: class for personal interest
2008,060499,0.025655,"Administrative for education, n.e.c."
2008,069999,0.091955,"Education, n.e.c."
2008,070101,5.881715,Grocery shopping
2008,070102,0.402524,Purchasing gas
2008,070103,1.202784,Purchasing food (not groceries)
2008,070104,15.210266,"Shopping, except groceries, food and gas"
2008,070105,0.096342,Waiting associated with shopping
2008,070199,0.001933,"Shopping, n.e.c."
2008,070201,0.100294,Comparison shopping
2008,070299,0.002615,"Researching purchases, n.e.c."
2008,080101,0.029652,Using paid childcare services
2008,080102,0.002630,Waiting associated w/purchasing childcare svcs
2008,080201,0.325909,Banking
2008,080202,0.120384,Using other financial services
2008,080203,0.018152,Waiting associated w/banking/financial services
2008,080301,0.056084,Using legal services
2008,080401,2.323427,Using health and care services outside the home
2008,080402,0.091807,Using in-home health and care services
2008,080403,0.506202,Waiting associated with medical services
2008,080501,1.080908,Using personal care services
2008,080502,0.037448,Waiting associated w/personal care services
2008,080601,0.212938,Activities rel. to purchasing/selling real estate
2008,080602,0.003155,Waiting associated w/purchasing/selling real estate
2008,080701,0.051205,Using veterinary services
2008,080702,0.004454,Waiting associated with veterinary services
2008,080799,0.003486,"Using veterinary services, n.e.c."
2008,089999,0.053868,"Professional and personal services, n.e.c."
2008,090101,0.006193,Using interior cleaning services
2008,090103,0.039794,Using clothing repair and cleaning services
2008,090104,0.014589,Waiting associated with using household services
2008,090199,0.000859,"Using household services, n.e.c."
2008,090201,0.202656,Using home maint/repair/decor/construction svcs
2008,090202,0.069001,Waiting associated w/ home main/repair/decor/constr
2008,090301,0.027816,Using pet services
2008,090401,0.049901,Using lawn and garden services
2008,090501,0.165486,Using vehicle maintenance or repair services
2008,090502,0.218796,Waiting associated with vehicle main. or repair svcs
2008,090599,0.002151,"Using vehicle maint. & repair svcs, n.e.c."
2008,099999,0.022267,"Using household services, n.e.c."
2008,100101,0.005013,Using police and fire services
2008,100102,0.050261,Using social services
2008,100103,0.061476,"Obtaining licenses & paying fines, fees, taxes"
2008,100199,0.012951,"Using government services, n.e.c."
2008,100201,0.226089,Civic obligations & participation
2008,100299,0.004576,"Civic obligations & participation, n.e.c."
2008,100381,0.044069,Waiting associated w/ using government services
2008,100383,0.019829,Waiting associated w/civic obligations & participation
2008,100401,0.001531,Security procedures rel. to govt svcs/civic obligations
2008,110101,66.469309,Eating and drinking
2008,110281,0.135408,Waiting associated w/eating & drinking
2008,120101,38.174177,Socializing and communicating with others
2008,120201,3.890106,Attending or hosting parties/receptions/ceremonies
2008,120202,0.522428,Attending meetings for personal interest (not volunteering)
2008,120299,0.008976,"Attending/hosting social events, n.e.c."
2008,120301,16.030536,"Relaxing, thinking"
2008,120302,0.410629,Tobacco and drug use
2008,120303,166.205463,Television and movies (not religious)
2008,120304,0.156982,Television (religious)
2008,120305,1.570438,Listening to the radio
2008,120306,1.679094,Listening to/playing music (not radio)
2008,120307,11.959438,Playing games
2008,120308,8.499230,Computer use for leisure (exc. Games)
2008,120309,1.715408,Arts and crafts as a hobby
2008,120310,0.001304,Collecting as a hobby
2008,120311,0.336314,"Hobbies, except arts & crafts and collecting"
2008,120312,20.625702,Reading for personal interest
2008,120313,0.180277,Writing for personal interest
2008,120399,0.198173,"Relaxing and leisure, n.e.c."
2008,120401,0.900972,Attending performing arts
2008,120402,0.389803,Attending museums
2008,120403,1.874462,Attending movies/film
2008,120404,0.390011,Attending gambling establishments
2008,120499,1.552362,"Arts and entertainment, n.e.c."
2008,120501,0.021605,Waiting assoc. w/socializing & communicating
2008,120502,0.018795,Waiting assoc. w/attending/hosting social events
2008,120503,0.001361,Waiting associated with relaxing/leisure
2008,120504,0.064417,Waiting associated with arts & entertainment
2008,120599,0.001387,"Waiting associated with socializing, n.e.c."
2008,129999,0.005947,"Socializing, relaxing, and leisure, n.e.c."
2008,130101,0.122196,Doing aerobics
2008,130102,0.284805,Playing baseball
2008,130103,0.844490,Playing basketball
2008,130104,0.491006,Biking
2008,130105,0.377402,Playing billiards
2008,130106,0.222660,Boating
2008,130107,0.448597,Bowling
2008,130108,0.027496,"Climbing, spelunking, caving"
2008,130109,0.241213,Dancing
2008,130110,0.149402,Participating in equestrian sports
2008,130112,1.095444,Fishing
2008,130113,0.495242,Playing football
2008,130114,1.113614,Golfing
2008,130116,0.168322,Hiking
2008,130117,0.098341,Playing hockey
2008,130118,0.596927,Hunting
2008,130119,0.150193,Participating in martial arts
2008,130120,0.326912,Playing racquet sports
2008,130121,0.010380,Participating in rodeo competitions
2008,130122,0.162106,Rollerblading
2008,130123,0.022718,Playing rugby
2008,130124,0.526300,Running
2008,130125,0.328351,"Skiing, ice skating, snowboarding"
2008,130126,0.386750,Playing soccer
2008,130127,0.169525,Softball
2008,130128,0.949643,Using cardiovascular equipment
2008,130129,0.279851,Vehicle touring/racing
2008,130130,0.147615,Playing volleyball
2008,130131,2.444818,Walking
2008,130132,1.623352,Participating in water sports
2008,130133,0.881711,Weightlifting/strength training
2008,130134,1.791141,"Working out, unspecified"
2008,130135,0.055462,Wrestling
2008,130136,0.147302,Doing yoga
2008,130199,0.507592,Playing sports n.e.c.
2008,130202,0.523211,Watching baseball
2008,130203,0.477367,Watching basketball
2008,130207,0.013950,Watching bowling
2008,130209,0.040503,Watching dancing
2008,130210,0.000838,Watching equestrian sports
2008,130213,0.484343,Watching football
2008,130214,0.074297,Watching golfing
2008,130216,0.094586,Watching hockey
2008,130218,0.004225,Watching racquet sports
2008,130219,0.035249,Watching rodeo competitions
2008,130222,0.008448,Watching running
2008,130224,0.123167,Watching soccer
2008,130225,0.065986,Watching softball
2008,130226,0.047907,Watching vehicle touring/racing
2008,130227,0.001071,Watching volleyball
2008,130229,0.006808,Watching water sports
2008,130232,0.093480,Watching wrestling
2008,130299,0.093298,"Attending sporting events, n.e.c."
2008,130301,0.011941,Waiting related to playing sports or exercising
2008,130302,0.028581,Waiting related to attending sporting events
2008,130399,0.009285,"Waiting associated with sports, exercise, & recreation, n.e.c."
2008,130401,0.000234,Security related to playing sports or exercising
2008,130402,0.001571,Security related to attending sporting events
2008,139999,0.000481,"Sports, exercise, & recreation, n.e.c."
2008,140101,5.258278,Attending religious services
2008,140102,2.413475,Participation in religious practices
2008,140103,0.034934,Waiting associated w/religious & spiritual activities
2008,140105,0.851012,Religious education activities
2008,149999,0.006517,"Religious and spiritual activities, n.e.c."
2008,150101,0.624410,Computer use
2008,150102,0.817761,Organizing and preparing
2008,150103,0.112177,Reading
2008,150104,0.199278,Telephone calls (except hotline counseling)
2008,150105,0.097223,Writing
2008,150106,0.213738,Fundraising
2008,150199,0.151818,"Administrative & support activities, n.e.c."
2008,150201,0.856355,"Food preparation, presentation, clean-up"
2008,150202,0.073218,Collecting & delivering clothing & other goods
2008,150203,0.255303,Providing care
2008,150204,0.910419,"Teaching, leading, counseling, mentoring"
2008,150299,0.056104,"Social service & care activities, n.e.c."
2008,150301,0.030739,"Building houses, wildlife sites, & other structures"
2008,150302,0.642307,"Indoor & outdoor maintenance, repair, & clean-up"
2008,150399,0.042569,"Indoor & outdoor maintenance, building & clean-up activities, n.e.c."
2008,150401,0.389440,Performing
2008,150402,0.162463,Serving at volunteer events & cultural activities
2008,150499,0.011741,"Participating in performance & cultural activities, n.e.c."
2008,150501,0.838941,"Attending meetings, conferences, & training"
2008,150601,0.009164,Public health activities
2008,150602,0.178706,Public safety activities
2008,150699,0.010593,"Public health & safety activities, n.e.c."
2008,159989,2.134143,"Volunteer activities, n.e.c."
2008,160101,2.656928,Telephone calls to/from family members
2008,160102,2.604530,"Telephone calls to/from friends, neighbors, or acquaintances"
2008,160103,0.099472,Telephone calls to/from education services providers
2008,160104,0.069211,Telephone calls to/from salespeople
2008,160105,0.198800,Telephone calls to/from professional or personal care svcs providers
2008,160106,0.046649,Telephone calls to/from household services providers
2008,160107,0.001205,Telephone calls to/from paid child or adult care providers
2008,160108,0.008688,Telephone calls to/from government officials
2008,169989,1.996529,"Telephone calls, n.e.c."
2008,180101,0.787228,Travel related to personal care
2008,180280,2.314471,Travel related to household activities
2008,180381,3.870242,Travel related to caring for and helping hh children
2008,180382,1.058754,Travel related to caring for and helping hh adults
2008,180481,1.079004,Travel related to caring for and helping nonhh children
2008,180482,2.703578,Travel related to caring for and helping nonhh adults
2008,180499,0.000391,"Travel rel. to caring for & helping nonhh members, n.e.c."
2008,180501,16.057287,Travel related to working
2008,180502,0.096381,Travel related to work-related activities
2008,180589,0.467425,"Travel related to work, n.e.c."
2008,180601,1.562328,Travel related to taking class
2008,180682,0.364050,Travel related to education (except taking class)
2008,180699,0.000534,"Travel related to education, n.e.c."
2008,180701,3.067578,Travel related to grocery shopping
2008,180782,11.307857,Travel related to shopping (except grocery shopping)
2008,180801,0.017556,Travel related to using childcare services
2008,180802,0.481076,Travel related to using financial services and banking
2008,180803,0.029958,Travel related to using legal services
2008,180804,1.173610,Travel related to using medical services
2008,180805,0.333051,Travel related to using personal care services
2008,180806,0.155316,Travel related to using real estate services
2008,180807,0.049063,Travel related to using veterinary services
2008,180899,0.006568,"Travel rel. to using prof. & personal care services, n.e.c."
2008,180901,0.090351,Travel related to using household services
2008,180902,0.022572,Travel related to using home main./repair/decor./construction svcs
2008,180903,0.028574,Travel related to using pet services (not vet)
2008,180904,0.000448,Travel related to using lawn and garden services
2008,180905,0.259590,Travel related to using vehicle maintenance & repair services
2008,180999,0.010167,"Travel related to using household services, n.e.c."
2008,181002,0.102356,Travel related to civic obligations & participation
2008,181081,0.131645,Travel related to using government services
2008,181101,7.092569,Travel related to eating and drinking
2008,181201,5.588877,Travel related to socializing and communicating
2008,181202,0.788919,Travel related to attending or hosting social events
2008,181204,1.061263,Travel related to arts and entertainment
2008,181283,3.165957,Travel related to relaxing and leisure
2008,181299,0.131949,"Travel rel. to socializing, relaxing, & leisure, n.e.c."
2008,181301,2.153418,Travel related to participating in sports/exercise/recreation
2008,181302,0.483259,Travel related to attending sporting/recreational events
2008,181399,0.006448,"Travel related to sports, exercise, & recreation, n.e.c."
2008,181401,1.253419,Travel related to religious/spiritual practices
2008,181499,0.002444,"Travel rel. to religious/spiritual activities, n.e.c."
2008,181501,1.051631,Travel related to volunteering
2008,181599,0.021235,"Travel related to volunteer activities, n.e.c."
2008,181601,0.082458,Travel related to phone calls
2008,181801,0.043333,Security procedures related to traveling
2008,181899,0.018120,"Security procedures related to traveling, n.e.c."
2008,189999,1.286557,"Traveling, n.e.c."
2008,500101,5.820803,Insufficient detail in verbatim
2008,500103,0.431517,Missing travel or destination
2008,500104,0.424847,Recorded simultaneous activities incorrectly
2008,500105,0.145360,Respondent refused to provide information/none of your business
2008,500106,3.871269,Gap/can't remember
2008,500107,0.136128,Unable to code activity at 1st tier
2008,509989,0.004831,"Data codes, n.e.c."
2009,010101,516.233501,Sleeping
2009,010102,4.106788,Sleeplessness
2009,010201,40.110156,"Washing, dressing and grooming oneself"
2009,010299,0.063388,"Grooming, n.e.c."
2009,010301,4.471673,Health-related self care
2009,010399,0.290220,"Self care, n.e.c."
2009,010401,0.661983,Personal/Private activities
2009,010499,0.001072,"Personal activities, n.e.c."
2009,010501,0.001035,Personal emergencies
2009,020101,23.800193,Interior cleaning
2009,020102,9.528045,Laundry
2009,020103,1.454274,"Sewing, repairing, & maintaining textiles"
2009,020104,1.141823,"Storing interior hh items, inc. food"
2009,020199,0.009998,"Housework, n.e.c."
2009,020201,24.802143,Food and drink preparation
2009,020202,0.226436,Food presentation
2009,020203,7.314878,Kitchen and food clean-up
2009,020301,3.981481,"Interior arrangement, decoration, & repairs"
2009,020302,0.190134,Building and repairing furniture
2009,020303,0.530083,Heating and cooling
2009,020399,0.011151,"Interior maintenance, repair, & decoration, n.e.c."
2009,020401,1.704904,Exterior cleaning
2009,020402,1.641210,"Exterior repair, improvements, & decoration"
2009,020499,0.004781,"Exterior maintenance, repair & decoration, n.e.c."
2009,020501,11.649005,"Lawn, garden, and houseplant care"
2009,020502,0.228017,"Ponds, pools, and hot tubs"
2009,020681,5.524606,Care for animals and pets (not veterinary care)
2009,020699,0.015517,"Pet and animal care, n.e.c."
2009,020701,2.237937,Vehicle repair and maintenance (by self)
2009,020799,0.001842,"Vehicles, n.e.c."
2009,020801,1.066442,"Appliance, tool, and toy set-up, repair, & maintenance (by self)"
2009,020899,0.000490,"Appliances and tools, n.e.c."
2009,020901,2.117932,Financial management
2009,020902,5.766950,Household & personal organization and planning
2009,020903,1.244120,HH & personal mail & messages (except e-mail)
2009,020904,3.478850,HH & personal e-mail and messages
2009,020905,0.117143,Home security
2009,020999,0.009076,"Household management, n.e.c."
2009,029999,0.045300,"Household activities, n.e.c."
2009,030101,9.720368,Physical care for hh children
2009,030102,0.690949,Reading to/with hh children
2009,030103,6.230595,"Playing with hh children, not sports"
2009,030104,0.047009,Arts and crafts with hh children
2009,030105,0.233074,Playing sports with hh children
2009,030108,0.271451,Organization & planning for hh children
2009,030109,1.863838,Looking after hh children (as a primary activity)
2009,030110,1.333549,Attending hh children's events
2009,030111,0.426031,Waiting for/with hh children
2009,030112,1.097583,Picking up/dropping off hh children
2009,030186,1.024977,Talking with/listening to hh children
2009,030199,0.066311,"Caring for & helping hh children, n.e.c."
2009,030201,1.692703,Homework (hh children)
2009,030202,0.158967,Meetings and school conferences (hh children)
2009,030203,0.165704,Home schooling of hh children
2009,030204,0.000138,Waiting associated with hh children's education
2009,030299,0.039638,"Activities related to hh child's education, n.e.c."
2009,030301,0.267108,Providing medical care to hh children
2009,030302,0.147702,Obtaining medical care for hh children
2009,030303,0.167578,Waiting associated with hh children's health
2009,030399,0.086074,"Activities related to hh child's health, n.e.c."
2009,030401,0.632953,Physical care for hh adults
2009,030402,0.022471,Looking after hh adult (as a primary activity)
2009,030403,0.150303,Providing medical care to hh adult
2009,030404,0.100332,Obtaining medical and care services for hh adult
2009,030405,0.228223,Waiting associated with caring for household adults
2009,030499,0.026971,"Caring for household adults, n.e.c."
2009,030501,0.311563,Helping hh adults
2009,030502,0.099705,Organization & planning for hh adults
2009,030503,0.183609,Picking up/dropping off hh adult
2009,030504,0.165400,Waiting associated with helping hh adults
2009,030599,0.050174,"Helping household adults, n.e.c."
2009,039999,0.010799,"Caring for & helping hh members, n.e.c."
2009,040101,0.696883,Physical care for nonhh children
2009,040102,0.025792,Reading to/with nonhh children
2009,040103,1.587165,"Playing with nonhh children, not sports"
2009,040104,0.019764,Arts and crafts with nonhh children
2009,040105,0.041923,Playing sports with nonhh children
2009,040108,0.041672,Organization & planning for nonhh children
2009,040109,0.492638,Looking after nonhh children (as primary activity)
2009,040110,0.395364,Attending nonhh children's events
2009,040111,0.042045,Waiting for/with nonhh children
2009,040112,0.213688,Dropping off/picking up nonhh children
2009,040186,0.287917,Talking with/listening to nonhh children
2009,040199,0.129678,"Caring for and helping nonhh children, n.e.c."
2009,040201,0.075107,Homework (nonhh children)
2009,040202,0.007549,Meetings and school conferences (nonhh children)
2009,040203,0.060636,Home schooling of nonhh children
2009,040299,0.014681,"Activities related to nonhh child's educ., n.e.c."
2009,040301,0.013124,Providing medical care to nonhh children
2009,040302,0.010671,Obtaining medical care for nonhh children
2009,040303,0.017989,Waiting associated with nonhh children's health
2009,040399,0.079602,"Activities related to nonhh child's health, n.e.c."
2009,040401,0.285650,Physical care for nonhh adults
2009,040402,0.006962,Looking after nonhh adult (as a primary activity)
2009,040403,0.020679,Providing medical care to nonhh adult
2009,040404,0.060938,Obtaining medical and care services for nonhh adult
2009,040405,0.138953,Waiting associated with caring for nonhh adults
2009,040499,0.040758,"Caring for nonhh adults, n.e.c."
2009,040501,0.687687,"Housework, cooking, & shopping assistance for nonhh adults"
2009,040502,1.220934,House & lawn maintenance & repair assistance for nonhh adults
2009,040503,0.139182,Animal & pet care assistance for nonhh adults
2009,040504,0.372229,Vehicle & appliance maintenance/repair assistance for nonhh adults
2009,040505,0.119350,Financial management assistance for nonhh adults
2009,040506,0.291187,Household management & paperwork assistance for nonhh adults
2009,040507,0.479164,Picking up/dropping off nonhh adult
2009,040508,0.220200,Waiting associated with helping nonhh adults
2009,040599,0.209087,"Helping nonhh adults, n.e.c."
2009,049999,0.001371,"Caring for & helping nonhh members, n.e.c."
2009,050101,184.902579,"Work, main job"
2009,050102,5.446218,"Work, other job(s)"
2009,050103,0.002102,Security procedures related to work
2009,050189,0.220817,"Working, n.e.c."
2009,050201,0.100132,"Socializing, relaxing, and leisure as part of job"
2009,050202,0.221411,Eating and drinking as part of job
2009,050203,0.010157,Sports and exercise as part of job
2009,050289,0.002822,"Work-related activities, n.e.c."
2009,050301,0.178445,"Income-generating hobbies, crafts, and food"
2009,050302,0.115873,Income-generating performances
2009,050303,0.646439,Income-generating services
2009,050304,0.096306,Income-generating rental property activities
2009,050389,0.756954,"Other income-generating activities, n.e.c."
2009,050403,0.162174,Job interviewing
2009,050404,0.009096,Waiting associated with job search or interview
2009,050481,2.399128,Job search activities
2009,050499,0.004817,"Job search and Interviewing, n.e.c."
2009,059999,0.009089,"Work and work-related activities, n.e.c."
2009,060101,14.925296,"Taking class for degree, certification, or licensure"
2009,060102,0.716507,Taking class for personal interest
2009,060103,0.056852,Waiting associated with taking classes
2009,060104,0.001994,Security procedures rel. to taking classes
2009,060199,0.047721,"Taking class, n.e.c."
2009,060201,0.066149,Extracurricular club activities
2009,060202,0.314921,Extracurricular music & performance activities
2009,060203,0.028585,Extracurricular student government activities
2009,060289,0.043667,"Education-related extracurricular activities, n.e.c."
2009,060301,9.373298,"Research/homework for class for degree, certification, or licensure"
2009,060302,0.170408,Research/homework for class for pers. interest
2009,060399,0.010572,Research/homework n.e.c.
2009,060401,0.091251,"Administrative activities: class for degree, certification, or licensure"
2009,060403,0.019065,Waiting associated w/admin. activities (education)
2009,060499,0.042236,"Administrative for education, n.e.c."
2009,069999,0.202721,"Education, n.e.c."
2009,070101,6.367042,Grocery shopping
2009,070102,0.404815,Purchasing gas
2009,070103,1.020028,Purchasing food (not groceries)
2009,070104,14.702417,"Shopping, except groceries, food and gas"
2009,070105,0.060699,Waiting associated with shopping
2009,070199,0.000453,"Shopping, n.e.c."
2009,070201,0.141149,Comparison shopping
2009,080101,0.022556,Using paid childcare services
2009,080102,0.002937,Waiting associated w/purchasing childcare svcs
2009,080201,0.415123,Banking
2009,080202,0.181088,Using other financial services
2009,080203,0.026195,Waiting associated w/banking/financial services
2009,080301,0.020743,Using legal services
2009,080302,0.000764,Waiting associated with legal services
2009,080401,2.558655,Using health and care services outside the home
2009,080402,0.047533,Using in-home health and care services
2009,080403,0.468480,Waiting associated with medical services
2009,080499,0.188944,"Using medical services, n.e.c."
2009,080501,0.861450,Using personal care services
2009,080502,0.022946,Waiting associated w/personal care services
2009,080601,0.178921,Activities rel. to purchasing/selling real estate
2009,080699,0.000105,"Using real estate services, n.e.c."
2009,080701,0.065539,Using veterinary services
2009,080702,0.049077,Waiting associated with veterinary services
2009,089999,0.039805,"Professional and personal services, n.e.c."
2009,090101,0.006860,Using interior cleaning services
2009,090102,0.007358,Using meal preparation services
2009,090103,0.034874,Using clothing repair and cleaning services
2009,090104,0.003511,Waiting associated with using household services
2009,090199,0.015617,"Using household services, n.e.c."
2009,090201,0.147606,Using home maint/repair/decor/construction svcs
2009,090202,0.135736,Waiting associated w/ home main/repair/decor/constr
2009,090301,0.022243,Using pet services
2009,090399,0.000309,"Using pet services, n.e.c."
2009,090401,0.024562,Using lawn and garden services
2009,090501,0.223608,Using vehicle maintenance or repair services
2009,090502,0.172405,Waiting associated with vehicle main. or repair svcs
2009,090599,0.009815,"Using vehicle maint. & repair svcs, n.e.c."
2009,099999,0.025980,"Using household services, n.e.c."
2009,100101,0.025407,Using police and fire services
2009,100102,0.207619,Using social services
2009,100103,0.040887,"Obtaining licenses & paying fines, fees, taxes"
2009,100199,0.005607,"Using government services, n.e.c."
2009,100201,0.048234,Civic obligations & participation
2009,100381,0.038435,Waiting associated w/ using government services
2009,100399,0.004278,"Waiting assoc. w/govt svcs or civic obligations, n.e.c."
2009,100401,0.000560,Security procedures rel. to govt svcs/civic obligations
2009,109999,0.011338,"Government services, n.e.c."
2009,110101,66.307533,Eating and drinking
2009,110281,0.200226,Waiting associated w/eating & drinking
2009,120101,37.501690,Socializing and communicating with others
2009,120199,0.001169,"Socializing and communicating, n.e.c."
2009,120201,3.715265,Attending or hosting parties/receptions/ceremonies
2009,120202,0.509497,Attending meetings for personal interest (not volunteering)
2009,120299,0.085488,"Attending/hosting social events, n.e.c."
2009,120301,15.014216,"Relaxing, thinking"
2009,120302,0.547640,Tobacco and drug use
2009,120303,168.976854,Television and movies (not religious)
2009,120304,0.353010,Television (religious)
2009,120305,1.656322,Listening to the radio
2009,120306,1.857805,Listening to/playing music (not radio)
2009,120307,13.332929,Playing games
2009,120308,9.863308,Computer use for leisure (exc. Games)
2009,120309,1.338613,Arts and crafts as a hobby
2009,120310,0.323093,Collecting as a hobby
2009,120311,0.324633,"Hobbies, except arts & crafts and collecting"
2009,120312,20.637378,Reading for personal interest
2009,120313,0.216682,Writing for personal interest
2009,120399,0.243303,"Relaxing and leisure, n.e.c."
2009,120401,0.830579,Attending performing arts
2009,120402,0.414590,Attending museums
2009,120403,1.806430,Attending movies/film
2009,120404,0.519394,Attending gambling establishments
2009,120405,0.001598,Security procedures rel. to arts & entertainment
2009,120499,1.206416,"Arts and entertainment, n.e.c."
2009,120501,0.012181,Waiting assoc. w/socializing & communicating
2009,120502,0.012903,Waiting assoc. w/attending/hosting social events
2009,120503,0.013927,Waiting associated with relaxing/leisure
2009,120504,0.036278,Waiting associated with arts & entertainment
2009,129999,0.013590,"Socializing, relaxing, and leisure, n.e.c."
2009,130101,0.140877,Doing aerobics
2009,130102,0.260533,Playing baseball
2009,130103,1.003608,Playing basketball
2009,130104,0.429616,Biking
2009,130105,0.296501,Playing billiards
2009,130106,0.353307,Boating
2009,130107,0.276438,Bowling
2009,130108,0.006787,"Climbing, spelunking, caving"
2009,130109,0.456982,Dancing
2009,130110,0.112814,Participating in equestrian sports
2009,130112,1.063629,Fishing
2009,130113,0.422401,Playing football
2009,130114,1.353249,Golfing
2009,130116,0.277223,Hiking
2009,130117,0.091706,Playing hockey
2009,130118,0.933639,Hunting
2009,130119,0.081690,Participating in martial arts
2009,130120,0.297305,Playing racquet sports
2009,130122,0.137903,Rollerblading
2009,130124,0.769019,Running
2009,130125,0.174715,"Skiing, ice skating, snowboarding"
2009,130126,0.211359,Playing soccer
2009,130127,0.248740,Softball
2009,130128,0.800527,Using cardiovascular equipment
2009,130129,0.122613,Vehicle touring/racing
2009,130130,0.326938,Playing volleyball
2009,130131,2.760207,Walking
2009,130132,1.165847,Participating in water sports
2009,130133,0.876447,Weightlifting/strength training
2009,130134,2.352874,"Working out, unspecified"
2009,130135,0.013557,Wrestling
2009,130136,0.133864,Doing yoga
2009,130199,0.553633,Playing sports n.e.c.
2009,130202,0.261424,Watching baseball
2009,130203,0.276253,Watching basketball
2009,130207,0.003739,Watching bowling
2009,130210,0.013105,Watching equestrian sports
2009,130212,0.021725,Watching fishing
2009,130213,0.234834,Watching football
2009,130214,0.017074,Watching golfing
2009,130216,0.076060,Watching hockey
2009,130217,0.001300,Watching martial arts
2009,130218,0.052522,Watching racquet sports
2009,130219,0.019586,Watching rodeo competitions
2009,130222,0.008255,Watching running
2009,130224,0.056703,Watching soccer
2009,130225,0.113503,Watching softball
2009,130226,0.148200,Watching vehicle touring/racing
2009,130227,0.012685,Watching volleyball
2009,130232,0.037597,Watching wrestling
2009,130299,0.141682,"Attending sporting events, n.e.c."
2009,130301,0.017066,Waiting related to playing sports or exercising
2009,130302,0.012695,Waiting related to attending sporting events
2009,139999,0.001517,"Sports, exercise, & recreation, n.e.c."
2009,140101,5.430427,Attending religious services
2009,140102,2.517222,Participation in religious practices
2009,140103,0.025473,Waiting associated w/religious & spiritual activities
2009,140105,0.744270,Religious education activities
2009,149999,0.001416,"Religious and spiritual activities, n.e.c."
2009,150101,0.780143,Computer use
2009,150102,0.705367,Organizing and preparing
2009,150103,0.111803,Reading
2009,150104,0.219398,Telephone calls (except hotline counseling)
2009,150105,0.082494,Writing
2009,150106,0.398479,Fundraising
2009,150199,0.388118,"Administrative & support activities, n.e.c."
2009,150201,0.708571,"Food preparation, presentation, clean-up"
2009,150202,0.101317,Collecting & delivering clothing & other goods
2009,150203,0.160628,Providing care
2009,150204,1.123262,"Teaching, leading, counseling, mentoring"
2009,150299,0.131396,"Social service & care activities, n.e.c."
2009,150301,0.033635,"Building houses, wildlife sites, & other structures"
2009,150302,0.397102,"Indoor & outdoor maintenance, repair, & clean-up"
2009,150399,0.006308,"Indoor & outdoor maintenance, building & clean-up activities, n.e.c."
2009,150401,0.352940,Performing
2009,150402,0.104164,Serving at volunteer events & cultural activities
2009,150499,0.031993,"Participating in performance & cultural activities, n.e.c."
2009,150501,1.126586,"Attending meetings, conferences, & training"
2009,150599,0.004517,"Attending meetings, conferences, & training, n.e.c."
2009,150601,0.057716,Public health activities
2009,150602,0.018429,Public safety activities
2009,150699,0.040519,"Public health & safety activities, n.e.c."
2009,159989,1.969422,"Volunteer activities, n.e.c."
2009,160101,2.621766,Telephone calls to/from family members
2009,160102,2.448528,"Telephone calls to/from friends, neighbors, or acquaintances"
2009,160103,0.017861,Telephone calls to/from education services providers
2009,160104,0.032228,Telephone calls to/from salespeople
2009,160105,0.114998,Telephone calls to/from professional or personal care svcs providers
2009,160106,0.030269,Telephone calls to/from household services providers
2009,160107,0.010742,Telephone calls to/from paid child or adult care providers
2009,160108,0.039641,Telephone calls to/from government officials
2009,169989,1.523133,"Telephone calls, n.e.c."
2009,180101,0.967777,Travel related to personal care
2009,180280,2.798438,Travel related to household activities
2009,180381,3.677115,Travel related to caring for and helping hh children
2009,180382,0.870861,Travel related to caring for and helping hh adults
2009,180399,0.005513,"Travel rel. to caring for & helping hh members, n.e.c."
2009,180481,1.082878,Travel related to caring for and helping nonhh children
2009,180482,2.853306,Travel related to caring for and helping nonhh adults
2009,180499,0.000222,"Travel rel. to caring for & helping nonhh members, n.e.c."
2009,180501,15.974622,Travel related to working
2009,180502,0.029524,Travel related to work-related activities
2009,180589,0.551388,"Travel related to work, n.e.c."
2009,180601,1.408482,Travel related to taking class
2009,180682,0.334124,Travel related to education (except taking class)
2009,180699,0.039066,"Travel related to education, n.e.c."
2009,180701,3.356712,Travel related to grocery shopping
2009,180782,10.655690,Travel related to shopping (except grocery shopping)
2009,180801,0.021183,Travel related to using childcare services
2009,180802,0.472627,Travel related to using financial services and banking
2009,180803,0.013292,Travel related to using legal services
2009,180804,1.101552,Travel related to using medical services
2009,180805,0.283393,Travel related to using personal care services
2009,180806,0.093181,Travel related to using real estate services
2009,180807,0.058038,Travel related to using veterinary services
2009,180899,0.013290,"Travel rel. to using prof. & personal care services, n.e.c."
2009,180901,0.061140,Travel related to using household services
2009,180902,0.005013,Travel related to using home main./repair/decor./construction svcs
2009,180903,0.018202,Travel related to using pet services (not vet)
2009,180905,0.304548,Travel related to using vehicle maintenance & repair services
2009,180999,0.000420,"Travel related to using household services, n.e.c."
2009,181002,0.022112,Travel related to civic obligations & participation
2009,181081,0.136130,Travel related to using government services
2009,181099,0.002995,"Travel rel. to govt svcs & civic obligations, n.e.c."
2009,181101,6.924195,Travel related to eating and drinking
2009,181201,5.691667,Travel related to socializing and communicating
2009,181202,0.733408,Travel related to attending or hosting social events
2009,181204,0.987424,Travel related to arts and entertainment
2009,181283,3.530597,Travel related to relaxing and leisure
2009,181301,2.232312,Travel related to participating in sports/exercise/recreation
2009,181302,0.376961,Travel related to attending sporting/recreational events
2009,181401,1.211238,Travel related to religious/spiritual practices
2009,181499,0.002498,"Travel rel. to religious/spiritual activities, n.e.c."
2009,181501,1.167433,Travel related to volunteering
2009,181599,0.031419,"Travel related to volunteer activities, n.e.c."
2009,181601,0.261458,Travel related to phone calls
2009,181801,0.024907,Security procedures related to traveling
2009,181899,0.027958,"Security procedures related to traveling, n.e.c."
2009,189999,1.533552,"Traveling, n.e.c."
2009,500101,7.641144,Insufficient detail in verbatim
2009,500103,0.708649,Missing travel or destination
2009,500104,0.553395,Recorded simultaneous activities incorrectly
2009,500105,0.158234,Respondent refused to provide information/none of your business
2009,500106,3.784893,Gap/can't remember
2009,500107,0.180175,Unable to code activity at 1st tier
2010,010101,516.655843,Sleeping
2010,010102,3.270611,Sleeplessness
2010,010201,41.079037,"Washing, dressing and grooming oneself"
2010,010299,0.040315,"Grooming, n.e.c."
2010,010301,5.337490,Health-related self care
2010,010399,0.124400,"Self care, n.e.c."
2010,010401,0.676871,Personal/Private activities
2010,010499,0.086746,"Personal activities, n.e.c."
2010,010599,0.002846,"Personal care emergencies, n.e.c."
2010,019999,0.000458,"Personal care, n.e.c."
2010,020101,21.724769,Interior cleaning
2010,020102,10.361809,Laundry
2010,020103,1.240504,"Sewing, repairing, & maintaining textiles"
2010,020104,1.086896,"Storing interior hh items, inc. food"
2010,020199,0.004094,"Housework, n.e.c."
2010,020201,26.355675,Food and drink preparation
2010,020202,0.260392,Food presentation
2010,020203,6.941553,Kitchen and food clean-up
2010,020301,3.143253,"Interior arrangement, decoration, & repairs"
2010,020302,0.302075,Building and repairing furniture
2010,020303,0.516748,Heating and cooling
2010,020399,0.012969,"Interior maintenance, repair, & decoration, n.e.c."
2010,020401,2.029774,Exterior cleaning
2010,020402,1.340184,"Exterior repair, improvements, & decoration"
2010,020499,0.014531,"Exterior maintenance, repair & decoration, n.e.c."
2010,020501,12.473342,"Lawn, garden, and houseplant care"
2010,020502,0.227397,"Ponds, pools, and hot tubs"
2010,020599,0.000820,"Lawn and garden, n.e.c."
2010,020681,5.669866,Care for animals and pets (not veterinary care)
2010,020699,0.033452,"Pet and animal care, n.e.c."
2010,020701,2.573875,Vehicle repair and maintenance (by self)
2010,020799,0.000645,"Vehicles, n.e.c."
2010,020801,1.322447,"Appliance, tool, and toy set-up, repair, & maintenance (by self)"
2010,020899,0.000049,"Appliances and tools, n.e.c."
2010,020901,1.840425,Financial management
2010,020902,5.473217,Household & personal organization and planning
2010,020903,1.197042,HH & personal mail & messages (except e-mail)
2010,020904,2.907000,HH & personal e-mail and messages
2010,020905,0.106593,Home security
2010,020999,0.002157,"Household management, n.e.c."
2010,029999,0.018531,"Household activities, n.e.c."
2010,030101,8.893131,Physical care for hh children
2010,030102,0.787607,Reading to/with hh children
2010,030103,6.018713,"Playing with hh children, not sports"
2010,030104,0.074011,Arts and crafts with hh children
2010,030105,0.216565,Playing sports with hh children
2010,030108,0.215101,Organization & planning for hh children
2010,030109,1.630974,Looking after hh children (as a primary activity)
2010,030110,1.264223,Attending hh children's events
2010,030111,0.340662,Waiting for/with hh children
2010,030112,1.114861,Picking up/dropping off hh children
2010,030186,1.025311,Talking with/listening to hh children
2010,030199,0.093514,"Caring for & helping hh children, n.e.c."
2010,030201,1.722730,Homework (hh children)
2010,030202,0.104973,Meetings and school conferences (hh children)
2010,030203,0.226377,Home schooling of hh children
2010,030204,0.004429,Waiting associated with hh children's education
2010,030299,0.034119,"Activities related to hh child's education, n.e.c."
2010,030301,0.188856,Providing medical care to hh children
2010,030302,0.151033,Obtaining medical care for hh children
2010,030303,0.140351,Waiting associated with hh children's health
2010,030399,0.016186,"Activities related to hh child's health, n.e.c."
2010,030401,0.504283,Physical care for hh adults
2010,030402,0.032487,Looking after hh adult (as a primary activity)
2010,030403,0.149995,Providing medical care to hh adult
2010,030404,0.065597,Obtaining medical and care services for hh adult
2010,030405,0.133604,Waiting associated with caring for household adults
2010,030499,0.003532,"Caring for household adults, n.e.c."
2010,030501,0.136947,Helping hh adults
2010,030502,0.068280,Organization & planning for hh adults
2010,030503,0.209706,Picking up/dropping off hh adult
2010,030504,0.238330,Waiting associated with helping hh adults
2010,030599,0.053570,"Helping household adults, n.e.c."
2010,039999,0.028559,"Caring for & helping hh members, n.e.c."
2010,040101,0.518695,Physical care for nonhh children
2010,040102,0.043556,Reading to/with nonhh children
2010,040103,1.999130,"Playing with nonhh children, not sports"
2010,040104,0.005640,Arts and crafts with nonhh children
2010,040105,0.048139,Playing sports with nonhh children
2010,040108,0.010618,Organization & planning for nonhh children
2010,040109,0.414558,Looking after nonhh children (as primary activity)
2010,040110,0.295196,Attending nonhh children's events
2010,040111,0.051883,Waiting for/with nonhh children
2010,040112,0.194572,Dropping off/picking up nonhh children
2010,040186,0.299587,Talking with/listening to nonhh children
2010,040199,0.056142,"Caring for and helping nonhh children, n.e.c."
2010,040201,0.145296,Homework (nonhh children)
2010,040202,0.011972,Meetings and school conferences (nonhh children)
2010,040204,0.001963,Waiting associated with nonhh children's education
2010,040301,0.001547,Providing medical care to nonhh children
2010,040302,0.058791,Obtaining medical care for nonhh children
2010,040303,0.002502,Waiting associated with nonhh children's health
2010,040401,0.177215,Physical care for nonhh adults
2010,040402,0.042453,Looking after nonhh adult (as a primary activity)
2010,040403,0.036525,Providing medical care to nonhh adult
2010,040404,0.122491,Obtaining medical and care services for nonhh adult
2010,040405,0.228799,Waiting associated with caring for nonhh adults
2010,040499,0.004491,"Caring for nonhh adults, n.e.c."
2010,040501,0.734435,"Housework, cooking, & shopping assistance for nonhh adults"
2010,040502,1.286540,House & lawn maintenance & repair assistance for nonhh adults
2010,040503,0.066324,Animal & pet care assistance for nonhh adults
2010,040504,0.408486,Vehicle & appliance maintenance/repair assistance for nonhh adults
2010,040505,0.041386,Financial management assistance for nonhh adults
2010,040506,0.461824,Household management & paperwork assistance for nonhh adults
2010,040507,0.487731,Picking up/dropping off nonhh adult
2010,040508,0.201464,Waiting associated with helping nonhh adults
2010,040599,0.545892,"Helping nonhh adults, n.e.c."
2010,050101,184.188691,"Work, main job"
2010,050102,3.759521,"Work, other job(s)"
2010,050103,0.018760,Security procedures related to work
2010,050189,0.273618,"Working, n.e.c."
2010,050201,0.030350,"Socializing, relaxing, and leisure as part of job"
2010,050202,0.256659,Eating and drinking as part of job
2010,050204,0.000779,Security procedures as part of job
2010,050289,0.004960,"Work-related activities, n.e.c."
2010,050301,0.142658,"Income-generating hobbies, crafts, and food"
2010,050303,0.885424,Income-generating services
2010,050304,0.091396,Income-generating rental property activities
2010,050389,0.881907,"Other income-generating activities, n.e.c."
2010,050403,0.059876,Job interviewing
2010,050404,0.030598,Waiting associated with job search or interview
2010,050481,2.665358,Job search activities
2010,050499,0.023501,"Job search and Interviewing, n.e.c."
2010,060101,15.569638,"Taking class for degree, certification, or licensure"
2010,060102,0.709804,Taking class for personal interest
2010,060103,0.027284,Waiting associated with taking classes
2010,060199,0.355824,"Taking class, n.e.c."
2010,060201,0.119034,Extracurricular club activities
2010,060202,0.120883,Extracurricular music & performance activities
2010,060289,0.029038,"Education-related extracurricular activities, n.e.c."
2010,060301,9.276872,"Research/homework for class for degree, certification, or licensure"
2010,060302,0.217214,Research/homework for class for pers. interest
2010,060303,0.001222,Waiting associated with research/homework
2010,060399,0.039346,Research/homework n.e.c.
2010,060401,0.098271,"Administrative activities: class for degree, certification, or licensure"
2010,060403,0.003830,Waiting associated w/admin. activities (education)
2010,060499,0.046794,"Administrative for education, n.e.c."
2010,069999,0.096778,"Education, n.e.c."
2010,070101,6.237650,Grocery shopping
2010,070102,0.367083,Purchasing gas
2010,070103,1.203164,Purchasing food (not groceries)
2010,070104,14.393433,"Shopping, except groceries, food and gas"
2010,070105,0.086985,Waiting associated with shopping
2010,070201,0.073425,Comparison shopping
2010,080101,0.024226,Using paid childcare services
2010,080199,0.000380,"Using paid childcare services, n.e.c."
2010,080201,0.356241,Banking
2010,080202,0.048816,Using other financial services
2010,080203,0.008697,Waiting associated w/banking/financial services
2010,080299,0.000337,"Using financial services and banking, n.e.c."
2010,080301,0.065082,Using legal services
2010,080302,0.008390,Waiting associated with legal services
2010,080401,2.492954,Using health and care services outside the home
2010,080402,0.091992,Using in-home health and care services
2010,080403,0.371447,Waiting associated with medical services
2010,080501,0.924249,Using personal care services
2010,080502,0.028998,Waiting associated w/personal care services
2010,080601,0.200075,Activities rel. to purchasing/selling real estate
2010,080701,0.104756,Using veterinary services
2010,080702,0.002757,Waiting associated with veterinary services
2010,089999,0.067439,"Professional and personal services, n.e.c."
2010,090102,0.002994,Using meal preparation services
2010,090103,0.021533,Using clothing repair and cleaning services
2010,090199,0.005873,"Using household services, n.e.c."
2010,090201,0.320600,Using home maint/repair/decor/construction svcs
2010,090202,0.066730,Waiting associated w/ home main/repair/decor/constr
2010,090301,0.010036,Using pet services
2010,090302,0.000490,Waiting associated with pet services
2010,090401,0.020551,Using lawn and garden services
2010,090501,0.279714,Using vehicle maintenance or repair services
2010,090502,0.181373,Waiting associated with vehicle main. or repair svcs
2010,090599,0.001120,"Using vehicle maint. & repair svcs, n.e.c."
2010,099999,0.001350,"Using household services, n.e.c."
2010,100101,0.001963,Using police and fire services
2010,100102,0.175374,Using social services
2010,100103,0.084473,"Obtaining licenses & paying fines, fees, taxes"
2010,100201,0.146327,Civic obligations & participation
2010,100299,0.000765,"Civic obligations & participation, n.e.c."
2010,100381,0.114038,Waiting associated w/ using government services
2010,100383,0.007562,Waiting associated w/civic obligations & participation
2010,100401,0.001810,Security procedures rel. to govt svcs/civic obligations
2010,109999,0.005096,"Government services, n.e.c."
2010,110101,67.543619,Eating and drinking
2010,110281,0.171397,Waiting associated w/eating & drinking
2010,120101,37.626239,Socializing and communicating with others
2010,120201,4.035535,Attending or hosting parties/receptions/ceremonies
2010,120202,0.594201,Attending meetings for personal interest (not volunteering)
2010,120299,0.003171,"Attending/hosting social events, n.e.c."
2010,120301,17.362918,"Relaxing, thinking"
2010,120302,0.352317,Tobacco and drug use
2010,120303,163.512852,Television and movies (not religious)
2010,120304,0.185488,Television (religious)
2010,120305,1.478448,Listening to the radio
2010,120306,2.576985,Listening to/playing music (not radio)
2010,120307,12.652314,Playing games
2010,120308,11.821234,Computer use for leisure (exc. Games)
2010,120309,1.664932,Arts and crafts as a hobby
2010,120310,0.062842,Collecting as a hobby
2010,120311,0.283491,"Hobbies, except arts & crafts and collecting"
2010,120312,18.088179,Reading for personal interest
2010,120313,0.209282,Writing for personal interest
2010,120399,0.115239,"Relaxing and leisure, n.e.c."
2010,120401,0.809635,Attending performing arts
2010,120402,0.375411,Attending museums
2010,120403,1.615471,Attending movies/film
2010,120404,0.684636,Attending gambling establishments
2010,120405,0.007551,Security procedures rel. to arts & entertainment
2010,120499,1.422822,"Arts and entertainment, n.e.c."
2010,120501,0.003946,Waiting assoc. w/socializing & communicating
2010,120502,0.005071,Waiting assoc. w/attending/hosting social events
2010,120503,0.000950,Waiting associated with relaxing/leisure
2010,120504,0.053450,Waiting associated with arts & entertainment
2010,129999,0.019001,"Socializing, relaxing, and leisure, n.e.c."
2010,130101,0.104468,Doing aerobics
2010,130102,0.263337,Playing baseball
2010,130103,0.883652,Playing basketball
2010,130104,0.515157,Biking
2010,130105,0.312026,Playing billiards
2010,130106,0.310430,Boating
2010,130107,0.304477,Bowling
2010,130109,0.408091,Dancing
2010,130110,0.096708,Participating in equestrian sports
2010,130112,1.252201,Fishing
2010,130113,0.293489,Playing football
2010,130114,1.203276,Golfing
2010,130116,0.264449,Hiking
2010,130117,0.069915,Playing hockey
2010,130118,0.387603,Hunting
2010,130119,0.056411,Participating in martial arts
2010,130120,0.290220,Playing racquet sports
2010,130122,0.164876,Rollerblading
2010,130123,0.017265,Playing rugby
2010,130124,0.773007,Running
2010,130125,0.238696,"Skiing, ice skating, snowboarding"
2010,130126,0.305699,Playing soccer
2010,130127,0.269342,Softball
2010,130128,0.633395,Using cardiovascular equipment
2010,130129,0.146930,Vehicle touring/racing
2010,130130,0.235056,Playing volleyball
2010,130131,2.633396,Walking
2010,130132,1.584236,Participating in water sports
2010,130133,0.943240,Weightlifting/strength training
2010,130134,2.617741,"Working out, unspecified"
2010,130136,0.226725,Doing yoga
2010,130199,0.530170,Playing sports n.e.c.
2010,130201,0.005784,Watching aerobics
2010,130202,0.095929,Watching baseball
2010,130203,0.288643,Watching basketball
2010,130204,0.013574,Watching biking
2010,130205,0.008993,Watching billiards
2010,130206,0.002137,Watching boating
2010,130209,0.022395,Watching dancing
2010,130210,0.058879,Watching equestrian sports
2010,130213,0.313887,Watching football
2010,130214,0.049844,Watching golfing
2010,130215,0.003560,Watching gymnastics
2010,130216,0.221207,Watching hockey
2010,130218,0.025884,Watching racquet sports
2010,130219,0.017812,Watching rodeo competitions
2010,130222,0.027961,Watching running
2010,130224,0.134198,Watching soccer
2010,130225,0.071542,Watching softball
2010,130226,0.093674,Watching vehicle touring/racing
2010,130227,0.045569,Watching volleyball
2010,130229,0.032715,Watching water sports
2010,130232,0.018684,Watching wrestling
2010,130299,0.104855,"Attending sporting events, n.e.c."
2010,130301,0.032348,Waiting related to playing sports or exercising
2010,130302,0.005258,Waiting related to attending sporting events
2010,139999,0.006211,"Sports, exercise, & recreation, n.e.c."
2010,140101,5.729627,Attending religious services
2010,140102,2.761669,Participation in religious practices
2010,140103,0.022088,Waiting associated w/religious & spiritual activities
2010,140105,0.816566,Religious education activities
2010,149999,0.008782,"Religious and spiritual activities, n.e.c."
2010,150101,0.425294,Computer use
2010,150102,0.917613,Organizing and preparing
2010,150103,0.164673,Reading
2010,150104,0.160496,Telephone calls (except hotline counseling)
2010,150105,0.033691,Writing
2010,150106,0.131556,Fundraising
2010,150199,0.365057,"Administrative & support activities, n.e.c."
2010,150201,0.972053,"Food preparation, presentation, clean-up"
2010,150202,0.081466,Collecting & delivering clothing & other goods
2010,150203,0.140642,Providing care
2010,150204,1.073362,"Teaching, leading, counseling, mentoring"
2010,150299,0.186552,"Social service & care activities, n.e.c."
2010,150301,0.062358,"Building houses, wildlife sites, & other structures"
2010,150302,0.581484,"Indoor & outdoor maintenance, repair, & clean-up"
2010,150399,0.026409,"Indoor & outdoor maintenance, building & clean-up activities, n.e.c."
2010,150401,0.381235,Performing
2010,150402,0.158467,Serving at volunteer events & cultural activities
2010,150499,0.007306,"Participating in performance & cultural activities, n.e.c."
2010,150501,1.068485,"Attending meetings, conferences, & training"
2010,150599,0.000360,"Attending meetings, conferences, & training, n.e.c."
2010,150601,0.037620,Public health activities
2010,150602,0.006124,Public safety activities
2010,159989,2.044485,"Volunteer activities, n.e.c."
2010,160101,2.163126,Telephone calls to/from family members
2010,160102,2.425737,"Telephone calls to/from friends, neighbors, or acquaintances"
2010,160103,0.008907,Telephone calls to/from education services providers
2010,160104,0.047589,Telephone calls to/from salespeople
2010,160105,0.112135,Telephone calls to/from professional or personal care svcs providers
2010,160106,0.055076,Telephone calls to/from household services providers
2010,160107,0.001538,Telephone calls to/from paid child or adult care providers
2010,160108,0.054161,Telephone calls to/from government officials
2010,169989,1.401360,"Telephone calls, n.e.c."
2010,180101,0.925595,Travel related to personal care
2010,180199,0.010978,"Travel related to personal care, n.e.c."
2010,180280,2.611184,Travel related to household activities
2010,180381,3.593549,Travel related to caring for and helping hh children
2010,180382,1.062689,Travel related to caring for and helping hh adults
2010,180481,1.007911,Travel related to caring for and helping nonhh children
2010,180482,2.742085,Travel related to caring for and helping nonhh adults
2010,180501,15.780765,Travel related to working
2010,180502,0.086191,Travel related to work-related activities
2010,180589,0.672895,"Travel related to work, n.e.c."
2010,180601,1.434892,Travel related to taking class
2010,180682,0.279549,Travel related to education (except taking class)
2010,180699,0.007786,"Travel related to education, n.e.c."
2010,180701,3.364308,Travel related to grocery shopping
2010,180782,10.363374,Travel related to shopping (except grocery shopping)
2010,180801,0.021606,Travel related to using childcare services
2010,180802,0.417533,Travel related to using financial services and banking
2010,180803,0.031633,Travel related to using legal services
2010,180804,1.055668,Travel related to using medical services
2010,180805,0.317728,Travel related to using personal care services
2010,180806,0.054775,Travel related to using real estate services
2010,180807,0.090658,Travel related to using veterinary services
2010,180899,0.029017,"Travel rel. to using prof. & personal care services, n.e.c."
2010,180901,0.043954,Travel related to using household services
2010,180902,0.015582,Travel related to using home main./repair/decor./construction svcs
2010,180903,0.078663,Travel related to using pet services (not vet)
2010,180905,0.246661,Travel related to using vehicle maintenance & repair services
2010,180999,0.000147,"Travel related to using household services, n.e.c."
2010,181002,0.024530,Travel related to civic obligations & participation
2010,181081,0.111718,Travel related to using government services
2010,181099,0.003651,"Travel rel. to govt svcs & civic obligations, n.e.c."
2010,181101,7.008160,Travel related to eating and drinking
2010,181201,5.616484,Travel related to socializing and communicating
2010,181202,0.728407,Travel related to attending or hosting social events
2010,181204,0.979539,Travel related to arts and entertainment
2010,181283,3.211073,Travel related to relaxing and leisure
2010,181299,0.005405,"Travel rel. to socializing, relaxing, & leisure, n.e.c."
2010,181301,2.300913,Travel related to participating in sports/exercise/recreation
2010,181302,0.337550,Travel related to attending sporting/recreational events
2010,181401,1.237943,Travel related to religious/spiritual practices
2010,181499,0.000262,"Travel rel. to religious/spiritual activities, n.e.c."
2010,181501,1.070874,Travel related to volunteering
2010,181599,0.016491,"Travel related to volunteer activities, n.e.c."
2010,181601,0.152798,Travel related to phone calls
2010,181801,0.062131,Security procedures related to traveling
2010,181899,0.008645,"Security procedures related to traveling, n.e.c."
2010,189999,2.254716,"Traveling, n.e.c."
2010,500101,12.009271,Insufficient detail in verbatim
2010,500103,1.212709,Missing travel or destination
2010,500104,1.771530,Recorded simultaneous activities incorrectly
2010,500105,0.333646,Respondent refused to provide information/none of your business
2010,500106,2.907727,Gap/can't remember
2010,500107,0.290056,Unable to code activity at 1st tier
2011,010101,519.764514,Sleeping
2011,010102,3.095083,Sleeplessness
2011,010201,41.405021,"Washing, dressing and grooming oneself"
2011,010299,0.099286,"Grooming, n.e.c."
2011,010301,3.576191,Health-related self care
2011,010399,0.119865,"Self care, n.e.c."
2011,010401,0.339598,Personal/Private activities
2011,010501,0.004876,Personal emergencies
2011,020101,22.774389,Interior cleaning
2011,020102,9.488303,Laundry
2011,020103,1.288988,"Sewing, repairing, & maintaining textiles"
2011,020104,1.153985,"Storing interior hh items, inc. food"
2011,020199,0.010848,"Housework, n.e.c."
2011,020201,26.083688,Food and drink preparation
2011,020202,0.238704,Food presentation
2011,020203,7.060595,Kitchen and food clean-up
2011,020301,2.794544,"Interior arrangement, decoration, & repairs"
2011,020302,0.326199,Building and repairing furniture
2011,020303,0.557493,Heating and cooling
2011,020399,0.002086,"Interior maintenance, repair, & decoration, n.e.c."
2011,020401,1.653585,Exterior cleaning
2011,020402,2.069768,"Exterior repair, improvements, & decoration"
2011,020499,0.072690,"Exterior maintenance, repair & decoration, n.e.c."
2011,020501,11.374136,"Lawn, garden, and houseplant care"
2011,020502,0.190101,"Ponds, pools, and hot tubs"
2011,020599,0.000382,"Lawn and garden, n.e.c."
2011,020681,5.357741,Care for animals and pets (not veterinary care)
2011,020699,0.006713,"Pet and animal care, n.e.c."
2011,020701,2.591787,Vehicle repair and maintenance (by self)
2011,020799,0.009010,"Vehicles, n.e.c."
2011,020801,1.055346,"Appliance, tool, and toy set-up, repair, & maintenance (by self)"
2011,020901,1.562248,Financial management
2011,020902,5.647666,Household & personal organization and planning
2011,020903,0.920767,HH & personal mail & messages (except e-mail)
2011,020904,2.456969,HH & personal e-mail and messages
2011,020905,0.159282,Home security
2011,020999,0.000162,"Household management, n.e.c."
2011,029999,0.098690,"Household activities, n.e.c."
2011,030101,8.578592,Physical care for hh children
2011,030102,0.716230,Reading to/with hh children
2011,030103,6.120914,"Playing with hh children, not sports"
2011,030104,0.047323,Arts and crafts with hh children
2011,030105,0.146125,Playing sports with hh children
2011,030108,0.197153,Organization & planning for hh children
2011,030109,1.499978,Looking after hh children (as a primary activity)
2011,030110,1.011467,Attending hh children's events
2011,030111,0.378431,Waiting for/with hh children
2011,030112,1.056264,Picking up/dropping off hh children
2011,030186,0.920433,Talking with/listening to hh children
2011,030199,0.013884,"Caring for & helping hh children, n.e.c."
2011,030201,1.909704,Homework (hh children)
2011,030202,0.167673,Meetings and school conferences (hh children)
2011,030203,0.296720,Home schooling of hh children
2011,030204,0.003899,Waiting associated with hh children's education
2011,030299,0.022951,"Activities related to hh child's education, n.e.c."
2011,030301,0.131857,Providing medical care to hh children
2011,030302,0.230276,Obtaining medical care for hh children
2011,030303,0.075449,Waiting associated with hh children's health
2011,030399,0.115099,"Activities related to hh child's health, n.e.c."
2011,030401,0.504425,Physical care for hh adults
2011,030402,0.062141,Looking after hh adult (as a primary activity)
2011,030403,0.077112,Providing medical care to hh adult
2011,030404,0.322101,Obtaining medical and care services for hh adult
2011,030405,0.262814,Waiting associated with caring for household adults
2011,030499,0.001365,"Caring for household adults, n.e.c."
2011,030501,0.247394,Helping hh adults
2011,030502,0.121488,Organization & planning for hh adults
2011,030503,0.218385,Picking up/dropping off hh adult
2011,030504,0.134093,Waiting associated with helping hh adults
2011,030599,0.040219,"Helping household adults, n.e.c."
2011,039999,0.001819,"Caring for & helping hh members, n.e.c."
2011,040101,0.642802,Physical care for nonhh children
2011,040102,0.085926,Reading to/with nonhh children
2011,040103,1.803415,"Playing with nonhh children, not sports"
2011,040104,0.020902,Arts and crafts with nonhh children
2011,040105,0.053420,Playing sports with nonhh children
2011,040108,0.056823,Organization & planning for nonhh children
2011,040109,0.754723,Looking after nonhh children (as primary activity)
2011,040110,0.283577,Attending nonhh children's events
2011,040111,0.070050,Waiting for/with nonhh children
2011,040112,0.207185,Dropping off/picking up nonhh children
2011,040186,0.243492,Talking with/listening to nonhh children
2011,040199,0.040755,"Caring for and helping nonhh children, n.e.c."
2011,040201,0.072084,Homework (nonhh children)
2011,040203,0.015767,Home schooling of nonhh children
2011,040301,0.013956,Providing medical care to nonhh children
2011,040302,0.069451,Obtaining medical care for nonhh children
2011,040303,0.027255,Waiting associated with nonhh children's health
2011,040399,0.056935,"Activities related to nonhh child's health, n.e.c."
2011,040401,0.318398,Physical care for nonhh adults
2011,040402,0.036390,Looking after nonhh adult (as a primary activity)
2011,040403,0.086623,Providing medical care to nonhh adult
2011,040404,0.066696,Obtaining medical and care services for nonhh adult
2011,040405,0.073314,Waiting associated with caring for nonhh adults
2011,040499,0.010247,"Caring for nonhh adults, n.e.c."
2011,040501,0.687958,"Housework, cooking, & shopping assistance for nonhh adults"
2011,040502,1.164229,House & lawn maintenance & repair assistance for nonhh adults
2011,040503,0.071440,Animal & pet care assistance for nonhh adults
2011,040504,0.527735,Vehicle & appliance maintenance/repair assistance for nonhh adults
2011,040505,0.062319,Financial management assistance for nonhh adults
2011,040506,0.345865,Household management & paperwork assistance for nonhh adults
2011,040507,0.412165,Picking up/dropping off nonhh adult
2011,040508,0.160989,Waiting associated with helping nonhh adults
2011,040599,0.254487,"Helping nonhh adults, n.e.c."
2011,049999,0.001357,"Caring for & helping nonhh members, n.e.c."
2011,050101,186.750357,"Work, main job"
2011,050102,5.319020,"Work, other job(s)"
2011,050103,0.019395,Security procedures related to work
2011,050189,0.173706,"Working, n.e.c."
2011,050201,0.055820,"Socializing, relaxing, and leisure as part of job"
2011,050202,0.227474,Eating and drinking as part of job
2011,050203,0.013461,Sports and exercise as part of job
2011,050204,0.000304,Security procedures as part of job
2011,050289,0.016834,"Work-related activities, n.e.c."
2011,050301,0.216773,"Income-generating hobbies, crafts, and food"
2011,050302,0.002890,Income-generating performances
2011,050303,0.873528,Income-generating services
2011,050304,0.100911,Income-generating rental property activities
2011,050389,1.274040,"Other income-generating activities, n.e.c."
2011,050403,0.150833,Job interviewing
2011,050404,0.047181,Waiting associated with job search or interview
2011,050481,2.228747,Job search activities
2011,059999,0.014703,"Work and work-related activities, n.e.c."
2011,060101,15.501442,"Taking class for degree, certification, or licensure"
2011,060102,0.850046,Taking class for personal interest
2011,060103,0.098625,Waiting associated with taking classes
2011,060199,0.085334,"Taking class, n.e.c."
2011,060201,0.075212,Extracurricular club activities
2011,060202,0.181836,Extracurricular music & performance activities
2011,060289,0.047215,"Education-related extracurricular activities, n.e.c."
2011,060301,8.880847,"Research/homework for class for degree, certification, or licensure"
2011,060302,0.125548,Research/homework for class for pers. interest
2011,060399,0.006956,Research/homework n.e.c.
2011,060401,0.167369,"Administrative activities: class for degree, certification, or licensure"
2011,060403,0.003831,Waiting associated w/admin. activities (education)
2011,060499,0.079146,"Administrative for education, n.e.c."
2011,069999,0.243221,"Education, n.e.c."
2011,070101,6.442322,Grocery shopping
2011,070102,0.353370,Purchasing gas
2011,070103,1.089933,Purchasing food (not groceries)
2011,070104,14.225665,"Shopping, except groceries, food and gas"
2011,070105,0.062318,Waiting associated with shopping
2011,070199,0.001669,"Shopping, n.e.c."
2011,070201,0.045588,Comparison shopping
2011,080101,0.034235,Using paid childcare services
2011,080102,0.007332,Waiting associated w/purchasing childcare svcs
2011,080201,0.286642,Banking
2011,080202,0.076777,Using other financial services
2011,080203,0.004838,Waiting associated w/banking/financial services
2011,080299,0.006471,"Using financial services and banking, n.e.c."
2011,080301,0.027624,Using legal services
2011,080401,2.130035,Using health and care services outside the home
2011,080402,0.053016,Using in-home health and care services
2011,080403,0.332303,Waiting associated with medical services
2011,080499,0.001855,"Using medical services, n.e.c."
2011,080501,1.036926,Using personal care services
2011,080502,0.053331,Waiting associated w/personal care services
2011,080601,0.208640,Activities rel. to purchasing/selling real estate
2011,080699,0.001140,"Using real estate services, n.e.c."
2011,080701,0.093883,Using veterinary services
2011,080702,0.012602,Waiting associated with veterinary services
2011,089999,0.029996,"Professional and personal services, n.e.c."
2011,090101,0.000500,Using interior cleaning services
2011,090103,0.025380,Using clothing repair and cleaning services
2011,090104,0.003363,Waiting associated with using household services
2011,090199,0.012716,"Using household services, n.e.c."
2011,090201,0.172155,Using home maint/repair/decor/construction svcs
2011,090202,0.009126,Waiting associated w/ home main/repair/decor/constr
2011,090301,0.020375,Using pet services
2011,090401,0.009272,Using lawn and garden services
2011,090402,0.034743,Waiting associated with using lawn & garden services
2011,090499,0.000344,"Using lawn and garden services, n.e.c."
2011,090501,0.200730,Using vehicle maintenance or repair services
2011,090502,0.179906,Waiting associated with vehicle main. or repair svcs
2011,090599,0.007407,"Using vehicle maint. & repair svcs, n.e.c."
2011,099999,0.085558,"Using household services, n.e.c."
2011,100101,0.026741,Using police and fire services
2011,100102,0.038539,Using social services
2011,100103,0.090504,"Obtaining licenses & paying fines, fees, taxes"
2011,100199,0.029483,"Using government services, n.e.c."
2011,100201,0.145580,Civic obligations & participation
2011,100381,0.017693,Waiting associated w/ using government services
2011,100383,0.002515,Waiting associated w/civic obligations & participation
2011,100401,0.000116,Security procedures rel. to govt svcs/civic obligations
2011,110101,67.324680,Eating and drinking
2011,110281,0.172369,Waiting associated w/eating & drinking
2011,120101,36.791422,Socializing and communicating with others
2011,120201,4.695495,Attending or hosting parties/receptions/ceremonies
2011,120202,0.505492,Attending meetings for personal interest (not volunteering)
2011,120299,0.009280,"Attending/hosting social events, n.e.c."
2011,120301,17.644386,"Relaxing, thinking"
2011,120302,0.316318,Tobacco and drug use
2011,120303,164.882198,Television and movies (not religious)
2011,120304,0.162524,Television (religious)
2011,120305,1.157744,Listening to the radio
2011,120306,2.044002,Listening to/playing music (not radio)
2011,120307,12.967364,Playing games
2011,120308,13.166502,Computer use for leisure (exc. Games)
2011,120309,1.304145,Arts and crafts as a hobby
2011,120310,0.003936,Collecting as a hobby
2011,120311,0.318469,"Hobbies, except arts & crafts and collecting"
2011,120312,17.815676,Reading for personal interest
2011,120313,0.198954,Writing for personal interest
2011,120399,0.177975,"Relaxing and leisure, n.e.c."
2011,120401,0.769761,Attending performing arts
2011,120402,0.364535,Attending museums
2011,120403,1.601342,Attending movies/film
2011,120404,0.710424,Attending gambling establishments
2011,120499,1.440795,"Arts and entertainment, n.e.c."
2011,120501,0.028223,Waiting assoc. w/socializing & communicating
2011,120502,0.000373,Waiting assoc. w/attending/hosting social events
2011,120503,0.002014,Waiting associated with relaxing/leisure
2011,120504,0.011092,Waiting associated with arts & entertainment
2011,130101,0.118477,Doing aerobics
2011,130102,0.155569,Playing baseball
2011,130103,0.985884,Playing basketball
2011,130104,0.605725,Biking
2011,130105,0.314852,Playing billiards
2011,130106,0.153913,Boating
2011,130107,0.278124,Bowling
2011,130108,0.058373,"Climbing, spelunking, caving"
2011,130109,0.337395,Dancing
2011,130110,0.033190,Participating in equestrian sports
2011,130112,1.021120,Fishing
2011,130113,0.116664,Playing football
2011,130114,0.916565,Golfing
2011,130115,0.047084,Doing gymnastics
2011,130116,0.124972,Hiking
2011,130117,0.014954,Playing hockey
2011,130118,0.487376,Hunting
2011,130119,0.008647,Participating in martial arts
2011,130120,0.218378,Playing racquet sports
2011,130121,0.009841,Participating in rodeo competitions
2011,130122,0.167292,Rollerblading
2011,130123,0.020638,Playing rugby
2011,130124,0.969107,Running
2011,130125,0.206695,"Skiing, ice skating, snowboarding"
2011,130126,0.283443,Playing soccer
2011,130127,0.208512,Softball
2011,130128,0.585549,Using cardiovascular equipment
2011,130129,0.214283,Vehicle touring/racing
2011,130130,0.160632,Playing volleyball
2011,130131,2.927048,Walking
2011,130132,1.758894,Participating in water sports
2011,130133,0.731647,Weightlifting/strength training
2011,130134,3.147933,"Working out, unspecified"
2011,130135,0.003229,Wrestling
2011,130136,0.152767,Doing yoga
2011,130199,0.726892,Playing sports n.e.c.
2011,130202,0.310883,Watching baseball
2011,130203,0.201970,Watching basketball
2011,130205,0.074981,Watching billiards
2011,130206,0.003100,Watching boating
2011,130207,0.002819,Watching bowling
2011,130210,0.009413,Watching equestrian sports
2011,130213,0.533729,Watching football
2011,130214,0.050164,Watching golfing
2011,130216,0.041108,Watching hockey
2011,130218,0.003197,Watching racquet sports
2011,130219,0.047801,Watching rodeo competitions
2011,130222,0.017487,Watching running
2011,130224,0.235642,Watching soccer
2011,130225,0.153561,Watching softball
2011,130226,0.074845,Watching vehicle touring/racing
2011,130227,0.021667,Watching volleyball
2011,130229,0.030204,Watching water sports
2011,130232,0.014797,Watching wrestling
2011,130299,0.125503,"Attending sporting events, n.e.c."
2011,130301,0.028154,Waiting related to playing sports or exercising
2011,130302,0.001255,Waiting related to attending sporting events
2011,139999,0.004212,"Sports, exercise, & recreation, n.e.c."
2011,140101,6.371551,Attending religious services
2011,140102,2.317520,Participation in religious practices
2011,140103,0.029119,Waiting associated w/religious & spiritual activities
2011,140105,0.575632,Religious education activities
2011,149999,0.004007,"Religious and spiritual activities, n.e.c."
2011,150101,0.680335,Computer use
2011,150102,0.793838,Organizing and preparing
2011,150103,0.121418,Reading
2011,150104,0.185828,Telephone calls (except hotline counseling)
2011,150105,0.034173,Writing
2011,150106,0.332651,Fundraising
2011,150199,0.263742,"Administrative & support activities, n.e.c."
2011,150201,0.737301,"Food preparation, presentation, clean-up"
2011,150202,0.120101,Collecting & delivering clothing & other goods
2011,150203,0.217187,Providing care
2011,150204,0.949596,"Teaching, leading, counseling, mentoring"
2011,150299,0.026153,"Social service & care activities, n.e.c."
2011,150301,0.098177,"Building houses, wildlife sites, & other structures"
2011,150302,0.460942,"Indoor & outdoor maintenance, repair, & clean-up"
2011,150399,0.013059,"Indoor & outdoor maintenance, building & clean-up activities, n.e.c."
2011,150401,0.407578,Performing
2011,150402,0.230800,Serving at volunteer events & cultural activities
2011,150499,0.033960,"Participating in performance & cultural activities, n.e.c."
2011,150501,0.949372,"Attending meetings, conferences, & training"
2011,150601,0.027529,Public health activities
2011,150602,0.112924,Public safety activities
2011,150699,0.047912,"Public health & safety activities, n.e.c."
2011,159989,2.059601,"Volunteer activities, n.e.c."
2011,160101,2.281669,Telephone calls to/from family members
2011,160102,2.204853,"Telephone calls to/from friends, neighbors, or acquaintances"
2011,160103,0.008613,Telephone calls to/from education services providers
2011,160104,0.037452,Telephone calls to/from salespeople
2011,160105,0.143682,Telephone calls to/from professional or personal care svcs providers
2011,160106,0.081290,Telephone calls to/from household services providers
2011,160107,0.000037,Telephone calls to/from paid child or adult care providers
2011,160108,0.021317,Telephone calls to/from government officials
2011,169989,1.042375,"Telephone calls, n.e.c."
2011,180101,1.135975,Travel related to personal care
2011,180280,2.817155,Travel related to household activities
2011,180381,3.748759,Travel related to caring for and helping hh children
2011,180382,1.043120,Travel related to caring for and helping hh adults
2011,180399,0.000170,"Travel rel. to caring for & helping hh members, n.e.c."
2011,180481,0.982403,Travel related to caring for and helping nonhh children
2011,180482,2.647891,Travel related to caring for and helping nonhh adults
2011,180499,0.002991,"Travel rel. to caring for & helping nonhh members, n.e.c."
2011,180501,16.019637,Travel related to working
2011,180502,0.097301,Travel related to work-related activities
2011,180589,0.530394,"Travel related to work, n.e.c."
2011,180601,1.650835,Travel related to taking class
2011,180682,0.393140,Travel related to education (except taking class)
2011,180699,0.020652,"Travel related to education, n.e.c."
2011,180701,3.267661,Travel related to grocery shopping
2011,180782,10.188189,Travel related to shopping (except grocery shopping)
2011,180801,0.009995,Travel related to using childcare services
2011,180802,0.381309,Travel related to using financial services and banking
2011,180803,0.012799,Travel related to using legal services
2011,180804,1.003483,Travel related to using medical services
2011,180805,0.306733,Travel related to using personal care services
2011,180806,0.090848,Travel related to using real estate services
2011,180807,0.069434,Travel related to using veterinary services
2011,180899,0.010663,"Travel rel. to using prof. & personal care services, n.e.c."
2011,180901,0.059922,Travel related to using household services
2011,180902,0.011732,Travel related to using home main./repair/decor./construction svcs
2011,180903,0.035467,Travel related to using pet services (not vet)
2011,180904,0.000172,Travel related to using lawn and garden services
2011,180905,0.253619,Travel related to using vehicle maintenance & repair services
2011,180999,0.003457,"Travel related to using household services, n.e.c."
2011,181002,0.136467,Travel related to civic obligations & participation
2011,181081,0.110886,Travel related to using government services
2011,181099,0.000698,"Travel rel. to govt svcs & civic obligations, n.e.c."
2011,181101,6.860872,Travel related to eating and drinking
2011,181201,5.288336,Travel related to socializing and communicating
2011,181202,0.781927,Travel related to attending or hosting social events
2011,181204,1.071554,Travel related to arts and entertainment
2011,181283,3.593821,Travel related to relaxing and leisure
2011,181301,2.189226,Travel related to participating in sports/exercise/recreation
2011,181302,0.365168,Travel related to attending sporting/recreational events
2011,181401,1.413699,Travel related to religious/spiritual practices
2011,181501,1.330652,Travel related to volunteering
2011,181599,0.046657,"Travel related to volunteer activities, n.e.c."
2011,181601,0.141584,Travel related to phone calls
2011,181801,0.177411,Security procedures related to traveling
2011,181899,0.094915,"Security procedures related to traveling, n.e.c."
2011,189999,2.097074,"Traveling, n.e.c."
2011,500101,10.710658,Insufficient detail in verbatim
2011,500103,0.731827,Missing travel or destination
2011,500104,0.698622,Recorded simultaneous activities incorrectly
2011,500105,0.230775,Respondent refused to provide information/none of your business
2011,500106,2.752421,Gap/can't remember
2011,500107,0.101913,Unable to code activity at 1st tier
2011,509989,0.000313,"Data codes, n.e.c."
2012,010101,520.543912,Sleeping
2012,010102,3.287493,Sleeplessness
2012,010201,40.050674,"Washing, dressing and grooming oneself"
2012,010299,0.016553,"Grooming, n.e.c."
2012,010301,3.813043,Health-related self care
2012,010399,0.149802,"Self care, n.e.c."
2012,010401,0.319817,Personal/Private activities
2012,020101,23.573683,Interior cleaning
2012,020102,10.004587,Laundry
2012,020103,1.141597,"Sewing, repairing, & maintaining textiles"
2012,020104,1.273998,"Storing interior hh items, inc. food"
2012,020201,24.974647,Food and drink preparation
2012,020202,0.295534,Food presentation
2012,020203,6.330839,Kitchen and food clean-up
2012,020301,2.813175,"Interior arrangement, decoration, & repairs"
2012,020302,0.114979,Building and repairing furniture
2012,020303,0.512996,Heating and cooling
2012,020399,0.009509,"Interior maintenance, repair, & decoration, n.e.c."
2012,020401,1.868879,Exterior cleaning
2012,020402,1.400565,"Exterior repair, improvements, & decoration"
2012,020499,0.036798,"Exterior maintenance, repair & decoration, n.e.c."
2012,020501,10.737524,"Lawn, garden, and houseplant care"
2012,020502,0.222592,"Ponds, pools, and hot tubs"
2012,020681,5.907742,Care for animals and pets (not veterinary care)
2012,020699,0.002371,"Pet and animal care, n.e.c."
2012,020701,2.109157,Vehicle repair and maintenance (by self)
2012,020799,0.012095,"Vehicles, n.e.c."
2012,020801,0.827294,"Appliance, tool, and toy set-up, repair, & maintenance (by self)"
2012,020901,1.666185,Financial management
2012,020902,5.870178,Household & personal organization and planning
2012,020903,1.058152,HH & personal mail & messages (except e-mail)
2012,020904,1.908670,HH & personal e-mail and messages
2012,020905,0.084093,Home security
2012,020999,0.001665,"Household management, n.e.c."
2012,029999,0.082790,"Household activities, n.e.c."
2012,030101,8.436948,Physical care for hh children
2012,030102,0.757883,Reading to/with hh children
2012,030103,6.302185,"Playing with hh children, not sports"
2012,030104,0.068232,Arts and crafts with hh children
2012,030105,0.129970,Playing sports with hh children
2012,030108,0.246576,Organization & planning for hh children
2012,030109,1.862353,Looking after hh children (as a primary activity)
2012,030110,1.305974,Attending hh children's events
2012,030111,0.308290,Waiting for/with hh children
2012,030112,0.972188,Picking up/dropping off hh children
2012,030186,0.878264,Talking with/listening to hh children
2012,030199,0.031653,"Caring for & helping hh children, n.e.c."
2012,030201,1.809553,Homework (hh children)
2012,030202,0.206937,Meetings and school conferences (hh children)
2012,030203,0.286603,Home schooling of hh children
2012,030204,0.000369,Waiting associated with hh children's education
2012,030299,0.010868,"Activities related to hh child's education, n.e.c."
2012,030301,0.132972,Providing medical care to hh children
2012,030302,0.326233,Obtaining medical care for hh children
2012,030303,0.128517,Waiting associated with hh children's health
2012,030399,0.021961,"Activities related to hh child's health, n.e.c."
2012,030401,0.494610,Physical care for hh adults
2012,030402,0.046935,Looking after hh adult (as a primary activity)
2012,030403,0.218427,Providing medical care to hh adult
2012,030404,0.274673,Obtaining medical and care services for hh adult
2012,030405,0.244949,Waiting associated with caring for household adults
2012,030499,0.007810,"Caring for household adults, n.e.c."
2012,030501,0.162075,Helping hh adults
2012,030502,0.073251,Organization & planning for hh adults
2012,030503,0.211202,Picking up/dropping off hh adult
2012,030504,0.160175,Waiting associated with helping hh adults
2012,030599,0.015425,"Helping household adults, n.e.c."
2012,039999,0.004390,"Caring for & helping hh members, n.e.c."
2012,040101,0.749304,Physical care for nonhh children
2012,040102,0.068695,Reading to/with nonhh children
2012,040103,1.393040,"Playing with nonhh children, not sports"
2012,040104,0.009128,Arts and crafts with nonhh children
2012,040105,0.010262,Playing sports with nonhh children
2012,040108,0.034169,Organization & planning for nonhh children
2012,040109,0.536142,Looking after nonhh children (as primary activity)
2012,040110,0.333712,Attending nonhh children's events
2012,040111,0.050377,Waiting for/with nonhh children
2012,040112,0.200836,Dropping off/picking up nonhh children
2012,040186,0.184191,Talking with/listening to nonhh children
2012,040199,0.018217,"Caring for and helping nonhh children, n.e.c."
2012,040201,0.091360,Homework (nonhh children)
2012,040202,0.004967,Meetings and school conferences (nonhh children)
2012,040302,0.042204,Obtaining medical care for nonhh children
2012,040303,0.063325,Waiting associated with nonhh children's health
2012,040401,0.180742,Physical care for nonhh adults
2012,040402,0.006770,Looking after nonhh adult (as a primary activity)
2012,040403,0.034808,Providing medical care to nonhh adult
2012,040404,0.100709,Obtaining medical and care services for nonhh adult
2012,040405,0.143702,Waiting associated with caring for nonhh adults
2012,040499,0.027540,"Caring for nonhh adults, n.e.c."
2012,040501,0.636421,"Housework, cooking, & shopping assistance for nonhh adults"
2012,040502,0.727696,House & lawn maintenance & repair assistance for nonhh adults
2012,040503,0.076135,Animal & pet care assistance for nonhh adults
2012,040504,0.358973,Vehicle & appliance maintenance/repair assistance for nonhh adults
2012,040505,0.042929,Financial management assistance for nonhh adults
2012,040506,0.171572,Household management & paperwork assistance for nonhh adults
2012,040507,0.506582,Picking up/dropping off nonhh adult
2012,040508,0.171228,Waiting associated with helping nonhh adults
2012,040599,0.299194,"Helping nonhh adults, n.e.c."
2012,049999,0.003262,"Caring for & helping nonhh members, n.e.c."
2012,050101,186.962528,"Work, main job"
2012,050102,4.135492,"Work, other job(s)"
2012,050103,0.000714,Security procedures related to work
2012,050189,0.248237,"Working, n.e.c."
2012,050201,0.002285,"Socializing, relaxing, and leisure as part of job"
2012,050202,0.213869,Eating and drinking as part of job
2012,050203,0.008814,Sports and exercise as part of job
2012,050204,0.000212,Security procedures as part of job
2012,050289,0.035119,"Work-related activities, n.e.c."
2012,050301,0.221055,"Income-generating hobbies, crafts, and food"
2012,050302,0.011401,Income-generating performances
2012,050303,0.439760,Income-generating services
2012,050304,0.112681,Income-generating rental property activities
2012,050389,0.724963,"Other income-generating activities, n.e.c."
2012,050403,0.218466,Job interviewing
2012,050404,0.013435,Waiting associated with job search or interview
2012,050481,2.091346,Job search activities
2012,060101,15.883669,"Taking class for degree, certification, or licensure"
2012,060102,0.759572,Taking class for personal interest
2012,060103,0.078301,Waiting associated with taking classes
2012,060199,0.023348,"Taking class, n.e.c."
2012,060201,0.037749,Extracurricular club activities
2012,060202,0.095756,Extracurricular music & performance activities
2012,060203,0.004381,Extracurricular student government activities
2012,060289,0.004426,"Education-related extracurricular activities, n.e.c."
2012,060301,9.807999,"Research/homework for class for degree, certification, or licensure"
2012,060302,0.156647,Research/homework for class for pers. interest
2012,060399,0.202275,Research/homework n.e.c.
2012,060401,0.224303,"Administrative activities: class for degree, certification, or licensure"
2012,060402,0.008752,Administrative activities: class for personal interest
2012,060499,0.003476,"Administrative for education, n.e.c."
2012,069999,0.424718,"Education, n.e.c."
2012,070101,5.523788,Grocery shopping
2012,070102,0.340386,Purchasing gas
2012,070103,1.157416,Purchasing food (not groceries)
2012,070104,14.082060,"Shopping, except groceries, food and gas"
2012,070105,0.048153,Waiting associated with shopping
2012,070201,0.066478,Comparison shopping
2012,079999,0.000659,"Consumer purchases, n.e.c."
2012,080101,0.018062,Using paid childcare services
2012,080201,0.372768,Banking
2012,080202,0.078605,Using other financial services
2012,080203,0.015992,Waiting associated w/banking/financial services
2012,080301,0.036500,Using legal services
2012,080401,2.605576,Using health and care services outside the home
2012,080402,0.084907,Using in-home health and care services
2012,080403,0.371771,Waiting associated with medical services
2012,080499,0.019361,"Using medical services, n.e.c."
2012,080501,0.851079,Using personal care services
2012,080502,0.023031,Waiting associated w/personal care services
2012,080599,0.004803,"Using personal care services, n.e.c."
2012,080601,0.155275,Activities rel. to purchasing/selling real estate
2012,080602,0.003064,Waiting associated w/purchasing/selling real estate
2012,080701,0.055698,Using veterinary services
2012,080702,0.056059,Waiting associated with veterinary services
2012,089999,0.093893,"Professional and personal services, n.e.c."
2012,090101,0.007759,Using interior cleaning services
2012,090103,0.037908,Using clothing repair and cleaning services
2012,090104,0.008755,Waiting associated with using household services
2012,090199,0.004388,"Using household services, n.e.c."
2012,090201,0.105101,Using home maint/repair/decor/construction svcs
2012,090202,0.051875,Waiting associated w/ home main/repair/decor/constr
2012,090299,0.002045,"Using home maint/repair/decor/constr services, n.e.c."
2012,090301,0.039315,Using pet services
2012,090302,0.001535,Waiting associated with pet services
2012,090401,0.013930,Using lawn and garden services
2012,090402,0.009403,Waiting associated with using lawn & garden services
2012,090501,0.254368,Using vehicle maintenance or repair services
2012,090502,0.197208,Waiting associated with vehicle main. or repair svcs
2012,099999,0.012460,"Using household services, n.e.c."
2012,100101,0.014695,Using police and fire services
2012,100102,0.075063,Using social services
2012,100103,0.203624,"Obtaining licenses & paying fines, fees, taxes"
2012,100199,0.009140,"Using government services, n.e.c."
2012,100201,0.153530,Civic obligations & participation
2012,100299,0.015737,"Civic obligations & participation, n.e.c."
2012,100381,0.060585,Waiting associated w/ using government services
2012,100383,0.011381,Waiting associated w/civic obligations & participation
2012,110101,67.462779,Eating and drinking
2012,110281,0.142638,Waiting associated w/eating & drinking
2012,120101,39.106474,Socializing and communicating with others
2012,120199,0.001317,"Socializing and communicating, n.e.c."
2012,120201,4.768866,Attending or hosting parties/receptions/ceremonies
2012,120202,0.712949,Attending meetings for personal interest (not volunteering)
2012,120299,0.018708,"Attending/hosting social events, n.e.c."
2012,120301,17.283371,"Relaxing, thinking"
2012,120302,0.402214,Tobacco and drug use
2012,120303,169.681099,Television and movies (not religious)
2012,120304,0.275858,Television (religious)
2012,120305,1.211099,Listening to the radio
2012,120306,1.656947,Listening to/playing music (not radio)
2012,120307,12.507497,Playing games
2012,120308,12.647240,Computer use for leisure (exc. Games)
2012,120309,1.907114,Arts and crafts as a hobby
2012,120310,0.009946,Collecting as a hobby
2012,120311,0.112307,"Hobbies, except arts & crafts and collecting"
2012,120312,19.549415,Reading for personal interest
2012,120313,0.457349,Writing for personal interest
2012,120399,0.092351,"Relaxing and leisure, n.e.c."
2012,120401,0.986085,Attending performing arts
2012,120402,0.293238,Attending museums
2012,120403,1.957908,Attending movies/film
2012,120404,0.584844,Attending gambling establishments
2012,120499,1.063858,"Arts and entertainment, n.e.c."
2012,120501,0.011314,Waiting assoc. w/socializing & communicating
2012,120503,0.002665,Waiting associated with relaxing/leisure
2012,120504,0.039352,Waiting associated with arts & entertainment
2012,130101,0.098827,Doing aerobics
2012,130102,0.173690,Playing baseball
2012,130103,0.912965,Playing basketball
2012,130104,0.602746,Biking
2012,130105,0.175042,Playing billiards
2012,130106,0.564517,Boating
2012,130107,0.459965,Bowling
2012,130108,0.009525,"Climbing, spelunking, caving"
2012,130109,0.274446,Dancing
2012,130110,0.062816,Participating in equestrian sports
2012,130112,1.101450,Fishing
2012,130113,0.222002,Playing football
2012,130114,1.440206,Golfing
2012,130115,0.002775,Doing gymnastics
2012,130116,0.235406,Hiking
2012,130117,0.056848,Playing hockey
2012,130118,0.494781,Hunting
2012,130119,0.016797,Participating in martial arts
2012,130120,0.235812,Playing racquet sports
2012,130122,0.084958,Rollerblading
2012,130123,0.004252,Playing rugby
2012,130124,0.801252,Running
2012,130125,0.263362,"Skiing, ice skating, snowboarding"
2012,130126,0.385166,Playing soccer
2012,130127,0.346723,Softball
2012,130128,0.717628,Using cardiovascular equipment
2012,130129,0.081185,Vehicle touring/racing
2012,130130,0.141034,Playing volleyball
2012,130131,3.269101,Walking
2012,130132,2.005395,Participating in water sports
2012,130133,0.639159,Weightlifting/strength training
2012,130134,2.775395,"Working out, unspecified"
2012,130135,0.001668,Wrestling
2012,130136,0.183069,Doing yoga
2012,130199,0.443304,Playing sports n.e.c.
2012,130202,0.383205,Watching baseball
2012,130203,0.241581,Watching basketball
2012,130204,0.022230,Watching biking
2012,130210,0.016761,Watching equestrian sports
2012,130211,0.016056,Watching fencing
2012,130212,0.007604,Watching fishing
2012,130213,0.285971,Watching football
2012,130214,0.020203,Watching golfing
2012,130215,0.021862,Watching gymnastics
2012,130216,0.072188,Watching hockey
2012,130217,0.017425,Watching martial arts
2012,130218,0.058124,Watching racquet sports
2012,130220,0.007325,Watching rollerblading
2012,130222,0.015641,Watching running
2012,130224,0.091786,Watching soccer
2012,130225,0.106926,Watching softball
2012,130226,0.003584,Watching vehicle touring/racing
2012,130227,0.007283,Watching volleyball
2012,130229,0.004447,Watching water sports
2012,130232,0.034485,Watching wrestling
2012,130299,0.080761,"Attending sporting events, n.e.c."
2012,130301,0.010431,Waiting related to playing sports or exercising
2012,130302,0.025768,Waiting related to attending sporting events
2012,139999,0.011317,"Sports, exercise, & recreation, n.e.c."
2012,140101,5.797042,Attending religious services
2012,140102,2.391299,Participation in religious practices
2012,140103,0.021640,Waiting associated w/religious & spiritual activities
2012,140105,0.759143,Religious education activities
2012,150101,0.823906,Computer use
2012,150102,0.678632,Organizing and preparing
2012,150103,0.045583,Reading
2012,150104,0.169822,Telephone calls (except hotline counseling)
2012,150105,0.066632,Writing
2012,150106,0.284613,Fundraising
2012,150199,0.173206,"Administrative & support activities, n.e.c."
2012,150201,0.412274,"Food preparation, presentation, clean-up"
2012,150202,0.141281,Collecting & delivering clothing & other goods
2012,150203,0.179000,Providing care
2012,150204,0.949465,"Teaching, leading, counseling, mentoring"
2012,150299,0.087331,"Social service & care activities, n.e.c."
2012,150301,0.001868,"Building houses, wildlife sites, & other structures"
2012,150302,0.330500,"Indoor & outdoor maintenance, repair, & clean-up"
2012,150399,0.044010,"Indoor & outdoor maintenance, building & clean-up activities, n.e.c."
2012,150401,0.321172,Performing
2012,150402,0.296084,Serving at volunteer events & cultural activities
2012,150501,1.070953,"Attending meetings, conferences, & training"
2012,150601,0.024158,Public health activities
2012,150602,0.075603,Public safety activities
2012,159989,1.376585,"Volunteer activities, n.e.c."
2012,160101,2.096573,Telephone calls to/from family members
2012,160102,2.420649,"Telephone calls to/from friends, neighbors, or acquaintances"
2012,160103,0.002592,Telephone calls to/from education services providers
2012,160104,0.076298,Telephone calls to/from salespeople
2012,160105,0.125247,Telephone calls to/from professional or personal care svcs providers
2012,160106,0.069181,Telephone calls to/from household services providers
2012,160107,0.001181,Telephone calls to/from paid child or adult care providers
2012,160108,0.029257,Telephone calls to/from government officials
2012,169989,1.405914,"Telephone calls, n.e.c."
2012,180101,1.012258,Travel related to personal care
2012,180199,0.000989,"Travel related to personal care, n.e.c."
2012,180280,2.571129,Travel related to household activities
2012,180381,3.503830,Travel related to caring for and helping hh children
2012,180382,1.024751,Travel related to caring for and helping hh adults
2012,180399,0.000253,"Travel rel. to caring for & helping hh members, n.e.c."
2012,180481,0.970248,Travel related to caring for and helping nonhh children
2012,180482,2.584622,Travel related to caring for and helping nonhh adults
2012,180501,16.162018,Travel related to working
2012,180502,0.059218,Travel related to work-related activities
2012,180589,0.406779,"Travel related to work, n.e.c."
2012,180601,1.806943,Travel related to taking class
2012,180682,0.345413,Travel related to education (except taking class)
2012,180699,0.020826,"Travel related to education, n.e.c."
2012,180701,2.964514,Travel related to grocery shopping
2012,180782,10.622579,Travel related to shopping (except grocery shopping)
2012,180801,0.007208,Travel related to using childcare services
2012,180802,0.357979,Travel related to using financial services and banking
2012,180803,0.030585,Travel related to using legal services
2012,180804,1.080430,Travel related to using medical services
2012,180805,0.321615,Travel related to using personal care services
2012,180806,0.047561,Travel related to using real estate services
2012,180807,0.062005,Travel related to using veterinary services
2012,180899,0.014970,"Travel rel. to using prof. & personal care services, n.e.c."
2012,180901,0.059944,Travel related to using household services
2012,180902,0.009472,Travel related to using home main./repair/decor./construction svcs
2012,180903,0.031990,Travel related to using pet services (not vet)
2012,180905,0.283998,Travel related to using vehicle maintenance & repair services
2012,181002,0.063388,Travel related to civic obligations & participation
2012,181081,0.166502,Travel related to using government services
2012,181101,7.220035,Travel related to eating and drinking
2012,181201,5.717005,Travel related to socializing and communicating
2012,181202,0.911353,Travel related to attending or hosting social events
2012,181204,1.121140,Travel related to arts and entertainment
2012,181283,3.225759,Travel related to relaxing and leisure
2012,181301,2.436983,Travel related to participating in sports/exercise/recreation
2012,181302,0.348393,Travel related to attending sporting/recreational events
2012,181399,0.000666,"Travel related to sports, exercise, & recreation, n.e.c."
2012,181401,1.509284,Travel related to religious/spiritual practices
2012,181501,0.971212,Travel related to volunteering
2012,181599,0.031048,"Travel related to volunteer activities, n.e.c."
2012,181601,0.107416,Travel related to phone calls
2012,181801,0.052808,Security procedures related to traveling
2012,181899,0.003809,"Security procedures related to traveling, n.e.c."
2012,189999,1.893532,"Traveling, n.e.c."
2012,500101,7.980795,Insufficient detail in verbatim
2012,500103,0.808203,Missing travel or destination
2012,500104,0.102728,Recorded simultaneous activities incorrectly
2012,500105,0.213743,Respondent refused to provide information/none of your business
2012,500106,3.233128,Gap/can't remember
2012,500107,0.024045,Unable to code activity at 1st tier
2013,010101,520.779679,Sleeping
2013,010102,3.510914,Sleeplessness
2013,010201,41.733212,"Washing, dressing and grooming oneself"
2013,010299,0.056248,"Grooming, n.e.c."
2013,010301,5.212037,Health-related self care
2013,010399,0.136342,"Self care, n.e.c."
2013,010401,0.289887,Personal/Private activities
2013,020101,21.552579,Interior cleaning
2013,020102,10.064005,Laundry
2013,020103,1.492915,"Sewing, repairing, & maintaining textiles"
2013,020104,1.299131,"Storing interior hh items, inc. food"
2013,020199,0.001027,"Housework, n.e.c."
2013,020201,26.999340,Food and drink preparation
2013,020202,0.344208,Food presentation
2013,020203,7.009604,Kitchen and food clean-up
2013,020299,0.001146,"Food & drink prep, presentation, & clean-up, n.e.c."
2013,020301,2.960676,"Interior arrangement, decoration, & repairs"
2013,020302,0.317681,Building and repairing furniture
2013,020303,0.600308,Heating and cooling
2013,020399,0.005764,"Interior maintenance, repair, & decoration, n.e.c."
2013,020401,2.007465,Exterior cleaning
2013,020402,1.039769,"Exterior repair, improvements, & decoration"
2013,020499,0.009974,"Exterior maintenance, repair & decoration, n.e.c."
2013,020501,10.915713,"Lawn, garden, and houseplant care"
2013,020502,0.126977,"Ponds, pools, and hot tubs"
2013,020599,0.000694,"Lawn and garden, n.e.c."
2013,020681,6.049897,Care for animals and pets (not veterinary care)
2013,020699,0.028154,"Pet and animal care, n.e.c."
2013,020701,2.370066,Vehicle repair and maintenance (by self)
2013,020799,0.032732,"Vehicles, n.e.c."
2013,020801,1.056343,"Appliance, tool, and toy set-up, repair, & maintenance (by self)"
2013,020899,0.002096,"Appliances and tools, n.e.c."
2013,020901,1.719494,Financial management
2013,020902,5.961603,Household & personal organization and planning
2013,020903,0.845858,HH & personal mail & messages (except e-mail)
2013,020904,1.974649,HH & personal e-mail and messages
2013,020905,0.109988,Home security
2013,020999,0.004091,"Household management, n.e.c."
2013,029999,0.048685,"Household activities, n.e.c."
2013,030101,8.537063,Physical care for hh children
2013,030102,0.674370,Reading to/with hh children
2013,030103,6.275058,"Playing with hh children, not sports"
2013,030104,0.052990,Arts and crafts with hh children
2013,030105,0.137282,Playing sports with hh children
2013,030108,0.216240,Organization & planning for hh children
2013,030109,1.646601,Looking after hh children (as a primary activity)
2013,030110,1.241679,Attending hh children's events
2013,030111,0.387176,Waiting for/with hh children
2013,030112,1.157589,Picking up/dropping off hh children
2013,030186,1.168190,Talking with/listening to hh children
2013,030199,0.030998,"Caring for & helping hh children, n.e.c."
2013,030201,2.279293,Homework (hh children)
2013,030202,0.066756,Meetings and school conferences (hh children)
2013,030203,0.133563,Home schooling of hh children
2013,030299,0.015148,"Activities related to hh child's education, n.e.c."
2013,030301,0.173912,Providing medical care to hh children
2013,030302,0.227463,Obtaining medical care for hh children
2013,030303,0.082370,Waiting associated with hh children's health
2013,030399,0.040511,"Activities related to hh child's health, n.e.c."
2013,030401,0.802188,Physical care for hh adults
2013,030402,0.058660,Looking after hh adult (as a primary activity)
2013,030403,0.167607,Providing medical care to hh adult
2013,030404,0.193853,Obtaining medical and care services for hh adult
2013,030405,0.091707,Waiting associated with caring for household adults
2013,030499,0.013032,"Caring for household adults, n.e.c."
2013,030501,0.204940,Helping hh adults
2013,030502,0.055203,Organization & planning for hh adults
2013,030503,0.245562,Picking up/dropping off hh adult
2013,030504,0.190160,Waiting associated with helping hh adults
2013,030599,0.096521,"Helping household adults, n.e.c."
2013,039999,0.007094,"Caring for & helping hh members, n.e.c."
2013,040101,0.456133,Physical care for nonhh children
2013,040102,0.075879,Reading to/with nonhh children
2013,040103,1.852452,"Playing with nonhh children, not sports"
2013,040104,0.017480,Arts and crafts with nonhh children
2013,040105,0.037982,Playing sports with nonhh children
2013,040108,0.034440,Organization & planning for nonhh children
2013,040109,0.700212,Looking after nonhh children (as primary activity)
2013,040110,0.250952,Attending nonhh children's events
2013,040111,0.017848,Waiting for/with nonhh children
2013,040112,0.220211,Dropping off/picking up nonhh children
2013,040186,0.574246,Talking with/listening to nonhh children
2013,040199,0.149124,"Caring for and helping nonhh children, n.e.c."
2013,040201,0.095388,Homework (nonhh children)
2013,040299,0.001236,"Activities related to nonhh child's educ., n.e.c."
2013,040301,0.042410,Providing medical care to nonhh children
2013,040302,0.013189,Obtaining medical care for nonhh children
2013,040401,0.263784,Physical care for nonhh adults
2013,040402,0.027866,Looking after nonhh adult (as a primary activity)
2013,040403,0.034232,Providing medical care to nonhh adult
2013,040404,0.141530,Obtaining medical and care services for nonhh adult
2013,040405,0.057643,Waiting associated with caring for nonhh adults
2013,040499,0.027298,"Caring for nonhh adults, n.e.c."
2013,040501,0.517492,"Housework, cooking, & shopping assistance for nonhh adults"
2013,040502,0.799727,House & lawn maintenance & repair assistance for nonhh adults
2013,040503,0.117118,Animal & pet care assistance for nonhh adults
2013,040504,0.346378,Vehicle & appliance maintenance/repair assistance for nonhh adults
2013,040505,0.066809,Financial management assistance for nonhh adults
2013,040506,0.517717,Household management & paperwork assistance for nonhh adults
2013,040507,0.408061,Picking up/dropping off nonhh adult
2013,040508,0.172817,Waiting associated with helping nonhh adults
2013,040599,0.272382,"Helping nonhh adults, n.e.c."
2013,050101,183.593588,"Work, main job"
2013,050102,4.412194,"Work, other job(s)"
2013,050103,0.002005,Security procedures related to work
2013,050189,0.286211,"Working, n.e.c."
2013,050201,0.069496,"Socializing, relaxing, and leisure as part of job"
2013,050202,0.321962,Eating and drinking as part of job
2013,050289,0.001819,"Work-related activities, n.e.c."
2013,050301,0.104645,"Income-generating hobbies, crafts, and food"
2013,050302,0.003729,Income-generating performances
2013,050303,0.503462,Income-generating services
2013,050304,0.035807,Income-generating rental property activities
2013,050389,0.534128,"Other income-generating activities, n.e.c."
2013,050403,0.141324,Job interviewing
2013,050404,0.001037,Waiting associated with job search or interview
2013,050481,2.099030,Job search activities
2013,059999,0.000383,"Work and work-related activities, n.e.c."
2013,060101,14.827890,"Taking class for degree, certification, or licensure"
2013,060102,0.503367,Taking class for personal interest
2013,060103,0.052633,Waiting associated with taking classes
2013,060199,0.049526,"Taking class, n.e.c."
2013,060201,0.115039,Extracurricular club activities
2013,060202,0.187218,Extracurricular music & performance activities
2013,060289,0.035478,"Education-related extracurricular activities, n.e.c."
2013,060301,10.530449,"Research/homework for class for degree, certification, or licensure"
2013,060302,0.111371,Research/homework for class for pers. interest
2013,060303,0.002084,Waiting associated with research/homework
2013,060399,0.146826,Research/homework n.e.c.
2013,060401,0.095807,"Administrative activities: class for degree, certification, or licensure"
2013,060402,0.004144,Administrative activities: class for personal interest
2013,060403,0.005487,Waiting associated w/admin. activities (education)
2013,060499,0.108527,"Administrative for education, n.e.c."
2013,069999,0.135856,"Education, n.e.c."
2013,070101,6.362911,Grocery shopping
2013,070102,0.337884,Purchasing gas
2013,070103,1.157997,Purchasing food (not groceries)
2013,070104,14.109754,"Shopping, except groceries, food and gas"
2013,070105,0.070036,Waiting associated with shopping
2013,070201,0.088982,Comparison shopping
2013,080101,0.012240,Using paid childcare services
2013,080201,0.256173,Banking
2013,080202,0.046057,Using other financial services
2013,080203,0.003544,Waiting associated w/banking/financial services
2013,080301,0.012461,Using legal services
2013,080401,2.639195,Using health and care services outside the home
2013,080402,0.019292,Using in-home health and care services
2013,080403,0.494047,Waiting associated with medical services
2013,080499,0.004309,"Using medical services, n.e.c."
2013,080501,0.812941,Using personal care services
2013,080502,0.089711,Waiting associated w/personal care services
2013,080601,0.326098,Activities rel. to purchasing/selling real estate
2013,080602,0.001277,Waiting associated w/purchasing/selling real estate
2013,080701,0.092689,Using veterinary services
2013,080702,0.056729,Waiting associated with veterinary services
2013,089999,0.039153,"Professional and personal services, n.e.c."
2013,090101,0.005913,Using interior cleaning services
2013,090103,0.015967,Using clothing repair and cleaning services
2013,090199,0.004243,"Using household services, n.e.c."
2013,090201,0.147989,Using home maint/repair/decor/construction svcs
2013,090202,0.117718,Waiting associated w/ home main/repair/decor/constr
2013,090301,0.026603,Using pet services
2013,090302,0.001093,Waiting associated with pet services
2013,090399,0.004786,"Using pet services, n.e.c."
2013,090401,0.029946,Using lawn and garden services
2013,090499,0.001299,"Using lawn and garden services, n.e.c."
2013,090501,0.206449,Using vehicle maintenance or repair services
2013,090502,0.162552,Waiting associated with vehicle main. or repair svcs
2013,090599,0.001321,"Using vehicle maint. & repair svcs, n.e.c."
2013,099999,0.031641,"Using household services, n.e.c."
2013,100101,0.057285,Using police and fire services
2013,100102,0.036638,Using social services
2013,100103,0.237921,"Obtaining licenses & paying fines, fees, taxes"
2013,100199,0.030061,"Using government services, n.e.c."
2013,100201,0.086806,Civic obligations & participation
2013,100381,0.053587,Waiting associated w/ using government services
2013,100499,0.000270,"Security procedures rel. to govt svcs/civic obligations, n.e.c."
2013,109999,0.001509,"Government services, n.e.c."
2013,110101,66.694389,Eating and drinking
2013,110281,0.184797,Waiting associated w/eating & drinking
2013,120101,39.000540,Socializing and communicating with others
2013,120201,3.405376,Attending or hosting parties/receptions/ceremonies
2013,120202,0.691730,Attending meetings for personal interest (not volunteering)
2013,120299,0.003324,"Attending/hosting social events, n.e.c."
2013,120301,17.827459,"Relaxing, thinking"
2013,120302,0.300192,Tobacco and drug use
2013,120303,165.971192,Television and movies (not religious)
2013,120304,0.152721,Television (religious)
2013,120305,1.232003,Listening to the radio
2013,120306,1.461462,Listening to/playing music (not radio)
2013,120307,13.418568,Playing games
2013,120308,12.540250,Computer use for leisure (exc. Games)
2013,120309,1.542677,Arts and crafts as a hobby
2013,120310,0.004897,Collecting as a hobby
2013,120311,0.361629,"Hobbies, except arts & crafts and collecting"
2013,120312,19.304828,Reading for personal interest
2013,120313,0.240964,Writing for personal interest
2013,120399,0.094952,"Relaxing and leisure, n.e.c."
2013,120401,0.968897,Attending performing arts
2013,120402,0.463529,Attending museums
2013,120403,1.760643,Attending movies/film
2013,120404,0.510131,Attending gambling establishments
2013,120499,1.316731,"Arts and entertainment, n.e.c."
2013,120501,0.005701,Waiting assoc. w/socializing & communicating
2013,120502,0.001514,Waiting assoc. w/attending/hosting social events
2013,120503,0.004971,Waiting associated with relaxing/leisure
2013,120504,0.015219,Waiting associated with arts & entertainment
2013,120599,0.004814,"Waiting associated with socializing, n.e.c."
2013,129999,0.006333,"Socializing, relaxing, and leisure, n.e.c."
2013,130101,0.232886,Doing aerobics
2013,130102,0.094681,Playing baseball
2013,130103,0.750527,Playing basketball
2013,130104,0.397848,Biking
2013,130105,0.194579,Playing billiards
2013,130106,0.138613,Boating
2013,130107,0.426853,Bowling
2013,130108,0.048198,"Climbing, spelunking, caving"
2013,130109,0.288690,Dancing
2013,130110,0.101781,Participating in equestrian sports
2013,130112,1.490287,Fishing
2013,130113,0.271633,Playing football
2013,130114,0.797351,Golfing
2013,130115,0.019703,Doing gymnastics
2013,130116,0.168410,Hiking
2013,130117,0.027493,Playing hockey
2013,130118,0.861119,Hunting
2013,130119,0.069098,Participating in martial arts
2013,130120,0.138349,Playing racquet sports
2013,130122,0.086600,Rollerblading
2013,130123,0.005464,Playing rugby
2013,130124,0.867452,Running
2013,130125,0.296828,"Skiing, ice skating, snowboarding"
2013,130126,0.399464,Playing soccer
2013,130127,0.062652,Softball
2013,130128,0.598363,Using cardiovascular equipment
2013,130129,0.146825,Vehicle touring/racing
2013,130130,0.121398,Playing volleyball
2013,130131,2.874156,Walking
2013,130132,0.945825,Participating in water sports
2013,130133,0.922872,Weightlifting/strength training
2013,130134,2.909216,"Working out, unspecified"
2013,130135,0.016208,Wrestling
2013,130136,0.227534,Doing yoga
2013,130199,0.838293,Playing sports n.e.c.
2013,130202,0.268005,Watching baseball
2013,130203,0.268129,Watching basketball
2013,130205,0.008191,Watching billiards
2013,130206,0.001743,Watching boating
2013,130207,0.008452,Watching bowling
2013,130210,0.020458,Watching equestrian sports
2013,130213,0.266445,Watching football
2013,130215,0.013795,Watching gymnastics
2013,130216,0.073025,Watching hockey
2013,130218,0.004613,Watching racquet sports
2013,130219,0.010082,Watching rodeo competitions
2013,130220,0.004660,Watching rollerblading
2013,130221,0.001477,Watching rugby
2013,130222,0.041321,Watching running
2013,130223,0.000591,"Watching skiing, ice skating, snowboarding"
2013,130224,0.121913,Watching soccer
2013,130225,0.088514,Watching softball
2013,130226,0.121498,Watching vehicle touring/racing
2013,130227,0.061399,Watching volleyball
2013,130229,0.048360,Watching water sports
2013,130232,0.012874,Watching wrestling
2013,130299,0.131185,"Attending sporting events, n.e.c."
2013,130301,0.013714,Waiting related to playing sports or exercising
2013,130302,0.007932,Waiting related to attending sporting events
2013,139999,0.014003,"Sports, exercise, & recreation, n.e.c."
2013,140101,5.505475,Attending religious services
2013,140102,2.350394,Participation in religious practices
2013,140103,0.029467,Waiting associated w/religious & spiritual activities
2013,140105,0.773771,Religious education activities
2013,149999,0.019741,"Religious and spiritual activities, n.e.c."
2013,150101,0.758201,Computer use
2013,150102,0.695095,Organizing and preparing
2013,150103,0.056513,Reading
2013,150104,0.152825,Telephone calls (except hotline counseling)
2013,150105,0.037453,Writing
2013,150106,0.233062,Fundraising
2013,150199,0.122045,"Administrative & support activities, n.e.c."
2013,150201,0.751802,"Food preparation, presentation, clean-up"
2013,150202,0.103638,Collecting & delivering clothing & other goods
2013,150203,0.430531,Providing care
2013,150204,1.022648,"Teaching, leading, counseling, mentoring"
2013,150299,0.261297,"Social service & care activities, n.e.c."
2013,150301,0.004478,"Building houses, wildlife sites, & other structures"
2013,150302,0.288176,"Indoor & outdoor maintenance, repair, & clean-up"
2013,150399,0.021429,"Indoor & outdoor maintenance, building & clean-up activities, n.e.c."
2013,150401,0.371779,Performing
2013,150402,0.440803,Serving at volunteer events & cultural activities
2013,150499,0.058213,"Participating in performance & cultural activities, n.e.c."
2013,150501,0.964990,"Attending meetings, conferences, & training"
2013,150599,0.011378,"Attending meetings, conferences, & training, n.e.c."
2013,150601,0.000084,Public health activities
2013,150602,0.071269,Public safety activities
2013,150699,0.000531,"Public health & safety activities, n.e.c."
2013,159989,1.556200,"Volunteer activities, n.e.c."
2013,160101,2.303651,Telephone calls to/from family members
2013,160102,1.715976,"Telephone calls to/from friends, neighbors, or acquaintances"
2013,160103,0.010523,Telephone calls to/from education services providers
2013,160104,0.067585,Telephone calls to/from salespeople
2013,160105,0.176243,Telephone calls to/from professional or personal care svcs providers
2013,160106,0.052900,Telephone calls to/from household services providers
2013,160107,0.000997,Telephone calls to/from paid child or adult care providers
2013,160108,0.018158,Telephone calls to/from government officials
2013,169989,1.478161,"Telephone calls, n.e.c."
2013,180101,0.802889,Travel related to personal care
2013,180199,0.002121,"Travel related to personal care, n.e.c."
2013,180280,2.581557,Travel related to household activities
2013,180381,3.855063,Travel related to caring for and helping hh children
2013,180382,1.274357,Travel related to caring for and helping hh adults
2013,180481,0.967740,Travel related to caring for and helping nonhh children
2013,180482,2.334373,Travel related to caring for and helping nonhh adults
2013,180501,15.418300,Travel related to working
2013,180502,0.046099,Travel related to work-related activities
2013,180589,0.268277,"Travel related to work, n.e.c."
2013,180601,1.267822,Travel related to taking class
2013,180682,0.388357,Travel related to education (except taking class)
2013,180699,0.001909,"Travel related to education, n.e.c."
2013,180701,3.544135,Travel related to grocery shopping
2013,180782,10.384279,Travel related to shopping (except grocery shopping)
2013,180801,0.019889,Travel related to using childcare services
2013,180802,0.276099,Travel related to using financial services and banking
2013,180803,0.000969,Travel related to using legal services
2013,180804,1.341347,Travel related to using medical services
2013,180805,0.302472,Travel related to using personal care services
2013,180806,0.155710,Travel related to using real estate services
2013,180807,0.065723,Travel related to using veterinary services
2013,180899,0.019045,"Travel rel. to using prof. & personal care services, n.e.c."
2013,180901,0.040263,Travel related to using household services
2013,180902,0.025793,Travel related to using home main./repair/decor./construction svcs
2013,180903,0.050227,Travel related to using pet services (not vet)
2013,180904,0.002975,Travel related to using lawn and garden services
2013,180905,0.177004,Travel related to using vehicle maintenance & repair services
2013,180999,0.002443,"Travel related to using household services, n.e.c."
2013,181002,0.016149,Travel related to civic obligations & participation
2013,181081,0.184759,Travel related to using government services
2013,181099,0.001207,"Travel rel. to govt svcs & civic obligations, n.e.c."
2013,181101,6.765840,Travel related to eating and drinking
2013,181201,5.616166,Travel related to socializing and communicating
2013,181202,0.645607,Travel related to attending or hosting social events
2013,181204,1.023287,Travel related to arts and entertainment
2013,181283,3.316487,Travel related to relaxing and leisure
2013,181299,0.001900,"Travel rel. to socializing, relaxing, & leisure, n.e.c."
2013,181301,2.507297,Travel related to participating in sports/exercise/recreation
2013,181302,0.386759,Travel related to attending sporting/recreational events
2013,181401,1.191700,Travel related to religious/spiritual practices
2013,181499,0.000996,"Travel rel. to religious/spiritual activities, n.e.c."
2013,181501,0.975072,Travel related to volunteering
2013,181599,0.030058,"Travel related to volunteer activities, n.e.c."
2013,181601,0.230978,Travel related to phone calls
2013,181801,0.067293,Security procedures related to traveling
2013,189999,2.210884,"Traveling, n.e.c."
2013,500101,10.645850,Insufficient detail in verbatim
2013,500103,1.324661,Missing travel or destination
2013,500105,0.189420,Respondent refused to provide information/none of your business
2013,500106,3.945336,Gap/can't remember
2013,500107,0.276154,Unable to code activity at 1st tier
2014,010101,524.319436,Sleeping
2014,010102,3.475396,Sleeplessness
2014,010201,41.000387,"Washing, dressing and grooming oneself"
2014,010299,0.052554,"Grooming, n.e.c."
2014,010301,4.582753,Health-related self care
2014,010399,0.054011,"Self care, n.e.c."
2014,010401,0.302822,Personal/Private activities
2014,010501,0.000823,Personal emergencies
2014,019999,0.004295,"Personal care, n.e.c."
2014,020101,20.078114,Interior cleaning
2014,020102,10.335341,Laundry
2014,020103,1.460805,"Sewing, repairing, & maintaining textiles"
2014,020104,1.331127,"Storing interior hh items, inc. food"
2014,020199,0.012324,"Housework, n.e.c."
2014,020201,27.216035,Food and drink preparation
2014,020202,0.458354,Food presentation
2014,020203,7.492801,Kitchen and food clean-up
2014,020301,2.814718,"Interior arrangement, decoration, & repairs"
2014,020302,0.468240,Building and repairing furniture
2014,020303,0.592413,Heating and cooling
2014,020399,0.038152,"Interior maintenance, repair, & decoration, n.e.c."
2014,020401,1.920610,Exterior cleaning
2014,020402,1.264048,"Exterior repair, improvements, & decoration"
2014,020499,0.023596,"Exterior maintenance, repair & decoration, n.e.c."
2014,020501,10.952266,"Lawn, garden, and houseplant care"
2014,020502,0.248662,"Ponds, pools, and hot tubs"
2014,020599,0.000131,"Lawn and garden, n.e.c."
2014,020681,6.431429,Care for animals and pets (not veterinary care)
2014,020699,0.010232,"Pet and animal care, n.e.c."
2014,020701,2.877923,Vehicle repair and maintenance (by self)
2014,020799,0.021909,"Vehicles, n.e.c."
2014,020801,0.910443,"Appliance, tool, and toy set-up, repair, & maintenance (by self)"
2014,020901,1.601327,Financial management
2014,020902,5.127707,Household & personal organization and planning
2014,020903,0.907099,HH & personal mail & messages (except e-mail)
2014,020904,1.748064,HH & personal e-mail and messages
2014,020905,0.176754,Home security
2014,020999,0.009472,"Household management, n.e.c."
2014,029999,0.020760,"Household activities, n.e.c."
2014,030101,8.888422,Physical care for hh children
2014,030102,0.766179,Reading to/with hh children
2014,030103,5.829153,"Playing with hh children, not sports"
2014,030104,0.065673,Arts and crafts with hh children
2014,030105,0.233046,Playing sports with hh children
2014,030108,0.207088,Organization & planning for hh children
2014,030109,1.569401,Looking after hh children (as a primary activity)
2014,030110,1.425771,Attending hh children's events
2014,030111,0.305725,Waiting for/with hh children
2014,030112,1.118874,Picking up/dropping off hh children
2014,030186,1.063386,Talking with/listening to hh children
2014,030199,0.056825,"Caring for & helping hh children, n.e.c."
2014,030201,1.947524,Homework (hh children)
2014,030202,0.136778,Meetings and school conferences (hh children)
2014,030203,0.200078,Home schooling of hh children
2014,030299,0.028786,"Activities related to hh child's education, n.e.c."
2014,030301,0.189945,Providing medical care to hh children
2014,030302,0.408634,Obtaining medical care for hh children
2014,030303,0.098356,Waiting associated with hh children's health
2014,030399,0.106469,"Activities related to hh child's health, n.e.c."
2014,030401,1.068236,Physical care for hh adults
2014,030402,0.153674,Looking after hh adult (as a primary activity)
2014,030403,0.210741,Providing medical care to hh adult
2014,030404,0.212159,Obtaining medical and care services for hh adult
2014,030405,0.192341,Waiting associated with caring for household adults
2014,030499,0.048073,"Caring for household adults, n.e.c."
2014,030501,0.258009,Helping hh adults
2014,030502,0.047416,Organization & planning for hh adults
2014,030503,0.196703,Picking up/dropping off hh adult
2014,030504,0.193965,Waiting associated with helping hh adults
2014,030599,0.040745,"Helping household adults, n.e.c."
2014,039999,0.002741,"Caring for & helping hh members, n.e.c."
2014,040101,0.471622,Physical care for nonhh children
2014,040102,0.059668,Reading to/with nonhh children
2014,040103,1.720416,"Playing with nonhh children, not sports"
2014,040104,0.026948,Arts and crafts with nonhh children
2014,040105,0.030323,Playing sports with nonhh children
2014,040108,0.019645,Organization & planning for nonhh children
2014,040109,0.726793,Looking after nonhh children (as primary activity)
2014,040110,0.256109,Attending nonhh children's events
2014,040111,0.049433,Waiting for/with nonhh children
2014,040112,0.184208,Dropping off/picking up nonhh children
2014,040186,0.425058,Talking with/listening to nonhh children
2014,040199,0.090123,"Caring for and helping nonhh children, n.e.c."
2014,040201,0.091261,Homework (nonhh children)
2014,040203,0.022001,Home schooling of nonhh children
2014,040301,0.021436,Providing medical care to nonhh children
2014,040302,0.025953,Obtaining medical care for nonhh children
2014,040303,0.005515,Waiting associated with nonhh children's health
2014,040401,0.212530,Physical care for nonhh adults
2014,040402,0.025128,Looking after nonhh adult (as a primary activity)
2014,040403,0.081392,Providing medical care to nonhh adult
2014,040404,0.208188,Obtaining medical and care services for nonhh adult
2014,040405,0.221167,Waiting associated with caring for nonhh adults
2014,040501,0.549857,"Housework, cooking, & shopping assistance for nonhh adults"
2014,040502,0.889399,House & lawn maintenance & repair assistance for nonhh adults
2014,040503,0.090449,Animal & pet care assistance for nonhh adults
2014,040504,0.295530,Vehicle & appliance maintenance/repair assistance for nonhh adults
2014,040505,0.049484,Financial management assistance for nonhh adults
2014,040506,0.273360,Household management & paperwork assistance for nonhh adults
2014,040507,0.337838,Picking up/dropping off nonhh adult
2014,040508,0.220566,Waiting associated with helping nonhh adults
2014,040599,0.298163,"Helping nonhh adults, n.e.c."
2014,049999,0.000366,"Caring for & helping nonhh members, n.e.c."
2014,050101,190.571038,"Work, main job"
2014,050102,4.310165,"Work, other job(s)"
2014,050103,0.002404,Security procedures related to work
2014,050189,0.217840,"Working, n.e.c."
2014,050201,0.040433,"Socializing, relaxing, and leisure as part of job"
2014,050202,0.291143,Eating and drinking as part of job
2014,050203,0.120438,Sports and exercise as part of job
2014,050289,0.000554,"Work-related activities, n.e.c."
2014,050301,0.091391,"Income-generating hobbies, crafts, and food"
2014,050302,0.002387,Income-generating performances
2014,050303,0.624123,Income-generating services
2014,050304,0.031156,Income-generating rental property activities
2014,050389,0.628603,"Other income-generating activities, n.e.c."
2014,050403,0.088979,Job interviewing
2014,050404,0.005585,Waiting associated with job search or interview
2014,050481,2.163552,Job search activities
2014,050499,0.023262,"Job search and Interviewing, n.e.c."
2014,059999,0.016114,"Work and work-related activities, n.e.c."
2014,060101,13.005489,"Taking class for degree, certification, or licensure"
2014,060102,0.619284,Taking class for personal interest
2014,060103,0.049833,Waiting associated with taking classes
2014,060199,0.403783,"Taking class, n.e.c."
2014,060201,0.067156,Extracurricular club activities
2014,060202,0.133036,Extracurricular music & performance activities
2014,060301,8.287030,"Research/homework for class for degree, certification, or licensure"
2014,060302,0.255470,Research/homework for class for pers. interest
2014,060303,0.004724,Waiting associated with research/homework
2014,060399,0.506514,Research/homework n.e.c.
2014,060401,0.103396,"Administrative activities: class for degree, certification, or licensure"
2014,060403,0.007519,Waiting associated w/admin. activities (education)
2014,060499,0.010292,"Administrative for education, n.e.c."
2014,069999,0.152949,"Education, n.e.c."
2014,070101,6.822812,Grocery shopping
2014,070102,0.409263,Purchasing gas
2014,070103,1.234481,Purchasing food (not groceries)
2014,070104,12.959981,"Shopping, except groceries, food and gas"
2014,070105,0.067348,Waiting associated with shopping
2014,070199,0.001180,"Shopping, n.e.c."
2014,070201,0.023452,Comparison shopping
2014,079999,0.000902,"Consumer purchases, n.e.c."
2014,080101,0.015480,Using paid childcare services
2014,080201,0.359270,Banking
2014,080202,0.042811,Using other financial services
2014,080203,0.002243,Waiting associated w/banking/financial services
2014,080301,0.022199,Using legal services
2014,080399,0.000417,"Using legal services, n.e.c."
2014,080401,3.013930,Using health and care services outside the home
2014,080402,0.058657,Using in-home health and care services
2014,080403,0.501775,Waiting associated with medical services
2014,080501,1.018378,Using personal care services
2014,080502,0.045425,Waiting associated w/personal care services
2014,080601,0.181734,Activities rel. to purchasing/selling real estate
2014,080602,0.000157,Waiting associated w/purchasing/selling real estate
2014,080701,0.098362,Using veterinary services
2014,080702,0.003220,Waiting associated with veterinary services
2014,080799,0.000775,"Using veterinary services, n.e.c."
2014,089999,0.024979,"Professional and personal services, n.e.c."
2014,090101,0.000416,Using interior cleaning services
2014,090103,0.021503,Using clothing repair and cleaning services
2014,090104,0.000453,Waiting associated with using household services
2014,090199,0.003598,"Using household services, n.e.c."
2014,090201,0.196075,Using home maint/repair/decor/construction svcs
2014,090202,0.061243,Waiting associated w/ home main/repair/decor/constr
2014,090301,0.016957,Using pet services
2014,090401,0.005751,Using lawn and garden services
2014,090501,0.298803,Using vehicle maintenance or repair services
2014,090502,0.252965,Waiting associated with vehicle main. or repair svcs
2014,090599,0.003890,"Using vehicle maint. & repair svcs, n.e.c."
2014,099999,0.021116,"Using household services, n.e.c."
2014,100101,0.010798,Using police and fire services
2014,100102,0.039651,Using social services
2014,100103,0.058786,"Obtaining licenses & paying fines, fees, taxes"
2014,100199,0.033401,"Using government services, n.e.c."
2014,100201,0.226652,Civic obligations & participation
2014,100381,0.097598,Waiting associated w/ using government services
2014,100383,0.050181,Waiting associated w/civic obligations & participation
2014,109999,0.030595,"Government services, n.e.c."
2014,110101,64.307371,Eating and drinking
2014,110281,0.176135,Waiting associated w/eating & drinking
2014,110289,0.002456,"Waiting associated with eating & drinking, n.e.c."
2014,120101,38.460019,Socializing and communicating with others
2014,120199,0.008375,"Socializing and communicating, n.e.c."
2014,120201,3.611968,Attending or hosting parties/receptions/ceremonies
2014,120202,0.436981,Attending meetings for personal interest (not volunteering)
2014,120299,0.029174,"Attending/hosting social events, n.e.c."
2014,120301,17.046004,"Relaxing, thinking"
2014,120302,0.462624,Tobacco and drug use
2014,120303,169.270121,Television and movies (not religious)
2014,120304,0.146182,Television (religious)
2014,120305,1.026559,Listening to the radio
2014,120306,1.945572,Listening to/playing music (not radio)
2014,120307,13.361913,Playing games
2014,120308,13.624127,Computer use for leisure (exc. Games)
2014,120309,1.400425,Arts and crafts as a hobby
2014,120310,0.002409,Collecting as a hobby
2014,120311,0.218203,"Hobbies, except arts & crafts and collecting"
2014,120312,19.168004,Reading for personal interest
2014,120313,0.281992,Writing for personal interest
2014,120399,0.130706,"Relaxing and leisure, n.e.c."
2014,120401,0.901167,Attending performing arts
2014,120402,0.283250,Attending museums
2014,120403,1.439168,Attending movies/film
2014,120404,0.630175,Attending gambling establishments
2014,120499,1.959633,"Arts and entertainment, n.e.c."
2014,120501,0.012561,Waiting assoc. w/socializing & communicating
2014,120502,0.000866,Waiting assoc. w/attending/hosting social events
2014,120503,0.013512,Waiting associated with relaxing/leisure
2014,120504,0.054294,Waiting associated with arts & entertainment
2014,129999,0.000388,"Socializing, relaxing, and leisure, n.e.c."
2014,130101,0.156335,Doing aerobics
2014,130102,0.132992,Playing baseball
2014,130103,0.742176,Playing basketball
2014,130104,0.485070,Biking
2014,130105,0.241312,Playing billiards
2014,130106,0.173856,Boating
2014,130107,0.486333,Bowling
2014,130108,0.045362,"Climbing, spelunking, caving"
2014,130109,0.223842,Dancing
2014,130110,0.155477,Participating in equestrian sports
2014,130112,0.684116,Fishing
2014,130113,0.300125,Playing football
2014,130114,1.216901,Golfing
2014,130115,0.034617,Doing gymnastics
2014,130116,0.274499,Hiking
2014,130117,0.055119,Playing hockey
2014,130118,0.672932,Hunting
2014,130119,0.073690,Participating in martial arts
2014,130120,0.129638,Playing racquet sports
2014,130122,0.143126,Rollerblading
2014,130124,0.801686,Running
2014,130125,0.179069,"Skiing, ice skating, snowboarding"
2014,130126,0.412832,Playing soccer
2014,130127,0.178978,Softball
2014,130128,0.689633,Using cardiovascular equipment
2014,130129,0.062515,Vehicle touring/racing
2014,130130,0.106920,Playing volleyball
2014,130131,3.034744,Walking
2014,130132,1.311857,Participating in water sports
2014,130133,0.882519,Weightlifting/strength training
2014,130134,2.516022,"Working out, unspecified"
2014,130136,0.325458,Doing yoga
2014,130199,0.602029,Playing sports n.e.c.
2014,130202,0.328425,Watching baseball
2014,130203,0.376420,Watching basketball
2014,130204,0.013308,Watching biking
2014,130205,0.010373,Watching billiards
2014,130206,0.032084,Watching boating
2014,130210,0.051874,Watching equestrian sports
2014,130213,0.468651,Watching football
2014,130214,0.008906,Watching golfing
2014,130215,0.005313,Watching gymnastics
2014,130216,0.072002,Watching hockey
2014,130218,0.025323,Watching racquet sports
2014,130219,0.005139,Watching rodeo competitions
2014,130222,0.013914,Watching running
2014,130224,0.102393,Watching soccer
2014,130225,0.085923,Watching softball
2014,130226,0.051024,Watching vehicle touring/racing
2014,130227,0.049192,Watching volleyball
2014,130229,0.062875,Watching water sports
2014,130231,0.010139,"Watching people working out, unspecified"
2014,130299,0.180953,"Attending sporting events, n.e.c."
2014,130301,0.056377,Waiting related to playing sports or exercising
2014,130302,0.011338,Waiting related to attending sporting events
2014,139999,0.027458,"Sports, exercise, & recreation, n.e.c."
2014,140101,4.874320,Attending religious services
2014,140102,2.941165,Participation in religious practices
2014,140103,0.041410,Waiting associated w/religious & spiritual activities
2014,140104,0.010625,Security procedures rel. to religious & spiritual activities
2014,140105,0.711476,Religious education activities
2014,149999,0.004107,"Religious and spiritual activities, n.e.c."
2014,150101,0.798363,Computer use
2014,150102,0.517756,Organizing and preparing
2014,150103,0.046532,Reading
2014,150104,0.128814,Telephone calls (except hotline counseling)
2014,150105,0.122485,Writing
2014,150106,0.469580,Fundraising
2014,150199,0.078163,"Administrative & support activities, n.e.c."
2014,150201,0.581448,"Food preparation, presentation, clean-up"
2014,150202,0.285559,Collecting & delivering clothing & other goods
2014,150203,0.320862,Providing care
2014,150204,0.694680,"Teaching, leading, counseling, mentoring"
2014,150299,0.303745,"Social service & care activities, n.e.c."
2014,150301,0.024064,"Building houses, wildlife sites, & other structures"
2014,150302,0.274239,"Indoor & outdoor maintenance, repair, & clean-up"
2014,150401,0.321534,Performing
2014,150402,0.258326,Serving at volunteer events & cultural activities
2014,150499,0.039054,"Participating in performance & cultural activities, n.e.c."
2014,150501,1.180988,"Attending meetings, conferences, & training"
2014,150601,0.027467,Public health activities
2014,150602,0.008229,Public safety activities
2014,159989,1.646713,"Volunteer activities, n.e.c."
2014,160101,2.165046,Telephone calls to/from family members
2014,160102,2.145365,"Telephone calls to/from friends, neighbors, or acquaintances"
2014,160103,0.005234,Telephone calls to/from education services providers
2014,160104,0.037901,Telephone calls to/from salespeople
2014,160105,0.128868,Telephone calls to/from professional or personal care svcs providers
2014,160106,0.038834,Telephone calls to/from household services providers
2014,160107,0.022176,Telephone calls to/from paid child or adult care providers
2014,160108,0.015183,Telephone calls to/from government officials
2014,169989,1.302557,"Telephone calls, n.e.c."
2014,180101,1.014032,Travel related to personal care
2014,180280,2.288108,Travel related to household activities
2014,180381,4.031530,Travel related to caring for and helping hh children
2014,180382,1.015972,Travel related to caring for and helping hh adults
2014,180481,0.890739,Travel related to caring for and helping nonhh children
2014,180482,2.061974,Travel related to caring for and helping nonhh adults
2014,180499,0.000256,"Travel rel. to caring for & helping nonhh members, n.e.c."
2014,180501,16.030539,Travel related to working
2014,180502,0.041344,Travel related to work-related activities
2014,180589,0.384918,"Travel related to work, n.e.c."
2014,180601,1.485090,Travel related to taking class
2014,180682,0.290182,Travel related to education (except taking class)
2014,180699,0.000840,"Travel related to education, n.e.c."
2014,180701,3.506554,Travel related to grocery shopping
2014,180782,9.777335,Travel related to shopping (except grocery shopping)
2014,180801,0.014829,Travel related to using childcare services
2014,180802,0.365965,Travel related to using financial services and banking
2014,180803,0.023234,Travel related to using legal services
2014,180804,1.251086,Travel related to using medical services
2014,180805,0.310929,Travel related to using personal care services
2014,180806,0.182579,Travel related to using real estate services
2014,180807,0.109842,Travel related to using veterinary services
2014,180899,0.012186,"Travel rel. to using prof. & personal care services, n.e.c."
2014,180901,0.035782,Travel related to using household services
2014,180902,0.018989,Travel related to using home main./repair/decor./construction svcs
2014,180903,0.039231,Travel related to using pet services (not vet)
2014,180905,0.310134,Travel related to using vehicle maintenance & repair services
2014,180999,0.005720,"Travel related to using household services, n.e.c."
2014,181002,0.085502,Travel related to civic obligations & participation
2014,181081,0.114374,Travel related to using government services
2014,181099,0.000511,"Travel rel. to govt svcs & civic obligations, n.e.c."
2014,181101,5.922183,Travel related to eating and drinking
2014,181201,5.260533,Travel related to socializing and communicating
2014,181202,0.650010,Travel related to attending or hosting social events
2014,181204,1.002091,Travel related to arts and entertainment
2014,181283,2.737379,Travel related to relaxing and leisure
2014,181299,0.004278,"Travel rel. to socializing, relaxing, & leisure, n.e.c."
2014,181301,2.590293,Travel related to participating in sports/exercise/recreation
2014,181302,0.481815,Travel related to attending sporting/recreational events
2014,181399,0.004607,"Travel related to sports, exercise, & recreation, n.e.c."
2014,181401,1.352805,Travel related to religious/spiritual practices
2014,181501,0.994706,Travel related to volunteering
2014,181599,0.064703,"Travel related to volunteer activities, n.e.c."
2014,181601,0.150052,Travel related to phone calls
2014,181699,0.008211,"Travel rel. to phone calls, n.e.c."
2014,181801,0.015181,Security procedures related to traveling
2014,181899,0.002209,"Security procedures related to traveling, n.e.c."
2014,189999,1.542793,"Traveling, n.e.c."
2014,500101,7.253840,Insufficient detail in verbatim
2014,500103,0.524373,Missing travel or destination
2014,500105,0.321071,Respondent refused to provide information/none of your business
2014,500106,4.024520,Gap/can't remember
2014,500107,0.056177,Unable to code activity at 1st tier
2015,010101,525.874340,Sleeping
2015,010102,4.172771,Sleeplessness
2015,010199,0.000070,"Sleeping, n.e.c."
2015,010201,41.164137,"Washing, dressing and grooming oneself"
2015,010299,0.099857,"Grooming, n.e.c."
2015,010301,5.555625,Health-related self care
2015,010399,0.311100,"Self care, n.e.c."
2015,010401,0.435315,Personal/Private activities
2015,020101,20.124823,Interior cleaning
2015,020102,10.852976,Laundry
2015,020103,2.139100,"Sewing, repairing, & maintaining textiles"
2015,020104,1.177005,"Storing interior hh items, inc. food"
2015,020199,0.008739,"Housework, n.e.c."
2015,020201,27.172185,Food and drink preparation
2015,020202,0.528975,Food presentation
2015,020203,8.241786,Kitchen and food clean-up
2015,020299,0.000645,"Food & drink prep, presentation, & clean-up, n.e.c."
2015,020301,2.583427,"Interior arrangement, decoration, & repairs"
2015,020302,0.327206,Building and repairing furniture
2015,020303,0.899647,Heating and cooling
2015,020399,0.000753,"Interior maintenance, repair, & decoration, n.e.c."
2015,020401,2.035446,Exterior cleaning
2015,020402,1.682241,"Exterior repair, improvements, & decoration"
2015,020499,0.004874,"Exterior maintenance, repair & decoration, n.e.c."
2015,020501,11.689692,"Lawn, garden, and houseplant care"
2015,020502,0.128436,"Ponds, pools, and hot tubs"
2015,020681,6.619223,Care for animals and pets (not veterinary care)
2015,020699,0.005207,"Pet and animal care, n.e.c."
2015,020701,2.239194,Vehicle repair and maintenance (by self)
2015,020799,0.001230,"Vehicles, n.e.c."
2015,020801,1.086687,"Appliance, tool, and toy set-up, repair, & maintenance (by self)"
2015,020899,0.001471,"Appliances and tools, n.e.c."
2015,020901,1.564908,Financial management
2015,020902,6.283171,Household & personal organization and planning
2015,020903,1.315513,HH & personal mail & messages (except e-mail)
2015,020904,1.954624,HH & personal e-mail and messages
2015,020905,0.145693,Home security
2015,020999,0.001753,"Household management, n.e.c."
2015,029999,0.120939,"Household activities, n.e.c."
2015,030101,8.460147,Physical care for hh children
2015,030102,0.793668,Reading to/with hh children
2015,030103,5.703725,"Playing with hh children, not sports"
2015,030104,0.061382,Arts and crafts with hh children
2015,030105,0.233989,Playing sports with hh children
2015,030108,0.254790,Organization & planning for hh children
2015,030109,1.608465,Looking after hh children (as a primary activity)
2015,030110,1.095946,Attending hh children's events
2015,030111,0.452316,Waiting for/with hh children
2015,030112,1.123890,Picking up/dropping off hh children
2015,030186,1.110610,Talking with/listening to hh children
2015,030199,0.071139,"Caring for & helping hh children, n.e.c."
2015,030201,1.709198,Homework (hh children)
2015,030202,0.183443,Meetings and school conferences (hh children)
2015,030203,0.248669,Home schooling of hh children
2015,030204,0.002174,Waiting associated with hh children's education
2015,030299,0.056449,"Activities related to hh child's education, n.e.c."
2015,030301,0.249199,Providing medical care to hh children
2015,030302,0.233569,Obtaining medical care for hh children
2015,030303,0.058476,Waiting associated with hh children's health
2015,030399,0.042021,"Activities related to hh child's health, n.e.c."
2015,030401,0.809062,Physical care for hh adults
2015,030402,0.017783,Looking after hh adult (as a primary activity)
2015,030403,0.214583,Providing medical care to hh adult
2015,030404,0.333257,Obtaining medical and care services for hh adult
2015,030405,0.042265,Waiting associated with caring for household adults
2015,030499,0.001112,"Caring for household adults, n.e.c."
2015,030501,0.080653,Helping hh adults
2015,030502,0.041764,Organization & planning for hh adults
2015,030503,0.233692,Picking up/dropping off hh adult
2015,030504,0.311850,Waiting associated with helping hh adults
2015,030599,0.019082,"Helping household adults, n.e.c."
2015,040101,0.599469,Physical care for nonhh children
2015,040102,0.057564,Reading to/with nonhh children
2015,040103,1.412424,"Playing with nonhh children, not sports"
2015,040104,0.008580,Arts and crafts with nonhh children
2015,040105,0.025335,Playing sports with nonhh children
2015,040108,0.044439,Organization & planning for nonhh children
2015,040109,0.453861,Looking after nonhh children (as primary activity)
2015,040110,0.409364,Attending nonhh children's events
2015,040111,0.063511,Waiting for/with nonhh children
2015,040112,0.193651,Dropping off/picking up nonhh children
2015,040186,0.312483,Talking with/listening to nonhh children
2015,040199,0.074283,"Caring for and helping nonhh children, n.e.c."
2015,040201,0.063387,Homework (nonhh children)
2015,040202,0.012416,Meetings and school conferences (nonhh children)
2015,040301,0.002438,Providing medical care to nonhh children
2015,040302,0.006501,Obtaining medical care for nonhh children
2015,040303,0.002812,Waiting associated with nonhh children's health
2015,040399,0.024908,"Activities related to nonhh child's health, n.e.c."
2015,040401,0.135186,Physical care for nonhh adults
2015,040402,0.297631,Looking after nonhh adult (as a primary activity)
2015,040403,0.038414,Providing medical care to nonhh adult
2015,040404,0.210928,Obtaining medical and care services for nonhh adult
2015,040405,0.094731,Waiting associated with caring for nonhh adults
2015,040499,0.023045,"Caring for nonhh adults, n.e.c."
2015,040501,0.572320,"Housework, cooking, & shopping assistance for nonhh adults"
2015,040502,0.942726,House & lawn maintenance & repair assistance for nonhh adults
2015,040503,0.105897,Animal & pet care assistance for nonhh adults
2015,040504,0.317993,Vehicle & appliance maintenance/repair assistance for nonhh adults
2015,040505,0.050670,Financial management assistance for nonhh adults
2015,040506,0.376103,Household management & paperwork assistance for nonhh adults
2015,040507,0.323942,Picking up/dropping off nonhh adult
2015,040508,0.319530,Waiting associated with helping nonhh adults
2015,040599,0.266893,"Helping nonhh adults, n.e.c."
2015,049999,0.001869,"Caring for & helping nonhh members, n.e.c."
2015,050101,186.763162,"Work, main job"
2015,050102,4.344673,"Work, other job(s)"
2015,050103,0.001938,Security procedures related to work
2015,050189,0.216079,"Working, n.e.c."
2015,050201,0.249786,"Socializing, relaxing, and leisure as part of job"
2015,050202,0.092205,Eating and drinking as part of job
2015,050203,0.004557,Sports and exercise as part of job
2015,050289,0.007827,"Work-related activities, n.e.c."
2015,050301,0.163877,"Income-generating hobbies, crafts, and food"
2015,050302,0.019338,Income-generating performances
2015,050303,0.596480,Income-generating services
2015,050304,0.018562,Income-generating rental property activities
2015,050389,0.861944,"Other income-generating activities, n.e.c."
2015,050403,0.112959,Job interviewing
2015,050404,0.033589,Waiting associated with job search or interview
2015,050481,1.686372,Job search activities
2015,050499,0.028229,"Job search and Interviewing, n.e.c."
2015,059999,0.026710,"Work and work-related activities, n.e.c."
2015,060101,13.876796,"Taking class for degree, certification, or licensure"
2015,060102,0.661595,Taking class for personal interest
2015,060103,0.104486,Waiting associated with taking classes
2015,060104,0.000863,Security procedures rel. to taking classes
2015,060199,0.073019,"Taking class, n.e.c."
2015,060201,0.090075,Extracurricular club activities
2015,060202,0.204717,Extracurricular music & performance activities
2015,060203,0.045994,Extracurricular student government activities
2015,060289,0.038223,"Education-related extracurricular activities, n.e.c."
2015,060301,9.944190,"Research/homework for class for degree, certification, or licensure"
2015,060302,0.243830,Research/homework for class for pers. interest
2015,060399,0.060658,Research/homework n.e.c.
2015,060401,0.260091,"Administrative activities: class for degree, certification, or licensure"
2015,060402,0.000096,Administrative activities: class for personal interest
2015,060499,0.024102,"Administrative for education, n.e.c."
2015,069999,0.194883,"Education, n.e.c."
2015,070101,6.069206,Grocery shopping
2015,070102,0.328126,Purchasing gas
2015,070103,1.491061,Purchasing food (not groceries)
2015,070104,13.721300,"Shopping, except groceries, food and gas"
2015,070105,0.066529,Waiting associated with shopping
2015,070201,0.048929,Comparison shopping
2015,080101,0.042638,Using paid childcare services
2015,080102,0.005987,Waiting associated w/purchasing childcare svcs
2015,080201,0.306601,Banking
2015,080202,0.057123,Using other financial services
2015,080203,0.040882,Waiting associated w/banking/financial services
2015,080301,0.053396,Using legal services
2015,080401,2.582901,Using health and care services outside the home
2015,080402,0.067846,Using in-home health and care services
2015,080403,0.382019,Waiting associated with medical services
2015,080499,0.002252,"Using medical services, n.e.c."
2015,080501,1.100091,Using personal care services
2015,080502,0.027333,Waiting associated w/personal care services
2015,080601,0.177549,Activities rel. to purchasing/selling real estate
2015,080701,0.058038,Using veterinary services
2015,080702,0.025532,Waiting associated with veterinary services
2015,089999,0.027345,"Professional and personal services, n.e.c."
2015,090101,0.036147,Using interior cleaning services
2015,090102,0.009207,Using meal preparation services
2015,090103,0.021206,Using clothing repair and cleaning services
2015,090104,0.005887,Waiting associated with using household services
2015,090199,0.000316,"Using household services, n.e.c."
2015,090201,0.271343,Using home maint/repair/decor/construction svcs
2015,090202,0.056731,Waiting associated w/ home main/repair/decor/constr
2015,090299,0.002946,"Using home maint/repair/decor/constr services, n.e.c."
2015,090301,0.051588,Using pet services
2015,090302,0.002927,Waiting associated with pet services
2015,090399,0.000288,"Using pet services, n.e.c."
2015,090401,0.012843,Using lawn and garden services
2015,090501,0.281597,Using vehicle maintenance or repair services
2015,090502,0.194000,Waiting associated with vehicle main. or repair svcs
2015,090599,0.004381,"Using vehicle maint. & repair svcs, n.e.c."
2015,099999,0.006446,"Using household services, n.e.c."
2015,100101,0.033839,Using police and fire services
2015,100102,0.041927,Using social services
2015,100103,0.037452,"Obtaining licenses & paying fines, fees, taxes"
2015,100199,0.013840,"Using government services, n.e.c."
2015,100201,0.102413,Civic obligations & participation
2015,100299,0.003057,"Civic obligations & participation, n.e.c."
2015,100381,0.045753,Waiting associated w/ using government services
2015,100383,0.052440,Waiting associated w/civic obligations & participation
2015,100401,0.001657,Security procedures rel. to govt svcs/civic obligations
2015,110101,64.033423,Eating and drinking
2015,110281,0.187369,Waiting associated w/eating & drinking
2015,120101,36.713359,Socializing and communicating with others
2015,120201,3.477374,Attending or hosting parties/receptions/ceremonies
2015,120202,0.484482,Attending meetings for personal interest (not volunteering)
2015,120299,0.031152,"Attending/hosting social events, n.e.c."
2015,120301,17.282915,"Relaxing, thinking"
2015,120302,0.420120,Tobacco and drug use
2015,120303,166.550081,Television and movies (not religious)
2015,120304,0.215578,Television (religious)
2015,120305,1.351481,Listening to the radio
2015,120306,1.977244,Listening to/playing music (not radio)
2015,120307,13.909830,Playing games
2015,120308,11.303678,Computer use for leisure (exc. Games)
2015,120309,1.507642,Arts and crafts as a hobby
2015,120310,0.018710,Collecting as a hobby
2015,120311,0.159981,"Hobbies, except arts & crafts and collecting"
2015,120312,19.449644,Reading for personal interest
2015,120313,0.486625,Writing for personal interest
2015,120399,0.157605,"Relaxing and leisure, n.e.c."
2015,120401,0.862187,Attending performing arts
2015,120402,0.354856,Attending museums
2015,120403,1.706951,Attending movies/film
2015,120404,0.151111,Attending gambling establishments
2015,120405,0.001278,Security procedures rel. to arts & entertainment
2015,120499,1.858491,"Arts and entertainment, n.e.c."
2015,120501,0.011751,Waiting assoc. w/socializing & communicating
2015,120502,0.003517,Waiting assoc. w/attending/hosting social events
2015,120503,0.002786,Waiting associated with relaxing/leisure
2015,120504,0.019075,Waiting associated with arts & entertainment
2015,130101,0.181941,Doing aerobics
2015,130102,0.119286,Playing baseball
2015,130103,0.519452,Playing basketball
2015,130104,0.486197,Biking
2015,130105,0.175883,Playing billiards
2015,130106,0.334245,Boating
2015,130107,0.637840,Bowling
2015,130108,0.052706,"Climbing, spelunking, caving"
2015,130109,0.335380,Dancing
2015,130110,0.164478,Participating in equestrian sports
2015,130112,0.841178,Fishing
2015,130113,0.257864,Playing football
2015,130114,1.043246,Golfing
2015,130115,0.056611,Doing gymnastics
2015,130116,0.309411,Hiking
2015,130117,0.015150,Playing hockey
2015,130118,0.526835,Hunting
2015,130119,0.031254,Participating in martial arts
2015,130120,0.249403,Playing racquet sports
2015,130122,0.230852,Rollerblading
2015,130124,0.814909,Running
2015,130125,0.012434,"Skiing, ice skating, snowboarding"
2015,130126,0.289205,Playing soccer
2015,130127,0.027639,Softball
2015,130128,0.739365,Using cardiovascular equipment
2015,130129,0.347229,Vehicle touring/racing
2015,130130,0.115756,Playing volleyball
2015,130131,3.361467,Walking
2015,130132,1.348654,Participating in water sports
2015,130133,1.156507,Weightlifting/strength training
2015,130134,2.459360,"Working out, unspecified"
2015,130135,0.031129,Wrestling
2015,130136,0.375903,Doing yoga
2015,130199,0.641549,Playing sports n.e.c.
2015,130202,0.205150,Watching baseball
2015,130203,0.216942,Watching basketball
2015,130207,0.028940,Watching bowling
2015,130210,0.002509,Watching equestrian sports
2015,130212,0.005244,Watching fishing
2015,130213,0.173925,Watching football
2015,130216,0.135096,Watching hockey
2015,130218,0.011599,Watching racquet sports
2015,130219,0.008263,Watching rodeo competitions
2015,130220,0.012433,Watching rollerblading
2015,130222,0.006172,Watching running
2015,130223,0.004005,"Watching skiing, ice skating, snowboarding"
2015,130224,0.075401,Watching soccer
2015,130225,0.019663,Watching softball
2015,130226,0.056180,Watching vehicle touring/racing
2015,130227,0.010197,Watching volleyball
2015,130229,0.033213,Watching water sports
2015,130232,0.004231,Watching wrestling
2015,130299,0.066822,"Attending sporting events, n.e.c."
2015,130301,0.029813,Waiting related to playing sports or exercising
2015,130302,0.010769,Waiting related to attending sporting events
2015,139999,0.013627,"Sports, exercise, & recreation, n.e.c."
2015,140101,5.177643,Attending religious services
2015,140102,2.943411,Participation in religious practices
2015,140103,0.063416,Waiting associated w/religious & spiritual activities
2015,140105,0.777582,Religious education activities
2015,149999,0.000278,"Religious and spiritual activities, n.e.c."
2015,150101,0.873818,Computer use
2015,150102,0.796208,Organizing and preparing
2015,150103,0.158667,Reading
2015,150104,0.245753,Telephone calls (except hotline counseling)
2015,150105,0.054205,Writing
2015,150106,0.299705,Fundraising
2015,150199,0.315406,"Administrative & support activities, n.e.c."
2015,150201,0.481012,"Food preparation, presentation, clean-up"
2015,150202,0.198183,Collecting & delivering clothing & other goods
2015,150203,0.342643,Providing care
2015,150204,1.086419,"Teaching, leading, counseling, mentoring"
2015,150299,0.229629,"Social service & care activities, n.e.c."
2015,150301,0.042468,"Building houses, wildlife sites, & other structures"
2015,150302,0.533502,"Indoor & outdoor maintenance, repair, & clean-up"
2015,150399,0.024546,"Indoor & outdoor maintenance, building & clean-up activities, n.e.c."
2015,150401,0.354667,Performing
2015,150402,0.258017,Serving at volunteer events & cultural activities
2015,150501,1.099229,"Attending meetings, conferences, & training"
2015,150601,0.011550,Public health activities
2015,150602,0.006525,Public safety activities
2015,150699,0.003793,"Public health & safety activities, n.e.c."
2015,159989,1.140941,"Volunteer activities, n.e.c."
2015,160101,2.262487,Telephone calls to/from family members
2015,160102,2.263307,"Telephone calls to/from friends, neighbors, or acquaintances"
2015,160103,0.000145,Telephone calls to/from education services providers
2015,160104,0.022541,Telephone calls to/from salespeople
2015,160105,0.141611,Telephone calls to/from professional or personal care svcs providers
2015,160106,0.077300,Telephone calls to/from household services providers
2015,160107,0.014940,Telephone calls to/from paid child or adult care providers
2015,160108,0.028345,Telephone calls to/from government officials
2015,169989,1.378004,"Telephone calls, n.e.c."
2015,180101,1.038044,Travel related to personal care
2015,180280,2.727867,Travel related to household activities
2015,180381,3.794427,Travel related to caring for and helping hh children
2015,180382,1.153192,Travel related to caring for and helping hh adults
2015,180481,0.897115,Travel related to caring for and helping nonhh children
2015,180482,2.479629,Travel related to caring for and helping nonhh adults
2015,180499,0.011967,"Travel rel. to caring for & helping nonhh members, n.e.c."
2015,180501,15.937176,Travel related to working
2015,180502,0.025027,Travel related to work-related activities
2015,180589,0.333872,"Travel related to work, n.e.c."
2015,180601,1.485097,Travel related to taking class
2015,180682,0.457494,Travel related to education (except taking class)
2015,180699,0.005638,"Travel related to education, n.e.c."
2015,180701,3.287087,Travel related to grocery shopping
2015,180782,10.982917,Travel related to shopping (except grocery shopping)
2015,180801,0.014677,Travel related to using childcare services
2015,180802,0.377764,Travel related to using financial services and banking
2015,180803,0.014119,Travel related to using legal services
2015,180804,1.301406,Travel related to using medical services
2015,180805,0.304779,Travel related to using personal care services
2015,180806,0.075829,Travel related to using real estate services
2015,180807,0.071195,Travel related to using veterinary services
2015,180899,0.012281,"Travel rel. to using prof. & personal care services, n.e.c."
2015,180901,0.048839,Travel related to using household services
2015,180902,0.005842,Travel related to using home main./repair/decor./construction svcs
2015,180903,0.091632,Travel related to using pet services (not vet)
2015,180904,0.000337,Travel related to using lawn and garden services
2015,180905,0.288629,Travel related to using vehicle maintenance & repair services
2015,180999,0.005063,"Travel related to using household services, n.e.c."
2015,181002,0.044358,Travel related to civic obligations & participation
2015,181081,0.082317,Travel related to using government services
2015,181101,6.761209,Travel related to eating and drinking
2015,181201,5.319577,Travel related to socializing and communicating
2015,181202,0.695277,Travel related to attending or hosting social events
2015,181204,1.073959,Travel related to arts and entertainment
2015,181283,2.704666,Travel related to relaxing and leisure
2015,181299,0.003039,"Travel rel. to socializing, relaxing, & leisure, n.e.c."
2015,181301,2.550084,Travel related to participating in sports/exercise/recreation
2015,181302,0.298117,Travel related to attending sporting/recreational events
2015,181399,0.000727,"Travel related to sports, exercise, & recreation, n.e.c."
2015,181401,1.280334,Travel related to religious/spiritual practices
2015,181501,0.971924,Travel related to volunteering
2015,181599,0.023155,"Travel related to volunteer activities, n.e.c."
2015,181601,0.186922,Travel related to phone calls
2015,181801,0.059500,Security procedures related to traveling
2015,189999,1.484953,"Traveling, n.e.c."
2015,500101,4.635942,Insufficient detail in verbatim
2015,500103,0.571822,Missing travel or destination
2015,500105,0.505145,Respondent refused to provide information/none of your business
2015,500106,4.413915,Gap/can't remember
2015,500107,0.006138,Unable to code activity at 1st tier
2016,010101,523.024597,Sleeping
2016,010102,4.175169,Sleeplessness
2016,010201,41.480867,"Washing, dressing and grooming oneself"
2016,010299,0.028724,"Grooming, n.e.c."
2016,010301,3.614428,Health-related self care
2016,010399,0.126528,"Self care, n.e.c."
2016,010401,0.527585,Personal/Private activities
2016,010499,0.028666,"Personal activities, n.e.c."
2016,020101,20.687041,Interior cleaning
2016,020102,10.790452,Laundry
2016,020103,1.678740,"Sewing, repairing, & maintaining textiles"
2016,020104,1.268183,"Storing interior hh items, inc. food"
2016,020199,0.042724,"Housework, n.e.c."
2016,020201,27.433304,Food and drink preparation
2016,020202,0.492415,Food presentation
2016,020203,7.438661,Kitchen and food clean-up
2016,020299,0.000161,"Food & drink prep, presentation, & clean-up, n.e.c."
2016,020301,2.686725,"Interior arrangement, decoration, & repairs"
2016,020302,0.347832,Building and repairing furniture
2016,020303,0.320751,Heating and cooling
2016,020399,0.053326,"Interior maintenance, repair, & decoration, n.e.c."
2016,020401,1.635779,Exterior cleaning
2016,020402,1.292685,"Exterior repair, improvements, & decoration"
2016,020499,0.008751,"Exterior maintenance, repair & decoration, n.e.c."
2016,020501,11.191813,"Lawn, garden, and houseplant care"
2016,020502,0.262476,"Ponds, pools, and hot tubs"
2016,020681,7.231926,Care for animals and pets (not veterinary care)
2016,020699,0.017975,"Pet and animal care, n.e.c."
2016,020701,2.099542,Vehicle repair and maintenance (by self)
2016,020799,0.006696,"Vehicles, n.e.c."
2016,020801,1.009277,"Appliance, tool, and toy set-up, repair, & maintenance (by self)"
2016,020899,0.000050,"Appliances and tools, n.e.c."
2016,020901,1.653667,Financial management
2016,020902,6.519986,Household & personal organization and planning
2016,020903,1.138009,HH & personal mail & messages (except e-mail)
2016,020904,1.868652,HH & personal e-mail and messages
2016,020905,0.148002,Home security
2016,020999,0.007342,"Household management, n.e.c."
2016,029999,0.390945,"Household activities, n.e.c."
2016,030101,8.911259,Physical care for hh children
2016,030102,0.766104,Reading to/with hh children
2016,030103,5.387537,"Playing with hh children, not sports"
2016,030104,0.085550,Arts and crafts with hh children
2016,030105,0.253230,Playing sports with hh children
2016,030108,0.217650,Organization & planning for hh children
2016,030109,1.845004,Looking after hh children (as a primary activity)
2016,030110,1.240184,Attending hh children's events
2016,030111,0.511450,Waiting for/with hh children
2016,030112,1.063881,Picking up/dropping off hh children
2016,030186,0.959442,Talking with/listening to hh children
2016,030199,0.073032,"Caring for & helping hh children, n.e.c."
2016,030201,1.825574,Homework (hh children)
2016,030202,0.114261,Meetings and school conferences (hh children)
2016,030203,0.238633,Home schooling of hh children
2016,030204,0.003111,Waiting associated with hh children's education
2016,030299,0.041786,"Activities related to hh child's education, n.e.c."
2016,030301,0.166460,Providing medical care to hh children
2016,030302,0.230233,Obtaining medical care for hh children
2016,030303,0.073182,Waiting associated with hh children's health
2016,030399,0.025682,"Activities related to hh child's health, n.e.c."
2016,030401,0.826034,Physical care for hh adults
2016,030402,0.040550,Looking after hh adult (as a primary activity)
2016,030403,0.120436,Providing medical care to hh adult
2016,030404,0.330730,Obtaining medical and care services for hh adult
2016,030405,0.201731,Waiting associated with caring for household adults
2016,030499,0.098055,"Caring for household adults, n.e.c."
2016,030501,0.172392,Helping hh adults
2016,030502,0.076755,Organization & planning for hh adults
2016,030503,0.230893,Picking up/dropping off hh adult
2016,030504,0.258825,Waiting associated with helping hh adults
2016,030599,0.008760,"Helping household adults, n.e.c."
2016,039999,0.049046,"Caring for & helping hh members, n.e.c."
2016,040101,0.812918,Physical care for nonhh children
2016,040102,0.050744,Reading to/with nonhh children
2016,040103,1.267275,"Playing with nonhh children, not sports"
2016,040104,0.013661,Arts and crafts with nonhh children
2016,040105,0.055566,Playing sports with nonhh children
2016,040108,0.060137,Organization & planning for nonhh children
2016,040109,0.857061,Looking after nonhh children (as primary activity)
2016,040110,0.364742,Attending nonhh children's events
2016,040111,0.061501,Waiting for/with nonhh children
2016,040112,0.168650,Dropping off/picking up nonhh children
2016,040186,0.192060,Talking with/listening to nonhh children
2016,040199,0.361465,"Caring for and helping nonhh children, n.e.c."
2016,040201,0.069287,Homework (nonhh children)
2016,040202,0.001028,Meetings and school conferences (nonhh children)
2016,040299,0.001399,"Activities related to nonhh child's educ., n.e.c."
2016,040301,0.008158,Providing medical care to nonhh children
2016,040302,0.003004,Obtaining medical care for nonhh children
2016,040303,0.016008,Waiting associated with nonhh children's health
2016,040399,0.011179,"Activities related to nonhh child's health, n.e.c."
2016,040401,0.254229,Physical care for nonhh adults
2016,040402,0.039595,Looking after nonhh adult (as a primary activity)
2016,040403,0.053157,Providing medical care to nonhh adult
2016,040404,0.064113,Obtaining medical and care services for nonhh adult
2016,040405,0.122540,Waiting associated with caring for nonhh adults
2016,040499,0.037559,"Caring for nonhh adults, n.e.c."
2016,040501,0.369406,"Housework, cooking, & shopping assistance for nonhh adults"
2016,040502,1.034701,House & lawn maintenance & repair assistance for nonhh adults
2016,040503,0.138907,Animal & pet care assistance for nonhh adults
2016,040504,0.440136,Vehicle & appliance maintenance/repair assistance for nonhh adults
2016,040505,0.206664,Financial management assistance for nonhh adults
2016,040506,0.492717,Household management & paperwork assistance for nonhh adults
2016,040507,0.400989,Picking up/dropping off nonhh adult
2016,040508,0.439384,Waiting associated with helping nonhh adults
2016,040599,0.258440,"Helping nonhh adults, n.e.c."
2016,049999,0.073929,"Caring for & helping nonhh members, n.e.c."
2016,050101,191.558574,"Work, main job"
2016,050102,5.094354,"Work, other job(s)"
2016,050103,0.015151,Security procedures related to work
2016,050189,0.201278,"Working, n.e.c."
2016,050201,0.038554,"Socializing, relaxing, and leisure as part of job"
2016,050202,0.052444,Eating and drinking as part of job
2016,050289,0.007808,"Work-related activities, n.e.c."
2016,050301,0.261496,"Income-generating hobbies, crafts, and food"
2016,050302,0.052591,Income-generating performances
2016,050303,0.532793,Income-generating services
2016,050304,0.039277,Income-generating rental property activities
2016,050389,0.470273,"Other income-generating activities, n.e.c."
2016,050403,0.111676,Job interviewing
2016,050404,0.011786,Waiting associated with job search or interview
2016,050481,1.593725,Job search activities
2016,050499,0.085841,"Job search and Interviewing, n.e.c."
2016,060101,15.491846,"Taking class for degree, certification, or licensure"
2016,060102,0.677261,Taking class for personal interest
2016,060103,0.150636,Waiting associated with taking classes
2016,060104,0.001168,Security procedures rel. to taking classes
2016,060199,0.113698,"Taking class, n.e.c."
2016,060201,0.052383,Extracurricular club activities
2016,060202,0.093726,Extracurricular music & performance activities
2016,060289,0.009165,"Education-related extracurricular activities, n.e.c."
2016,060301,10.277668,"Research/homework for class for degree, certification, or licensure"
2016,060302,0.274609,Research/homework for class for pers. interest
2016,060303,0.003145,Waiting associated with research/homework
2016,060399,0.168048,Research/homework n.e.c.
2016,060401,0.093762,"Administrative activities: class for degree, certification, or licensure"
2016,060403,0.002033,Waiting associated w/admin. activities (education)
2016,060499,0.041774,"Administrative for education, n.e.c."
2016,069999,0.142547,"Education, n.e.c."
2016,070101,6.038151,Grocery shopping
2016,070102,0.331699,Purchasing gas
2016,070103,1.600244,Purchasing food (not groceries)
2016,070104,13.386918,"Shopping, except groceries, food and gas"
2016,070105,0.115848,Waiting associated with shopping
2016,070199,0.001949,"Shopping, n.e.c."
2016,070201,0.069324,Comparison shopping
2016,079999,0.008361,"Consumer purchases, n.e.c."
2016,080101,0.025611,Using paid childcare services
2016,080102,0.000310,Waiting associated w/purchasing childcare svcs
2016,080201,0.258380,Banking
2016,080202,0.072167,Using other financial services
2016,080203,0.016163,Waiting associated w/banking/financial services
2016,080299,0.006518,"Using financial services and banking, n.e.c."
2016,080301,0.041155,Using legal services
2016,080302,0.000599,Waiting associated with legal services
2016,080401,2.604901,Using health and care services outside the home
2016,080402,0.059642,Using in-home health and care services
2016,080403,0.470249,Waiting associated with medical services
2016,080499,0.001593,"Using medical services, n.e.c."
2016,080501,0.907002,Using personal care services
2016,080502,0.029373,Waiting associated w/personal care services
2016,080599,0.008672,"Using personal care services, n.e.c."
2016,080601,0.353082,Activities rel. to purchasing/selling real estate
2016,080602,0.145488,Waiting associated w/purchasing/selling real estate
2016,080701,0.088002,Using veterinary services
2016,080702,0.035859,Waiting associated with veterinary services
2016,080801,0.000306,Security procedures rel. to professional/personal svcs.
2016,089999,0.075214,"Professional and personal services, n.e.c."
2016,090101,0.006874,Using interior cleaning services
2016,090102,0.001859,Using meal preparation services
2016,090103,0.031892,Using clothing repair and cleaning services
2016,090104,0.002469,Waiting associated with using household services
2016,090199,0.008222,"Using household services, n.e.c."
2016,090201,0.274567,Using home maint/repair/decor/construction svcs
2016,090202,0.338500,Waiting associated w/ home main/repair/decor/constr
2016,090301,0.038688,Using pet services
2016,090401,0.015933,Using lawn and garden services
2016,090501,0.224854,Using vehicle maintenance or repair services
2016,090502,0.153280,Waiting associated with vehicle main. or repair svcs
2016,090599,0.025559,"Using vehicle maint. & repair svcs, n.e.c."
2016,099999,0.018900,"Using household services, n.e.c."
2016,100101,0.015896,Using police and fire services
2016,100102,0.029828,Using social services
2016,100103,0.069558,"Obtaining licenses & paying fines, fees, taxes"
2016,100199,0.054631,"Using government services, n.e.c."
2016,100201,0.420259,Civic obligations & participation
2016,100381,0.032028,Waiting associated w/ using government services
2016,100383,0.063654,Waiting associated w/civic obligations & participation
2016,100399,0.010765,"Waiting assoc. w/govt svcs or civic obligations, n.e.c."
2016,109999,0.001542,"Government services, n.e.c."
2016,110101,63.519767,Eating and drinking
2016,110281,0.259225,Waiting associated w/eating & drinking
2016,110289,0.001420,"Waiting associated with eating & drinking, n.e.c."
2016,120101,35.297549,Socializing and communicating with others
2016,120201,3.413839,Attending or hosting parties/receptions/ceremonies
2016,120202,0.434685,Attending meetings for personal interest (not volunteering)
2016,120299,0.075490,"Attending/hosting social events, n.e.c."
2016,120301,19.005310,"Relaxing, thinking"
2016,120302,0.334409,Tobacco and drug use
2016,120303,163.496771,Television and movies (not religious)
2016,120304,0.139071,Television (religious)
2016,120305,1.060363,Listening to the radio
2016,120306,2.203689,Listening to/playing music (not radio)
2016,120307,14.469376,Playing games
2016,120308,10.173522,Computer use for leisure (exc. Games)
2016,120309,2.198309,Arts and crafts as a hobby
2016,120310,0.017782,Collecting as a hobby
2016,120311,0.181237,"Hobbies, except arts & crafts and collecting"
2016,120312,17.260888,Reading for personal interest
2016,120313,0.203560,Writing for personal interest
2016,120399,0.132938,"Relaxing and leisure, n.e.c."
2016,120401,0.687133,Attending performing arts
2016,120402,0.338794,Attending museums
2016,120403,1.285414,Attending movies/film
2016,120404,0.285931,Attending gambling establishments
2016,120405,0.000199,Security procedures rel. to arts & entertainment
2016,120499,1.486851,"Arts and entertainment, n.e.c."
2016,120501,0.011929,Waiting assoc. w/socializing & communicating
2016,120502,0.008189,Waiting assoc. w/attending/hosting social events
2016,120503,0.002529,Waiting associated with relaxing/leisure
2016,120504,0.060555,Waiting associated with arts & entertainment
2016,130101,0.140611,Doing aerobics
2016,130102,0.184212,Playing baseball
2016,130103,0.637638,Playing basketball
2016,130104,0.562099,Biking
2016,130105,0.143888,Playing billiards
2016,130106,0.289637,Boating
2016,130107,0.151879,Bowling
2016,130108,0.013480,"Climbing, spelunking, caving"
2016,130109,0.281598,Dancing
2016,130110,0.128459,Participating in equestrian sports
2016,130112,1.149143,Fishing
2016,130113,0.202232,Playing football
2016,130114,0.935142,Golfing
2016,130116,0.509558,Hiking
2016,130117,0.017227,Playing hockey
2016,130118,0.892307,Hunting
2016,130119,0.063568,Participating in martial arts
2016,130120,0.384406,Playing racquet sports
2016,130121,0.000451,Participating in rodeo competitions
2016,130122,0.058818,Rollerblading
2016,130124,1.007923,Running
2016,130125,0.105654,"Skiing, ice skating, snowboarding"
2016,130126,0.287377,Playing soccer
2016,130127,0.070445,Softball
2016,130128,0.462023,Using cardiovascular equipment
2016,130129,0.063794,Vehicle touring/racing
2016,130130,0.231981,Playing volleyball
2016,130131,3.813726,Walking
2016,130132,1.796762,Participating in water sports
2016,130133,1.339651,Weightlifting/strength training
2016,130134,2.230465,"Working out, unspecified"
2016,130135,0.011938,Wrestling
2016,130136,0.368227,Doing yoga
2016,130199,0.502939,Playing sports n.e.c.
2016,130202,0.281815,Watching baseball
2016,130203,0.180482,Watching basketball
2016,130205,0.045477,Watching billiards
2016,130206,0.020379,Watching boating
2016,130207,0.052934,Watching bowling
2016,130210,0.036081,Watching equestrian sports
2016,130212,0.064532,Watching fishing
2016,130213,0.176574,Watching football
2016,130216,0.046992,Watching hockey
2016,130217,0.002719,Watching martial arts
2016,130218,0.001914,Watching racquet sports
2016,130223,0.000973,"Watching skiing, ice skating, snowboarding"
2016,130224,0.140537,Watching soccer
2016,130225,0.084521,Watching softball
2016,130226,0.096375,Watching vehicle touring/racing
2016,130227,0.064772,Watching volleyball
2016,130229,0.081090,Watching water sports
2016,130231,0.003611,"Watching people working out, unspecified"
2016,130232,0.034656,Watching wrestling
2016,130299,0.123869,"Attending sporting events, n.e.c."
2016,130301,0.035230,Waiting related to playing sports or exercising
2016,130302,0.028490,Waiting related to attending sporting events
2016,139999,0.090705,"Sports, exercise, & recreation, n.e.c."
2016,140101,5.734307,Attending religious services
2016,140102,2.671792,Participation in religious practices
2016,140103,0.056234,Waiting associated w/religious & spiritual activities
2016,140105,0.830481,Religious education activities
2016,149999,0.253436,"Religious and spiritual activities, n.e.c."
2016,150101,0.729466,Computer use
2016,150102,0.501136,Organizing and preparing
2016,150103,0.078750,Reading
2016,150104,0.159356,Telephone calls (except hotline counseling)
2016,150105,0.030989,Writing
2016,150106,0.312497,Fundraising
2016,150199,0.204136,"Administrative & support activities, n.e.c."
2016,150201,0.438590,"Food preparation, presentation, clean-up"
2016,150202,0.059361,Collecting & delivering clothing & other goods
2016,150203,0.464582,Providing care
2016,150204,0.634772,"Teaching, leading, counseling, mentoring"
2016,150299,0.276200,"Social service & care activities, n.e.c."
2016,150301,0.053156,"Building houses, wildlife sites, & other structures"
2016,150302,0.428193,"Indoor & outdoor maintenance, repair, & clean-up"
2016,150399,0.039664,"Indoor & outdoor maintenance, building & clean-up activities, n.e.c."
2016,150401,0.334942,Performing
2016,150402,0.259044,Serving at volunteer events & cultural activities
2016,150499,0.046750,"Participating in performance & cultural activities, n.e.c."
2016,150501,0.540905,"Attending meetings, conferences, & training"
2016,150599,0.012449,"Attending meetings, conferences, & training, n.e.c."
2016,150601,0.019832,Public health activities
2016,150602,0.059852,Public safety activities
2016,150699,0.002064,"Public health & safety activities, n.e.c."
2016,159989,1.388723,"Volunteer activities, n.e.c."
2016,160101,2.064528,Telephone calls to/from family members
2016,160102,2.179113,"Telephone calls to/from friends, neighbors, or acquaintances"
2016,160103,0.007277,Telephone calls to/from education services providers
2016,160104,0.028397,Telephone calls to/from salespeople
2016,160105,0.198925,Telephone calls to/from professional or personal care svcs providers
2016,160106,0.051541,Telephone calls to/from household services providers
2016,160107,0.014500,Telephone calls to/from paid child or adult care providers
2016,160108,0.015089,Telephone calls to/from government officials
2016,169989,1.629218,"Telephone calls, n.e.c."
2016,180101,1.564104,Travel related to personal care
2016,180280,2.741620,Travel related to household activities
2016,180381,3.702539,Travel related to caring for and helping hh children
2016,180382,1.186497,Travel related to caring for and helping hh adults
2016,180399,0.000336,"Travel rel. to caring for & helping hh members, n.e.c."
2016,180481,1.040929,Travel related to caring for and helping nonhh children
2016,180482,2.838690,Travel related to caring for and helping nonhh adults
2016,180499,0.013309,"Travel rel. to caring for & helping nonhh members, n.e.c."
2016,180501,16.117472,Travel related to working
2016,180502,0.014976,Travel related to work-related activities
2016,180589,0.297342,"Travel related to work, n.e.c."
2016,180601,1.602080,Travel related to taking class
2016,180682,0.246894,Travel related to education (except taking class)
2016,180699,0.006177,"Travel related to education, n.e.c."
2016,180701,3.261255,Travel related to grocery shopping
2016,180782,11.500938,Travel related to shopping (except grocery shopping)
2016,180801,0.010254,Travel related to using childcare services
2016,180802,0.377553,Travel related to using financial services and banking
2016,180803,0.022300,Travel related to using legal services
2016,180804,1.234238,Travel related to using medical services
2016,180805,0.267940,Travel related to using personal care services
2016,180806,0.164477,Travel related to using real estate services
2016,180807,0.067342,Travel related to using veterinary services
2016,180899,0.023108,"Travel rel. to using prof. & personal care services, n.e.c."
2016,180901,0.065332,Travel related to using household services
2016,180902,0.016244,Travel related to using home main./repair/decor./construction svcs
2016,180903,0.034957,Travel related to using pet services (not vet)
2016,180904,0.000209,Travel related to using lawn and garden services
2016,180905,0.337177,Travel related to using vehicle maintenance & repair services
2016,180999,0.000102,"Travel related to using household services, n.e.c."
2016,181002,0.069592,Travel related to civic obligations & participation
2016,181081,0.111174,Travel related to using government services
2016,181099,0.015417,"Travel rel. to govt svcs & civic obligations, n.e.c."
2016,181101,6.511181,Travel related to eating and drinking
2016,181201,5.256473,Travel related to socializing and communicating
2016,181202,0.711652,Travel related to attending or hosting social events
2016,181204,0.856132,Travel related to arts and entertainment
2016,181283,2.894965,Travel related to relaxing and leisure
2016,181301,2.532374,Travel related to participating in sports/exercise/recreation
2016,181302,0.322998,Travel related to attending sporting/recreational events
2016,181399,0.063311,"Travel related to sports, exercise, & recreation, n.e.c."
2016,181401,1.317836,Travel related to religious/spiritual practices
2016,181499,0.001547,"Travel rel. to religious/spiritual activities, n.e.c."
2016,181501,0.796508,Travel related to volunteering
2016,181599,0.107403,"Travel related to volunteer activities, n.e.c."
2016,181601,0.332200,Travel related to phone calls
2016,181801,0.080593,Security procedures related to traveling
2016,189999,2.102951,"Traveling, n.e.c."
2016,500101,6.409088,Insufficient detail in verbatim
2016,500103,0.806525,Missing travel or destination
2016,500105,0.308066,Respondent refused to provide information/none of your business
2016,500106,3.741625,Gap/can't remember
2016,500107,0.009197,Unable to code activity at 1st tier
2017,010101,522.813655,Sleeping
2017,010102,5.364500,Sleeplessness
2017,010201,40.674181,"Washing, dressing and grooming oneself"
2017,010299,0.017178,"Grooming, n.e.c."
2017,010301,4.381173,Health-related self care
2017,010399,0.365009,"Self care, n.e.c."
2017,010401,0.642130,Personal/Private activities
2017,010499,0.004382,"Personal activities, n.e.c."
2017,010501,0.003548,Personal emergencies
2017,020101,21.034516,Interior cleaning
2017,020102,9.694033,Laundry
2017,020103,0.960281,"Sewing, repairing, & maintaining textiles"
2017,020104,1.382905,"Storing interior hh items, inc. food"
2017,020199,0.057163,"Housework, n.e.c."
2017,020201,28.161582,Food and drink preparation
2017,020202,0.351239,Food presentation
2017,020203,7.615783,Kitchen and food clean-up
2017,020299,0.004498,"Food & drink prep, presentation, & clean-up, n.e.c."
2017,020301,2.784363,"Interior arrangement, decoration, & repairs"
2017,020302,0.272486,Building and repairing furniture
2017,020303,0.295316,Heating and cooling
2017,020399,0.098731,"Interior maintenance, repair, & decoration, n.e.c."
2017,020401,1.468442,Exterior cleaning
2017,020402,1.926409,"Exterior repair, improvements, & decoration"
2017,020499,0.099367,"Exterior maintenance, repair & decoration, n.e.c."
2017,020501,10.436511,"Lawn, garden, and houseplant care"
2017,020502,0.206306,"Ponds, pools, and hot tubs"
2017,020599,0.015534,"Lawn and garden, n.e.c."
2017,020681,7.654723,Care for animals and pets (not veterinary care)
2017,020699,0.016266,"Pet and animal care, n.e.c."
2017,020701,2.411106,Vehicle repair and maintenance (by self)
2017,020799,0.015481,"Vehicles, n.e.c."
2017,020801,0.889592,"Appliance, tool, and toy set-up, repair, & maintenance (by self)"
2017,020899,0.017253,"Appliances and tools, n.e.c."
2017,020901,1.518684,Financial management
2017,020902,6.113105,Household & personal organization and planning
2017,020903,0.935501,HH & personal mail & messages (except e-mail)
2017,020904,1.685037,HH & personal e-mail and messages
2017,020905,0.127546,Home security
2017,020999,0.006306,"Household management, n.e.c."
2017,029999,0.355702,"Household activities, n.e.c."
2017,030101,8.585963,Physical care for hh children
2017,030102,0.828789,Reading to/with hh children
2017,030103,5.492017,"Playing with hh children, not sports"
2017,030104,0.047119,Arts and crafts with hh children
2017,030105,0.127892,Playing sports with hh children
2017,030108,0.196099,Organization & planning for hh children
2017,030109,2.030179,Looking after hh children (as a primary activity)
2017,030110,1.405829,Attending hh children's events
2017,030111,0.479775,Waiting for/with hh children
2017,030112,1.003323,Picking up/dropping off hh children
2017,030186,1.026748,Talking with/listening to hh children
2017,030199,0.215603,"Caring for & helping hh children, n.e.c."
2017,030201,1.346435,Homework (hh children)
2017,030202,0.108540,Meetings and school conferences (hh children)
2017,030203,0.287644,Home schooling of hh children
2017,030204,0.001622,Waiting associated with hh children's education
2017,030299,0.067802,"Activities related to hh child's education, n.e.c."
2017,030301,0.315831,Providing medical care to hh children
2017,030302,0.328356,Obtaining medical care for hh children
2017,030303,0.060806,Waiting associated with hh children's health
2017,030399,0.009378,"Activities related to hh child's health, n.e.c."
2017,030401,1.022858,Physical care for hh adults
2017,030402,0.122811,Looking after hh adult (as a primary activity)
2017,030403,0.245911,Providing medical care to hh adult
2017,030404,0.279206,Obtaining medical and care services for hh adult
2017,030405,0.142287,Waiting associated with caring for household adults
2017,030499,0.089989,"Caring for household adults, n.e.c."
2017,030501,0.038798,Helping hh adults
2017,030502,0.141485,Organization & planning for hh adults
2017,030503,0.193512,Picking up/dropping off hh adult
2017,030504,0.361982,Waiting associated with helping hh adults
2017,030599,0.038148,"Helping household adults, n.e.c."
2017,040101,0.359005,Physical care for nonhh children
2017,040102,0.050755,Reading to/with nonhh children
2017,040103,1.163231,"Playing with nonhh children, not sports"
2017,040104,0.038714,Arts and crafts with nonhh children
2017,040105,0.001552,Playing sports with nonhh children
2017,040108,0.065609,Organization & planning for nonhh children
2017,040109,0.917399,Looking after nonhh children (as primary activity)
2017,040110,0.195128,Attending nonhh children's events
2017,040111,0.078614,Waiting for/with nonhh children
2017,040112,0.153890,Dropping off/picking up nonhh children
2017,040186,0.250439,Talking with/listening to nonhh children
2017,040199,0.027391,"Caring for and helping nonhh children, n.e.c."
2017,040201,0.058867,Homework (nonhh children)
2017,040202,0.002242,Meetings and school conferences (nonhh children)
2017,040203,0.035344,Home schooling of nonhh children
2017,040299,0.017839,"Activities related to nonhh child's educ., n.e.c."
2017,040301,0.002293,Providing medical care to nonhh children
2017,040399,0.002564,"Activities related to nonhh child's health, n.e.c."
2017,040401,0.520316,Physical care for nonhh adults
2017,040402,0.010346,Looking after nonhh adult (as a primary activity)
2017,040403,0.035682,Providing medical care to nonhh adult
2017,040404,0.090586,Obtaining medical and care services for nonhh adult
2017,040405,0.115888,Waiting associated with caring for nonhh adults
2017,040499,0.074836,"Caring for nonhh adults, n.e.c."
2017,040501,0.569382,"Housework, cooking, & shopping assistance for nonhh adults"
2017,040502,0.738467,House & lawn maintenance & repair assistance for nonhh adults
2017,040503,0.104025,Animal & pet care assistance for nonhh adults
2017,040504,0.173504,Vehicle & appliance maintenance/repair assistance for nonhh adults
2017,040505,0.046250,Financial management assistance for nonhh adults
2017,040506,0.566580,Household management & paperwork assistance for nonhh adults
2017,040507,0.362205,Picking up/dropping off nonhh adult
2017,040508,0.371306,Waiting associated with helping nonhh adults
2017,040599,0.475832,"Helping nonhh adults, n.e.c."
2017,049999,0.022197,"Caring for & helping nonhh members, n.e.c."
2017,050101,188.923179,"Work, main job"
2017,050102,4.779982,"Work, other job(s)"
2017,050103,0.002253,Security procedures related to work
2017,050189,0.254354,"Working, n.e.c."
2017,050201,0.078769,"Socializing, relaxing, and leisure as part of job"
2017,050202,0.026742,Eating and drinking as part of job
2017,050203,0.019231,Sports and exercise as part of job
2017,050289,0.000149,"Work-related activities, n.e.c."
2017,050301,0.262884,"Income-generating hobbies, crafts, and food"
2017,050303,0.444411,Income-generating services
2017,050304,0.071545,Income-generating rental property activities
2017,050389,0.894452,"Other income-generating activities, n.e.c."
2017,050403,0.153817,Job interviewing
2017,050404,0.023833,Waiting associated with job search or interview
2017,050405,0.001175,Security procedures rel. to job search/interviewing
2017,050481,1.789474,Job search activities
2017,059999,0.001669,"Work and work-related activities, n.e.c."
2017,060101,14.653814,"Taking class for degree, certification, or licensure"
2017,060102,0.348596,Taking class for personal interest
2017,060103,0.066913,Waiting associated with taking classes
2017,060199,0.372991,"Taking class, n.e.c."
2017,060201,0.082232,Extracurricular club activities
2017,060202,0.126948,Extracurricular music & performance activities
2017,060289,0.033119,"Education-related extracurricular activities, n.e.c."
2017,060301,9.897917,"Research/homework for class for degree, certification, or licensure"
2017,060302,0.265959,Research/homework for class for pers. interest
2017,060399,0.500941,Research/homework n.e.c.
2017,060401,0.359761,"Administrative activities: class for degree, certification, or licensure"
2017,060499,0.059814,"Administrative for education, n.e.c."
2017,069999,0.413270,"Education, n.e.c."
2017,070101,6.448077,Grocery shopping
2017,070102,0.359800,Purchasing gas
2017,070103,1.553791,Purchasing food (not groceries)
2017,070104,12.251271,"Shopping, except groceries, food and gas"
2017,070105,0.142164,Waiting associated with shopping
2017,070201,0.073260,Comparison shopping
2017,080101,0.017002,Using paid childcare services
2017,080201,0.290399,Banking
2017,080202,0.078781,Using other financial services
2017,080203,0.004141,Waiting associated w/banking/financial services
2017,080301,0.058050,Using legal services
2017,080302,0.015761,Waiting associated with legal services
2017,080401,2.618018,Using health and care services outside the home
2017,080402,0.050407,Using in-home health and care services
2017,080403,0.491323,Waiting associated with medical services
2017,080499,0.004341,"Using medical services, n.e.c."
2017,080501,0.885155,Using personal care services
2017,080502,0.034212,Waiting associated w/personal care services
2017,080599,0.000409,"Using personal care services, n.e.c."
2017,080601,0.150030,Activities rel. to purchasing/selling real estate
2017,080602,0.000285,Waiting associated w/purchasing/selling real estate
2017,080701,0.102993,Using veterinary services
2017,080702,0.031974,Waiting associated with veterinary services
2017,089999,0.054745,"Professional and personal services, n.e.c."
2017,090101,0.001771,Using interior cleaning services
2017,090102,0.001441,Using meal preparation services
2017,090103,0.031233,Using clothing repair and cleaning services
2017,090104,0.001132,Waiting associated with using household services
2017,090199,0.000423,"Using household services, n.e.c."
2017,090201,0.195125,Using home maint/repair/decor/construction svcs
2017,090202,0.084888,Waiting associated w/ home main/repair/decor/constr
2017,090299,0.002408,"Using home maint/repair/decor/constr services, n.e.c."
2017,090301,0.020019,Using pet services
2017,090399,0.000313,"Using pet services, n.e.c."
2017,090401,0.022981,Using lawn and garden services
2017,090402,0.017608,Waiting associated with using lawn & garden services
2017,090501,0.258239,Using vehicle maintenance or repair services
2017,090502,0.185152,Waiting associated with vehicle main. or repair svcs
2017,090599,0.036485,"Using vehicle maint. & repair svcs, n.e.c."
2017,099999,0.001032,"Using household services, n.e.c."
2017,100101,0.005093,Using police and fire services
2017,100102,0.053302,Using social services
2017,100103,0.080983,"Obtaining licenses & paying fines, fees, taxes"
2017,100199,0.002027,"Using government services, n.e.c."
2017,100201,0.070476,Civic obligations & participation
2017,100299,0.004596,"Civic obligations & participation, n.e.c."
2017,100381,0.002818,Waiting associated w/ using government services
2017,100383,0.016825,Waiting associated w/civic obligations & participation
2017,109999,0.018252,"Government services, n.e.c."
2017,110101,63.702458,Eating and drinking
2017,110281,0.258085,Waiting associated w/eating & drinking
2017,110289,0.006448,"Waiting associated with eating & drinking, n.e.c."
2017,120101,34.021327,Socializing and communicating with others
2017,120199,0.000371,"Socializing and communicating, n.e.c."
2017,120201,3.855223,Attending or hosting parties/receptions/ceremonies
2017,120202,1.360627,Attending meetings for personal interest (not volunteering)
2017,120299,0.012021,"Attending/hosting social events, n.e.c."
2017,120301,21.418905,"Relaxing, thinking"
2017,120302,0.343293,Tobacco and drug use
2017,120303,165.872257,Television and movies (not religious)
2017,120304,0.172463,Television (religious)
2017,120305,1.165194,Listening to the radio
2017,120306,2.233903,Listening to/playing music (not radio)
2017,120307,16.467492,Playing games
2017,120308,11.359377,Computer use for leisure (exc. Games)
2017,120309,1.865930,Arts and crafts as a hobby
2017,120310,0.010408,Collecting as a hobby
2017,120311,0.260648,"Hobbies, except arts & crafts and collecting"
2017,120312,16.628112,Reading for personal interest
2017,120313,0.276176,Writing for personal interest
2017,120399,0.269087,"Relaxing and leisure, n.e.c."
2017,120401,1.040407,Attending performing arts
2017,120402,0.407357,Attending museums
2017,120403,1.621812,Attending movies/film
2017,120404,0.399393,Attending gambling establishments
2017,120499,1.676873,"Arts and entertainment, n.e.c."
2017,120501,0.016847,Waiting assoc. w/socializing & communicating
2017,120502,0.020627,Waiting assoc. w/attending/hosting social events
2017,120503,0.006374,Waiting associated with relaxing/leisure
2017,120504,0.051316,Waiting associated with arts & entertainment
2017,129999,0.021943,"Socializing, relaxing, and leisure, n.e.c."
2017,130101,0.183336,Doing aerobics
2017,130102,0.072873,Playing baseball
2017,130103,0.766946,Playing basketball
2017,130104,0.642679,Biking
2017,130105,0.214820,Playing billiards
2017,130106,0.314027,Boating
2017,130107,0.300489,Bowling
2017,130108,0.031688,"Climbing, spelunking, caving"
2017,130109,0.327283,Dancing
2017,130110,0.094257,Participating in equestrian sports
2017,130112,0.413446,Fishing
2017,130113,0.164491,Playing football
2017,130114,0.896468,Golfing
2017,130116,0.335413,Hiking
2017,130117,0.006505,Playing hockey
2017,130118,0.102474,Hunting
2017,130119,0.051427,Participating in martial arts
2017,130120,0.315483,Playing racquet sports
2017,130122,0.015391,Rollerblading
2017,130124,0.845808,Running
2017,130125,0.230796,"Skiing, ice skating, snowboarding"
2017,130126,0.568278,Playing soccer
2017,130127,0.028990,Softball
2017,130128,0.212724,Using cardiovascular equipment
2017,130129,0.265209,Vehicle touring/racing
2017,130130,0.098516,Playing volleyball
2017,130131,3.360525,Walking
2017,130132,1.596345,Participating in water sports
2017,130133,1.724120,Weightlifting/strength training
2017,130134,1.758249,"Working out, unspecified"
2017,130136,0.403172,Doing yoga
2017,130199,0.677072,Playing sports n.e.c.
2017,130202,0.407783,Watching baseball
2017,130203,0.268725,Watching basketball
2017,130207,0.017203,Watching bowling
2017,130209,0.013272,Watching dancing
2017,130210,0.012493,Watching equestrian sports
2017,130213,0.217244,Watching football
2017,130214,0.018051,Watching golfing
2017,130215,0.002028,Watching gymnastics
2017,130216,0.070442,Watching hockey
2017,130217,0.010974,Watching martial arts
2017,130218,0.044430,Watching racquet sports
2017,130219,0.021375,Watching rodeo competitions
2017,130222,0.011880,Watching running
2017,130223,0.000373,"Watching skiing, ice skating, snowboarding"
2017,130224,0.128436,Watching soccer
2017,130225,0.165378,Watching softball
2017,130227,0.088718,Watching volleyball
2017,130229,0.043998,Watching water sports
2017,130232,0.117440,Watching wrestling
2017,130299,0.154020,"Attending sporting events, n.e.c."
2017,130301,0.138251,Waiting related to playing sports or exercising
2017,130302,0.024366,Waiting related to attending sporting events
2017,130401,0.000240,Security related to playing sports or exercising
2017,139999,0.007994,"Sports, exercise, & recreation, n.e.c."
2017,140101,4.573818,Attending religious services
2017,140102,2.550456,Participation in religious practices
2017,140103,0.045371,Waiting associated w/religious & spiritual activities
2017,140105,0.846014,Religious education activities
2017,149999,0.068732,"Religious and spiritual activities, n.e.c."
2017,150101,0.606572,Computer use
2017,150102,0.633387,Organizing and preparing
2017,150103,0.378550,Reading
2017,150104,0.123889,Telephone calls (except hotline counseling)
2017,150105,0.123840,Writing
2017,150106,0.155980,Fundraising
2017,150199,0.242808,"Administrative & support activities, n.e.c."
2017,150201,0.803282,"Food preparation, presentation, clean-up"
2017,150202,0.130628,Collecting & delivering clothing & other goods
2017,150203,0.618957,Providing care
2017,150204,0.765763,"Teaching, leading, counseling, mentoring"
2017,150299,0.243564,"Social service & care activities, n.e.c."
2017,150301,0.041560,"Building houses, wildlife sites, & other structures"
2017,150302,0.311404,"Indoor & outdoor maintenance, repair, & clean-up"
2017,150399,0.000134,"Indoor & outdoor maintenance, building & clean-up activities, n.e.c."
2017,150401,0.354398,Performing
2017,150402,0.511737,Serving at volunteer events & cultural activities
2017,150499,0.021772,"Participating in performance & cultural activities, n.e.c."
2017,150501,0.769888,"Attending meetings, conferences, & training"
2017,150599,0.031730,"Attending meetings, conferences, & training, n.e.c."
2017,150601,0.003967,Public health activities
2017,150602,0.085181,Public safety activities
2017,150699,0.004540,"Public health & safety activities, n.e.c."
2017,159989,2.185596,"Volunteer activities, n.e.c."
2017,160101,2.299852,Telephone calls to/from family members
2017,160102,2.141878,"Telephone calls to/from friends, neighbors, or acquaintances"
2017,160103,0.043056,Telephone calls to/from education services providers
2017,160104,0.087359,Telephone calls to/from salespeople
2017,160105,0.143784,Telephone calls to/from professional or personal care svcs providers
2017,160106,0.118677,Telephone calls to/from household services providers
2017,160107,0.001269,Telephone calls to/from paid child or adult care providers
2017,160108,0.010043,Telephone calls to/from government officials
2017,169989,1.195455,"Telephone calls, n.e.c."
2017,180101,0.978496,Travel related to personal care
2017,180199,0.007639,"Travel related to personal care, n.e.c."
2017,180280,2.742586,Travel related to household activities
2017,180381,3.798593,Travel related to caring for and helping hh children
2017,180382,1.006238,Travel related to caring for and helping hh adults
2017,180399,0.000800,"Travel rel. to caring for & helping hh members, n.e.c."
2017,180481,0.776756,Travel related to caring for and helping nonhh children
2017,180482,2.540736,Travel related to caring for and helping nonhh adults
2017,180499,0.001291,"Travel rel. to caring for & helping nonhh members, n.e.c."
2017,180501,16.943655,Travel related to working
2017,180502,0.021676,Travel related to work-related activities
2017,180589,0.422874,"Travel related to work, n.e.c."
2017,180601,1.513151,Travel related to taking class
2017,180682,0.372370,Travel related to education (except taking class)
2017,180699,0.027601,"Travel related to education, n.e.c."
2017,180701,3.337172,Travel related to grocery shopping
2017,180782,10.455067,Travel related to shopping (except grocery shopping)
2017,180801,0.007608,Travel related to using childcare services
2017,180802,0.325256,Travel related to using financial services and banking
2017,180803,0.005847,Travel related to using legal services
2017,180804,1.299424,Travel related to using medical services
2017,180805,0.316194,Travel related to using personal care services
2017,180806,0.060474,Travel related to using real estate services
2017,180807,0.058382,Travel related to using veterinary services
2017,180899,0.061588,"Travel rel. to using prof. & personal care services, n.e.c."
2017,180901,0.051529,Travel related to using household services
2017,180902,0.018778,Travel related to using home main./repair/decor./construction svcs
2017,180903,0.031850,Travel related to using pet services (not vet)
2017,180904,0.000632,Travel related to using lawn and garden services
2017,180905,0.335371,Travel related to using vehicle maintenance & repair services
2017,180999,0.002063,"Travel related to using household services, n.e.c."
2017,181002,0.031383,Travel related to civic obligations & participation
2017,181081,0.087743,Travel related to using government services
2017,181101,6.711277,Travel related to eating and drinking
2017,181201,4.827330,Travel related to socializing and communicating
2017,181202,0.846287,Travel related to attending or hosting social events
2017,181204,0.918192,Travel related to arts and entertainment
2017,181283,3.130924,Travel related to relaxing and leisure
2017,181299,0.002552,"Travel rel. to socializing, relaxing, & leisure, n.e.c."
2017,181301,2.646063,Travel related to participating in sports/exercise/recreation
2017,181302,0.353489,Travel related to attending sporting/recreational events
2017,181399,0.001332,"Travel related to sports, exercise, & recreation, n.e.c."
2017,181401,1.182249,Travel related to religious/spiritual practices
2017,181499,0.004008,"Travel rel. to religious/spiritual activities, n.e.c."
2017,181501,1.045585,Travel related to volunteering
2017,181599,0.122555,"Travel related to volunteer activities, n.e.c."
2017,181601,0.208310,Travel related to phone calls
2017,181699,0.002590,"Travel rel. to phone calls, n.e.c."
2017,181801,0.059592,Security procedures related to traveling
2017,181899,0.016100,"Security procedures related to traveling, n.e.c."
2017,189999,1.782422,"Traveling, n.e.c."
2017,500101,5.490760,Insufficient detail in verbatim
2017,500103,0.531229,Missing travel or destination
2017,500105,0.250292,Respondent refused to provide information/none of your business
2017,500106,4.148313,Gap/can't remember
2017,500107,0.015913,Unable to code activity at 1st tier
2018,010101,523.331392,Sleeping
2018,010102,5.556593,Sleeplessness
2018,010199,0.069313,"Sleeping, n.e.c."
2018,010201,40.367328,"Washing, dressing and grooming oneself"
2018,010299,0.052615,"Grooming, n.e.c."
2018,010301,3.307354,Health-related self care
2018,010399,0.223352,"Self care, n.e.c."
2018,010401,0.440951,Personal/Private activities
2018,010499,0.000719,"Personal activities, n.e.c."
2018,010501,0.007256,Personal emergencies
2018,020101,18.456862,Interior cleaning
2018,020102,11.088038,Laundry
2018,020103,1.667732,"Sewing, repairing, & maintaining textiles"
2018,020104,1.298967,"Storing interior hh items, inc. food"
2018,020199,0.239427,"Housework, n.e.c."
2018,020201,27.541948,Food and drink preparation
2018,020202,0.361483,Food presentation
2018,020203,7.457793,Kitchen and food clean-up
2018,020299,0.002438,"Food & drink prep, presentation, & clean-up, n.e.c."
2018,020301,2.820305,"Interior arrangement, decoration, & repairs"
2018,020302,0.369018,Building and repairing furniture
2018,020303,0.384669,Heating and cooling
2018,020399,0.008257,"Interior maintenance, repair, & decoration, n.e.c."
2018,020401,1.425454,Exterior cleaning
2018,020402,1.350603,"Exterior repair, improvements, & decoration"
2018,020499,0.033426,"Exterior maintenance, repair & decoration, n.e.c."
2018,020501,10.558944,"Lawn, garden, and houseplant care"
2018,020502,0.128260,"Ponds, pools, and hot tubs"
2018,020681,7.285302,Care for animals and pets (not veterinary care)
2018,020699,0.012003,"Pet and animal care, n.e.c."
2018,020701,2.021248,Vehicle repair and maintenance (by self)
2018,020799,0.019175,"Vehicles, n.e.c."
2018,020801,0.874677,"Appliance, tool, and toy set-up, repair, & maintenance (by self)"
2018,020899,0.013948,"Appliances and tools, n.e.c."
2018,020901,1.529290,Financial management
2018,020902,6.613862,Household & personal organization and planning
2018,020903,1.007024,HH & personal mail & messages (except e-mail)
2018,020904,1.551453,HH & personal e-mail and messages
2018,020905,0.141162,Home security
2018,020999,0.082672,"Household management, n.e.c."
2018,029999,0.254061,"Household activities, n.e.c."
2018,030101,8.601745,Physical care for hh children
2018,030102,0.698184,Reading to/with hh children
2018,030103,5.123599,"Playing with hh children, not sports"
2018,030104,0.101371,Arts and crafts with hh children
2018,030105,0.188544,Playing sports with hh children
2018,030108,0.260794,Organization & planning for hh children
2018,030109,1.935318,Looking after hh children (as a primary activity)
2018,030110,1.309553,Attending hh children's events
2018,030111,0.536783,Waiting for/with hh children
2018,030112,0.960524,Picking up/dropping off hh children
2018,030186,1.034898,Talking with/listening to hh children
2018,030199,0.044272,"Caring for & helping hh children, n.e.c."
2018,030201,1.540055,Homework (hh children)
2018,030202,0.144363,Meetings and school conferences (hh children)
2018,030203,0.128655,Home schooling of hh children
2018,030204,0.005554,Waiting associated with hh children's education
2018,030299,0.011516,"Activities related to hh child's education, n.e.c."
2018,030301,0.210677,Providing medical care to hh children
2018,030302,0.206043,Obtaining medical care for hh children
2018,030303,0.049680,Waiting associated with hh children's health
2018,030399,0.047552,"Activities related to hh child's health, n.e.c."
2018,030401,0.784224,Physical care for hh adults
2018,030402,0.049234,Looking after hh adult (as a primary activity)
2018,030403,0.165317,Providing medical care to hh adult
2018,030404,0.383574,Obtaining medical and care services for hh adult
2018,030405,0.148310,Waiting associated with caring for household adults
2018,030499,0.156654,"Caring for household adults, n.e.c."
2018,030501,0.218010,Helping hh adults
2018,030502,0.085905,Organization & planning for hh adults
2018,030503,0.164169,Picking up/dropping off hh adult
2018,030504,0.518653,Waiting associated with helping hh adults
2018,030599,0.128664,"Helping household adults, n.e.c."
2018,039999,0.010555,"Caring for & helping hh members, n.e.c."
2018,040101,0.681995,Physical care for nonhh children
2018,040102,0.074215,Reading to/with nonhh children
2018,040103,2.154490,"Playing with nonhh children, not sports"
2018,040104,0.034673,Arts and crafts with nonhh children
2018,040105,0.052737,Playing sports with nonhh children
2018,040108,0.061740,Organization & planning for nonhh children
2018,040109,1.123701,Looking after nonhh children (as primary activity)
2018,040110,0.251047,Attending nonhh children's events
2018,040111,0.129472,Waiting for/with nonhh children
2018,040112,0.200790,Dropping off/picking up nonhh children
2018,040186,0.175579,Talking with/listening to nonhh children
2018,040199,0.227391,"Caring for and helping nonhh children, n.e.c."
2018,040201,0.084658,Homework (nonhh children)
2018,040202,0.003841,Meetings and school conferences (nonhh children)
2018,040203,0.087697,Home schooling of nonhh children
2018,040299,0.003497,"Activities related to nonhh child's educ., n.e.c."
2018,040301,0.007244,Providing medical care to nonhh children
2018,040302,0.010049,Obtaining medical care for nonhh children
2018,040303,0.002007,Waiting associated with nonhh children's health
2018,040399,0.002908,"Activities related to nonhh child's health, n.e.c."
2018,040401,0.170120,Physical care for nonhh adults
2018,040402,0.038218,Looking after nonhh adult (as a primary activity)
2018,040403,0.067949,Providing medical care to nonhh adult
2018,040404,0.106229,Obtaining medical and care services for nonhh adult
2018,040405,0.146020,Waiting associated with caring for nonhh adults
2018,040499,0.235854,"Caring for nonhh adults, n.e.c."
2018,040501,0.521787,"Housework, cooking, & shopping assistance for nonhh adults"
2018,040502,1.121838,House & lawn maintenance & repair assistance for nonhh adults
2018,040503,0.267949,Animal & pet care assistance for nonhh adults
2018,040504,0.395855,Vehicle & appliance maintenance/repair assistance for nonhh adults
2018,040505,0.044728,Financial management assistance for nonhh adults
2018,040506,0.350026,Household management & paperwork assistance for nonhh adults
2018,040507,0.283811,Picking up/dropping off nonhh adult
2018,040508,0.341728,Waiting associated with helping nonhh adults
2018,040599,0.244800,"Helping nonhh adults, n.e.c."
2018,049999,0.012386,"Caring for & helping nonhh members, n.e.c."
2018,050101,189.423025,"Work, main job"
2018,050102,4.288691,"Work, other job(s)"
2018,050103,0.005047,Security procedures related to work
2018,050189,0.221946,"Working, n.e.c."
2018,050201,0.065964,"Socializing, relaxing, and leisure as part of job"
2018,050202,0.062246,Eating and drinking as part of job
2018,050289,0.030438,"Work-related activities, n.e.c."
2018,050301,0.146340,"Income-generating hobbies, crafts, and food"
2018,050302,0.021831,Income-generating performances
2018,050303,0.331294,Income-generating services
2018,050304,0.098456,Income-generating rental property activities
2018,050389,0.858112,"Other income-generating activities, n.e.c."
2018,050403,0.079385,Job interviewing
2018,050404,0.018906,Waiting associated with job search or interview
2018,050405,0.002002,Security procedures rel. to job search/interviewing
2018,050481,1.555854,Job search activities
2018,050499,0.025084,"Job search and Interviewing, n.e.c."
2018,060101,14.146078,"Taking class for degree, certification, or licensure"
2018,060102,0.593583,Taking class for personal interest
2018,060103,0.105169,Waiting associated with taking classes
2018,060104,0.006907,Security procedures rel. to taking classes
2018,060199,0.088478,"Taking class, n.e.c."
2018,060202,0.155614,Extracurricular music & performance activities
2018,060289,0.005152,"Education-related extracurricular activities, n.e.c."
2018,060301,10.041960,"Research/homework for class for degree, certification, or licensure"
2018,060302,0.167113,Research/homework for class for pers. interest
2018,060399,0.282273,Research/homework n.e.c.
2018,060401,0.071512,"Administrative activities: class for degree, certification, or licensure"
2018,060403,0.008936,Waiting associated w/admin. activities (education)
2018,060499,0.137516,"Administrative for education, n.e.c."
2018,069999,0.178733,"Education, n.e.c."
2018,070101,6.380401,Grocery shopping
2018,070102,0.342311,Purchasing gas
2018,070103,1.628623,Purchasing food (not groceries)
2018,070104,11.542301,"Shopping, except groceries, food and gas"
2018,070105,0.104028,Waiting associated with shopping
2018,070199,0.006733,"Shopping, n.e.c."
2018,070201,0.074805,Comparison shopping
2018,070301,0.000346,Security procedures rel. to consumer purchases
2018,070399,0.010295,"Security procedures rel. to consumer purchases, n.e.c."
2018,080101,0.010084,Using paid childcare services
2018,080201,0.347499,Banking
2018,080202,0.141924,Using other financial services
2018,080203,0.012868,Waiting associated w/banking/financial services
2018,080299,0.014060,"Using financial services and banking, n.e.c."
2018,080301,0.047851,Using legal services
2018,080302,0.001932,Waiting associated with legal services
2018,080399,0.002170,"Using legal services, n.e.c."
2018,080401,3.126962,Using health and care services outside the home
2018,080402,0.049688,Using in-home health and care services
2018,080403,0.344717,Waiting associated with medical services
2018,080499,0.003417,"Using medical services, n.e.c."
2018,080501,0.930547,Using personal care services
2018,080502,0.084242,Waiting associated w/personal care services
2018,080599,0.000862,"Using personal care services, n.e.c."
2018,080601,0.280347,Activities rel. to purchasing/selling real estate
2018,080701,0.074908,Using veterinary services
2018,080702,0.021075,Waiting associated with veterinary services
2018,080799,0.015534,"Using veterinary services, n.e.c."
2018,089999,0.035382,"Professional and personal services, n.e.c."
2018,090101,0.018908,Using interior cleaning services
2018,090102,0.000545,Using meal preparation services
2018,090103,0.028324,Using clothing repair and cleaning services
2018,090104,0.007707,Waiting associated with using household services
2018,090199,0.001999,"Using household services, n.e.c."
2018,090201,0.180356,Using home maint/repair/decor/construction svcs
2018,090202,0.269436,Waiting associated w/ home main/repair/decor/constr
2018,090299,0.024468,"Using home maint/repair/decor/constr services, n.e.c."
2018,090301,0.008114,Using pet services
2018,090399,0.010321,"Using pet services, n.e.c."
2018,090401,0.041515,Using lawn and garden services
2018,090501,0.212459,Using vehicle maintenance or repair services
2018,090502,0.153090,Waiting associated with vehicle main. or repair svcs
2018,090599,0.038876,"Using vehicle maint. & repair svcs, n.e.c."
2018,099999,0.015869,"Using household services, n.e.c."
2018,100101,0.037228,Using police and fire services
2018,100102,0.009227,Using social services
2018,100103,0.059626,"Obtaining licenses & paying fines, fees, taxes"
2018,100199,0.042373,"Using government services, n.e.c."
2018,100201,0.157316,Civic obligations & participation
2018,100299,0.041319,"Civic obligations & participation, n.e.c."
2018,100381,0.010173,Waiting associated w/ using government services
2018,100383,0.023361,Waiting associated w/civic obligations & participation
2018,100401,0.000406,Security procedures rel. to govt svcs/civic obligations
2018,110101,64.133388,Eating and drinking
2018,110281,0.387918,Waiting associated w/eating & drinking
2018,119999,0.000457,"Eating and drinking, n.e.c."
2018,120101,34.865032,Socializing and communicating with others
2018,120199,0.012512,"Socializing and communicating, n.e.c."
2018,120201,3.141717,Attending or hosting parties/receptions/ceremonies
2018,120202,0.367547,Attending meetings for personal interest (not volunteering)
2018,120299,0.007205,"Attending/hosting social events, n.e.c."
2018,120301,19.438995,"Relaxing, thinking"
2018,120302,0.302285,Tobacco and drug use
2018,120303,170.451764,Television and movies (not religious)
2018,120304,0.200132,Television (religious)
2018,120305,1.449788,Listening to the radio
2018,120306,3.115727,Listening to/playing music (not radio)
2018,120307,17.079737,Playing games
2018,120308,10.849588,Computer use for leisure (exc. Games)
2018,120309,1.599978,Arts and crafts as a hobby
2018,120310,0.040929,Collecting as a hobby
2018,120311,0.166562,"Hobbies, except arts & crafts and collecting"
2018,120312,15.854270,Reading for personal interest
2018,120313,0.627943,Writing for personal interest
2018,120399,0.130849,"Relaxing and leisure, n.e.c."
2018,120401,1.493109,Attending performing arts
2018,120402,0.281546,Attending museums
2018,120403,1.458617,Attending movies/film
2018,120404,0.173723,Attending gambling establishments
2018,120499,2.512360,"Arts and entertainment, n.e.c."
2018,120501,0.010436,Waiting assoc. w/socializing & communicating
2018,120502,0.006185,Waiting assoc. w/attending/hosting social events
2018,120503,0.003672,Waiting associated with relaxing/leisure
2018,120504,0.028038,Waiting associated with arts & entertainment
2018,130101,0.142337,Doing aerobics
2018,130102,0.097194,Playing baseball
2018,130103,0.619112,Playing basketball
2018,130104,0.755177,Biking
2018,130105,0.174904,Playing billiards
2018,130106,0.100208,Boating
2018,130107,0.195156,Bowling
2018,130108,0.178453,"Climbing, spelunking, caving"
2018,130109,0.179037,Dancing
2018,130110,0.041988,Participating in equestrian sports
2018,130112,0.609892,Fishing
2018,130113,0.167003,Playing football
2018,130114,0.855960,Golfing
2018,130115,0.021353,Doing gymnastics
2018,130116,0.487061,Hiking
2018,130117,0.077609,Playing hockey
2018,130118,0.397367,Hunting
2018,130119,0.111281,Participating in martial arts
2018,130120,0.356226,Playing racquet sports
2018,130122,0.106267,Rollerblading
2018,130123,0.069535,Playing rugby
2018,130124,0.748977,Running
2018,130125,0.131429,"Skiing, ice skating, snowboarding"
2018,130126,0.260581,Playing soccer
2018,130127,0.027505,Softball
2018,130128,0.320233,Using cardiovascular equipment
2018,130129,0.202226,Vehicle touring/racing
2018,130130,0.082496,Playing volleyball
2018,130131,3.626982,Walking
2018,130132,1.702084,Participating in water sports
2018,130133,1.408801,Weightlifting/strength training
2018,130134,1.797674,"Working out, unspecified"
2018,130136,0.338986,Doing yoga
2018,130199,0.869802,Playing sports n.e.c.
2018,130202,0.187739,Watching baseball
2018,130203,0.294006,Watching basketball
2018,130207,0.014498,Watching bowling
2018,130209,0.016892,Watching dancing
2018,130210,0.028343,Watching equestrian sports
2018,130213,0.216351,Watching football
2018,130215,0.006886,Watching gymnastics
2018,130216,0.015821,Watching hockey
2018,130217,0.008376,Watching martial arts
2018,130218,0.051561,Watching racquet sports
2018,130222,0.066184,Watching running
2018,130223,0.004526,"Watching skiing, ice skating, snowboarding"
2018,130224,0.079675,Watching soccer
2018,130225,0.205263,Watching softball
2018,130226,0.090569,Watching vehicle touring/racing
2018,130227,0.022769,Watching volleyball
2018,130229,0.020489,Watching water sports
2018,130232,0.022706,Watching wrestling
2018,130299,0.073633,"Attending sporting events, n.e.c."
2018,130301,0.034699,Waiting related to playing sports or exercising
2018,130302,0.001806,Waiting related to attending sporting events
2018,130399,0.000320,"Waiting associated with sports, exercise, & recreation, n.e.c."
2018,130402,0.000602,Security related to attending sporting events
2018,139999,0.024957,"Sports, exercise, & recreation, n.e.c."
2018,140101,4.618528,Attending religious services
2018,140102,2.984678,Participation in religious practices
2018,140103,0.062647,Waiting associated w/religious & spiritual activities
2018,140105,0.675602,Religious education activities
2018,149999,0.071073,"Religious and spiritual activities, n.e.c."
2018,150101,0.670228,Computer use
2018,150102,0.389586,Organizing and preparing
2018,150103,0.085660,Reading
2018,150104,0.162280,Telephone calls (except hotline counseling)
2018,150105,0.062907,Writing
2018,150106,0.103176,Fundraising
2018,150199,0.207739,"Administrative & support activities, n.e.c."
2018,150201,0.514572,"Food preparation, presentation, clean-up"
2018,150202,0.144820,Collecting & delivering clothing & other goods
2018,150203,0.459976,Providing care
2018,150204,1.100591,"Teaching, leading, counseling, mentoring"
2018,150299,0.404195,"Social service & care activities, n.e.c."
2018,150301,0.041489,"Building houses, wildlife sites, & other structures"
2018,150302,0.303806,"Indoor & outdoor maintenance, repair, & clean-up"
2018,150399,0.003420,"Indoor & outdoor maintenance, building & clean-up activities, n.e.c."
2018,150401,0.229947,Performing
2018,150402,0.338428,Serving at volunteer events & cultural activities
2018,150499,0.017702,"Participating in performance & cultural activities, n.e.c."
2018,150501,0.800099,"Attending meetings, conferences, & training"
2018,150601,0.006358,Public health activities
2018,150602,0.030957,Public safety activities
2018,150699,0.003981,"Public health & safety activities, n.e.c."
2018,159989,1.361042,"Volunteer activities, n.e.c."
2018,160101,2.256747,Telephone calls to/from family members
2018,160102,2.162337,"Telephone calls to/from friends, neighbors, or acquaintances"
2018,160103,0.007814,Telephone calls to/from education services providers
2018,160104,0.038375,Telephone calls to/from salespeople
2018,160105,0.133725,Telephone calls to/from professional or personal care svcs providers
2018,160106,0.047653,Telephone calls to/from household services providers
2018,160107,0.002221,Telephone calls to/from paid child or adult care providers
2018,160108,0.017397,Telephone calls to/from government officials
2018,169989,1.353234,"Telephone calls, n.e.c."
2018,180101,1.144407,Travel related to personal care
2018,180199,0.000181,"Travel related to personal care, n.e.c."
2018,180280,2.669459,Travel related to household activities
2018,180381,3.535183,Travel related to caring for and helping hh children
2018,180382,1.321447,Travel related to caring for and helping hh adults
2018,180399,0.001943,"Travel rel. to caring for & helping hh members, n.e.c."
2018,180481,1.050477,Travel related to caring for and helping nonhh children
2018,180482,2.118140,Travel related to caring for and helping nonhh adults
2018,180501,16.723431,Travel related to working
2018,180502,0.039363,Travel related to work-related activities
2018,180589,0.231479,"Travel related to work, n.e.c."
2018,180601,1.334452,Travel related to taking class
2018,180682,0.210830,Travel related to education (except taking class)
2018,180699,0.031538,"Travel related to education, n.e.c."
2018,180701,3.464293,Travel related to grocery shopping
2018,180782,10.291506,Travel related to shopping (except grocery shopping)
2018,180801,0.007072,Travel related to using childcare services
2018,180802,0.329276,Travel related to using financial services and banking
2018,180803,0.049861,Travel related to using legal services
2018,180804,1.356558,Travel related to using medical services
2018,180805,0.318388,Travel related to using personal care services
2018,180806,0.069754,Travel related to using real estate services
2018,180807,0.079686,Travel related to using veterinary services
2018,180899,0.007257,"Travel rel. to using prof. & personal care services, n.e.c."
2018,180901,0.035542,Travel related to using household services
2018,180902,0.032003,Travel related to using home main./repair/decor./construction svcs
2018,180903,0.042940,Travel related to using pet services (not vet)
2018,180904,0.000632,Travel related to using lawn and garden services
2018,180905,0.307821,Travel related to using vehicle maintenance & repair services
2018,181002,0.054248,Travel related to civic obligations & participation
2018,181081,0.059886,Travel related to using government services
2018,181101,6.820318,Travel related to eating and drinking
2018,181201,4.576657,Travel related to socializing and communicating
2018,181202,0.623796,Travel related to attending or hosting social events
2018,181204,1.209852,Travel related to arts and entertainment
2018,181283,2.357126,Travel related to relaxing and leisure
2018,181301,2.442705,Travel related to participating in sports/exercise/recreation
2018,181302,0.373693,Travel related to attending sporting/recreational events
2018,181399,0.005450,"Travel related to sports, exercise, & recreation, n.e.c."
2018,181401,1.183625,Travel related to religious/spiritual practices
2018,181499,0.002538,"Travel rel. to religious/spiritual activities, n.e.c."
2018,181501,0.931015,Travel related to volunteering
2018,181599,0.044914,"Travel related to volunteer activities, n.e.c."
2018,181601,0.192994,Travel related to phone calls
2018,181801,0.140041,Security procedures related to traveling
2018,189999,3.436844,"Traveling, n.e.c."
2018,500101,6.250837,Insufficient detail in verbatim
2018,500103,1.041930,Missing travel or destination
2018,500105,0.167743,Respondent refused to provide information/none of your business
2018,500106,4.516021,Gap/can't remember
2018,500107,0.065353,Unable to code activity at 1st tier
2019,010101,524.841610,Sleeping
2019,010102,5.591084,Sleeplessness
2019,010201,40.911315,"Washing, dressing and grooming oneself"
2019,010299,0.016324,"Grooming, n.e.c."
2019,010301,4.354233,Health-related self care
2019,010399,0.215568,"Self care, n.e.c."
2019,010401,0.374410,Personal/Private activities
2019,010499,0.011370,"Personal activities, n.e.c."
2019,010501,0.000225,Personal emergencies
2019,019999,0.000028,"Personal care, n.e.c."
2019,020101,18.304085,Interior cleaning
2019,020102,10.574439,Laundry
2019,020103,1.558400,"Sewing, repairing, & maintaining textiles"
2019,020104,1.243936,"Storing interior hh items, inc. food"
2019,020199,0.211960,"Housework, n.e.c."
2019,020201,28.016658,Food and drink preparation
2019,020202,0.254818,Food presentation
2019,020203,7.629298,Kitchen and food clean-up
2019,020299,0.000995,"Food & drink prep, presentation, & clean-up, n.e.c."
2019,020301,2.802517,"Interior arrangement, decoration, & repairs"
2019,020302,0.380179,Building and repairing furniture
2019,020303,0.453372,Heating and cooling
2019,020399,0.075745,"Interior maintenance, repair, & decoration, n.e.c."
2019,020401,1.575228,Exterior cleaning
2019,020402,1.264945,"Exterior repair, improvements, & decoration"
2019,020499,0.097812,"Exterior maintenance, repair & decoration, n.e.c."
2019,020501,10.161209,"Lawn, garden, and houseplant care"
2019,020502,0.249410,"Ponds, pools, and hot tubs"
2019,020599,0.050156,"Lawn and garden, n.e.c."
2019,020681,7.213756,Care for animals and pets (not veterinary care)
2019,020699,0.062470,"Pet and animal care, n.e.c."
2019,020701,2.145963,Vehicle repair and maintenance (by self)
2019,020799,0.006224,"Vehicles, n.e.c."
2019,020801,0.832001,"Appliance, tool, and toy set-up, repair, & maintenance (by self)"
2019,020899,0.004495,"Appliances and tools, n.e.c."
2019,020901,1.718407,Financial management
2019,020902,7.025757,Household & personal organization and planning
2019,020903,1.107850,HH & personal mail & messages (except e-mail)
2019,020904,1.582462,HH & personal e-mail and messages
2019,020905,0.171281,Home security
2019,020999,0.021837,"Household management, n.e.c."
2019,029999,0.082628,"Household activities, n.e.c."
2019,030101,7.968716,Physical care for hh children
2019,030102,0.715968,Reading to/with hh children
2019,030103,5.323722,"Playing with hh children, not sports"
2019,030104,0.034861,Arts and crafts with hh children
2019,030105,0.147723,Playing sports with hh children
2019,030108,0.219248,Organization & planning for hh children
2019,030109,1.301668,Looking after hh children (as a primary activity)
2019,030110,1.178808,Attending hh children's events
2019,030111,0.537743,Waiting for/with hh children
2019,030112,1.027652,Picking up/dropping off hh children
2019,030186,0.914899,Talking with/listening to hh children
2019,030199,0.116425,"Caring for & helping hh children, n.e.c."
2019,030201,1.176326,Homework (hh children)
2019,030202,0.174844,Meetings and school conferences (hh children)
2019,030203,0.272801,Home schooling of hh children
2019,030204,0.006248,Waiting associated with hh children's education
2019,030299,0.076168,"Activities related to hh child's education, n.e.c."
2019,030301,0.428426,Providing medical care to hh children
2019,030302,0.156660,Obtaining medical care for hh children
2019,030303,0.081343,Waiting associated with hh children's health
2019,030399,0.096655,"Activities related to hh child's health, n.e.c."
2019,030401,0.892945,Physical care for hh adults
2019,030402,0.032006,Looking after hh adult (as a primary activity)
2019,030403,0.116964,Providing medical care to hh adult
2019,030404,0.423455,Obtaining medical and care services for hh adult
2019,030405,0.238970,Waiting associated with caring for household adults
2019,030499,0.005434,"Caring for household adults, n.e.c."
2019,030501,0.149414,Helping hh adults
2019,030502,0.111352,Organization & planning for hh adults
2019,030503,0.153448,Picking up/dropping off hh adult
2019,030504,0.370226,Waiting associated with helping hh adults
2019,030599,0.057897,"Helping household adults, n.e.c."
2019,040101,0.544866,Physical care for nonhh children
2019,040102,0.072884,Reading to/with nonhh children
2019,040103,1.582756,"Playing with nonhh children, not sports"
2019,040104,0.045670,Arts and crafts with nonhh children
2019,040105,0.031633,Playing sports with nonhh children
2019,040108,0.029627,Organization & planning for nonhh children
2019,040109,0.999201,Looking after nonhh children (as primary activity)
2019,040110,0.288525,Attending nonhh children's events
2019,040111,0.087952,Waiting for/with nonhh children
2019,040112,0.152609,Dropping off/picking up nonhh children
2019,040186,0.117601,Talking with/listening to nonhh children
2019,040199,0.005556,"Caring for and helping nonhh children, n.e.c."
2019,040201,0.133245,Homework (nonhh children)
2019,040202,0.002875,Meetings and school conferences (nonhh children)
2019,040301,0.009823,Providing medical care to nonhh children
2019,040302,0.014393,Obtaining medical care for nonhh children
2019,040399,0.010956,"Activities related to nonhh child's health, n.e.c."
2019,040401,0.280540,Physical care for nonhh adults
2019,040402,0.083520,Looking after nonhh adult (as a primary activity)
2019,040403,0.049335,Providing medical care to nonhh adult
2019,040404,0.100045,Obtaining medical and care services for nonhh adult
2019,040405,0.231759,Waiting associated with caring for nonhh adults
2019,040499,0.059497,"Caring for nonhh adults, n.e.c."
2019,040501,0.631115,"Housework, cooking, & shopping assistance for nonhh adults"
2019,040502,0.642060,House & lawn maintenance & repair assistance for nonhh adults
2019,040503,0.261209,Animal & pet care assistance for nonhh adults
2019,040504,0.211755,Vehicle & appliance maintenance/repair assistance for nonhh adults
2019,040505,0.032476,Financial management assistance for nonhh adults
2019,040506,0.450244,Household management & paperwork assistance for nonhh adults
2019,040507,0.374996,Picking up/dropping off nonhh adult
2019,040508,0.317177,Waiting associated with helping nonhh adults
2019,040599,0.133873,"Helping nonhh adults, n.e.c."
2019,049999,0.007027,"Caring for & helping nonhh members, n.e.c."
2019,050101,190.904601,"Work, main job"
2019,050102,4.649917,"Work, other job(s)"
2019,050103,0.005451,Security procedures related to work
2019,050189,0.248159,"Working, n.e.c."
2019,050202,0.021921,Eating and drinking as part of job
2019,050289,0.020392,"Work-related activities, n.e.c."
2019,050301,0.499057,"Income-generating hobbies, crafts, and food"
2019,050302,0.052402,Income-generating performances
2019,050303,0.355618,Income-generating services
2019,050304,0.099890,Income-generating rental property activities
2019,050389,1.224977,"Other income-generating activities, n.e.c."
2019,050403,0.141295,Job interviewing
2019,050404,0.046336,Waiting associated with job search or interview
2019,050481,1.736186,Job search activities
2019,059999,0.032293,"Work and work-related activities, n.e.c."
2019,060101,13.089382,"Taking class for degree, certification, or licensure"
2019,060102,0.575610,Taking class for personal interest
2019,060103,0.148272,Waiting associated with taking classes
2019,060199,0.328021,"Taking class, n.e.c."
2019,060201,0.092060,Extracurricular club activities
2019,060202,0.134339,Extracurricular music & performance activities
2019,060289,0.007208,"Education-related extracurricular activities, n.e.c."
2019,060301,10.801597,"Research/homework for class for degree, certification, or licensure"
2019,060302,0.347995,Research/homework for class for pers. interest
2019,060399,0.303599,Research/homework n.e.c.
2019,060401,0.113458,"Administrative activities: class for degree, certification, or licensure"
2019,060402,0.002807,Administrative activities: class for personal interest
2019,060499,0.018613,"Administrative for education, n.e.c."
2019,069999,0.071008,"Education, n.e.c."
2019,070101,6.088528,Grocery shopping
2019,070102,0.382552,Purchasing gas
2019,070103,1.626443,Purchasing food (not groceries)
2019,070104,12.732064,"Shopping, except groceries, food and gas"
2019,070105,0.145279,Waiting associated with shopping
2019,070199,0.002483,"Shopping, n.e.c."
2019,070201,0.039456,Comparison shopping
2019,070301,0.000184,Security procedures rel. to consumer purchases
2019,080101,0.016155,Using paid childcare services
2019,080201,0.269458,Banking
2019,080202,0.079038,Using other financial services
2019,080203,0.004002,Waiting associated w/banking/financial services
2019,080301,0.070322,Using legal services
2019,080399,0.001658,"Using legal services, n.e.c."
2019,080401,2.750582,Using health and care services outside the home
2019,080402,0.150156,Using in-home health and care services
2019,080403,0.415438,Waiting associated with medical services
2019,080501,1.211349,Using personal care services
2019,080502,0.029044,Waiting associated w/personal care services
2019,080601,0.174367,Activities rel. to purchasing/selling real estate
2019,080701,0.086597,Using veterinary services
2019,080702,0.060584,Waiting associated with veterinary services
2019,089999,0.026259,"Professional and personal services, n.e.c."
2019,090101,0.051286,Using interior cleaning services
2019,090103,0.027843,Using clothing repair and cleaning services
2019,090104,0.004292,Waiting associated with using household services
2019,090199,0.002125,"Using household services, n.e.c."
2019,090201,0.271978,Using home maint/repair/decor/construction svcs
2019,090202,0.045675,Waiting associated w/ home main/repair/decor/constr
2019,090299,0.001467,"Using home maint/repair/decor/constr services, n.e.c."
2019,090301,0.022713,Using pet services
2019,090302,0.006714,Waiting associated with pet services
2019,090399,0.000223,"Using pet services, n.e.c."
2019,090401,0.009750,Using lawn and garden services
2019,090402,0.008317,Waiting associated with using lawn & garden services
2019,090501,0.152498,Using vehicle maintenance or repair services
2019,090502,0.200920,Waiting associated with vehicle main. or repair svcs
2019,090599,0.023619,"Using vehicle maint. & repair svcs, n.e.c."
2019,099999,0.039352,"Using household services, n.e.c."
2019,100101,0.031556,Using police and fire services
2019,100102,0.022753,Using social services
2019,100103,0.114680,"Obtaining licenses & paying fines, fees, taxes"
2019,100199,0.012453,"Using government services, n.e.c."
2019,100201,0.057318,Civic obligations & participation
2019,100299,0.002112,"Civic obligations & participation, n.e.c."
2019,100381,0.037671,Waiting associated w/ using government services
2019,110101,63.490449,Eating and drinking
2019,110281,0.352312,Waiting associated w/eating & drinking
2019,120101,34.608069,Socializing and communicating with others
2019,120201,3.052395,Attending or hosting parties/receptions/ceremonies
2019,120202,0.542905,Attending meetings for personal interest (not volunteering)
2019,120299,0.031717,"Attending/hosting social events, n.e.c."
2019,120301,18.768380,"Relaxing, thinking"
2019,120302,0.366834,Tobacco and drug use
2019,120303,168.579780,Television and movies (not religious)
2019,120304,0.223185,Television (religious)
2019,120305,0.943302,Listening to the radio
2019,120306,2.097460,Listening to/playing music (not radio)
2019,120307,15.356707,Playing games
2019,120308,10.303947,Computer use for leisure (exc. Games)
2019,120309,1.453519,Arts and crafts as a hobby
2019,120310,0.027440,Collecting as a hobby
2019,120311,0.424821,"Hobbies, except arts & crafts and collecting"
2019,120312,16.193364,Reading for personal interest
2019,120313,0.370273,Writing for personal interest
2019,120399,0.125694,"Relaxing and leisure, n.e.c."
2019,120401,0.872325,Attending performing arts
2019,120402,0.282399,Attending museums
2019,120403,1.201279,Attending movies/film
2019,120404,0.379109,Attending gambling establishments
2019,120405,0.001064,Security procedures rel. to arts & entertainment
2019,120499,1.816368,"Arts and entertainment, n.e.c."
2019,120501,0.020201,Waiting assoc. w/socializing & communicating
2019,120502,0.013948,Waiting assoc. w/attending/hosting social events
2019,120503,0.006198,Waiting associated with relaxing/leisure
2019,120504,0.060853,Waiting associated with arts & entertainment
2019,129999,0.059522,"Socializing, relaxing, and leisure, n.e.c."
2019,130101,0.203830,Doing aerobics
2019,130102,0.078032,Playing baseball
2019,130103,0.387884,Playing basketball
2019,130104,0.505798,Biking
2019,130105,0.246266,Playing billiards
2019,130106,0.248151,Boating
2019,130107,0.169439,Bowling
2019,130108,0.076255,"Climbing, spelunking, caving"
2019,130109,0.273840,Dancing
2019,130110,0.012399,Participating in equestrian sports
2019,130112,1.506612,Fishing
2019,130113,0.367229,Playing football
2019,130114,0.993865,Golfing
2019,130116,0.404766,Hiking
2019,130117,0.053993,Playing hockey
2019,130118,0.677264,Hunting
2019,130119,0.050063,Participating in martial arts
2019,130120,0.175175,Playing racquet sports
2019,130122,0.050590,Rollerblading
2019,130124,0.731527,Running
2019,130125,0.256442,"Skiing, ice skating, snowboarding"
2019,130126,0.291717,Playing soccer
2019,130127,0.063782,Softball
2019,130128,0.291149,Using cardiovascular equipment
2019,130129,0.148607,Vehicle touring/racing
2019,130130,0.217228,Playing volleyball
2019,130131,3.736675,Walking
2019,130132,1.345836,Participating in water sports
2019,130133,1.747279,Weightlifting/strength training
2019,130134,1.888653,"Working out, unspecified"
2019,130136,0.350025,Doing yoga
2019,130199,0.871107,Playing sports n.e.c.
2019,130202,0.339548,Watching baseball
2019,130203,0.226660,Watching basketball
2019,130207,0.009199,Watching bowling
2019,130209,0.055502,Watching dancing
2019,130210,0.006854,Watching equestrian sports
2019,130213,0.182366,Watching football
2019,130214,0.019205,Watching golfing
2019,130216,0.024598,Watching hockey
2019,130218,0.107694,Watching racquet sports
2019,130219,0.004632,Watching rodeo competitions
2019,130222,0.040102,Watching running
2019,130224,0.167900,Watching soccer
2019,130225,0.021397,Watching softball
2019,130226,0.037721,Watching vehicle touring/racing
2019,130227,0.149313,Watching volleyball
2019,130232,0.039163,Watching wrestling
2019,130299,0.146464,"Attending sporting events, n.e.c."
2019,130301,0.052436,Waiting related to playing sports or exercising
2019,130302,0.026376,Waiting related to attending sporting events
2019,130399,0.000872,"Waiting associated with sports, exercise, & recreation, n.e.c."
2019,130402,0.000596,Security related to attending sporting events
2019,139999,0.026902,"Sports, exercise, & recreation, n.e.c."
2019,140101,4.698982,Attending religious services
2019,140102,2.353767,Participation in religious practices
2019,140103,0.105610,Waiting associated w/religious & spiritual activities
2019,140105,0.968914,Religious education activities
2019,149999,0.026900,"Religious and spiritual activities, n.e.c."
2019,150101,0.550187,Computer use
2019,150102,0.659715,Organizing and preparing
2019,150103,0.097459,Reading
2019,150104,0.099445,Telephone calls (except hotline counseling)
2019,150105,0.058663,Writing
2019,150106,0.139909,Fundraising
2019,150199,0.268988,"Administrative & support activities, n.e.c."
2019,150201,0.559005,"Food preparation, presentation, clean-up"
2019,150202,0.125999,Collecting & delivering clothing & other goods
2019,150203,0.274220,Providing care
2019,150204,0.995068,"Teaching, leading, counseling, mentoring"
2019,150299,0.278220,"Social service & care activities, n.e.c."
2019,150301,0.003361,"Building houses, wildlife sites, & other structures"
2019,150302,0.338205,"Indoor & outdoor maintenance, repair, & clean-up"
2019,150399,0.044312,"Indoor & outdoor maintenance, building & clean-up activities, n.e.c."
2019,150401,0.319624,Performing
2019,150402,0.294066,Serving at volunteer events & cultural activities
2019,150499,0.034614,"Participating in performance & cultural activities, n.e.c."
2019,150501,0.983817,"Attending meetings, conferences, & training"
2019,150602,0.031124,Public safety activities
2019,150699,0.009158,"Public health & safety activities, n.e.c."
2019,159989,1.377992,"Volunteer activities, n.e.c."
2019,160101,2.697188,Telephone calls to/from family members
2019,160102,2.296902,"Telephone calls to/from friends, neighbors, or acquaintances"
2019,160103,0.004392,Telephone calls to/from education services providers
2019,160104,0.045032,Telephone calls to/from salespeople
2019,160105,0.098124,Telephone calls to/from professional or personal care svcs providers
2019,160106,0.087189,Telephone calls to/from household services providers
2019,160107,0.005422,Telephone calls to/from paid child or adult care providers
2019,160108,0.015163,Telephone calls to/from government officials
2019,169989,1.377518,"Telephone calls, n.e.c."
2019,180101,1.089871,Travel related to personal care
2019,180280,2.899890,Travel related to household activities
2019,180381,3.710997,Travel related to caring for and helping hh children
2019,180382,1.010220,Travel related to caring for and helping hh adults
2019,180481,0.706821,Travel related to caring for and helping nonhh children
2019,180482,2.516146,Travel related to caring for and helping nonhh adults
2019,180499,0.015122,"Travel rel. to caring for & helping nonhh members, n.e.c."
2019,180501,16.422539,Travel related to working
2019,180502,0.030155,Travel related to work-related activities
2019,180589,0.283178,"Travel related to work, n.e.c."
2019,180601,1.162779,Travel related to taking class
2019,180682,0.349982,Travel related to education (except taking class)
2019,180699,0.000322,"Travel related to education, n.e.c."
2019,180701,3.364842,Travel related to grocery shopping
2019,180782,11.220751,Travel related to shopping (except grocery shopping)
2019,180801,0.017351,Travel related to using childcare services
2019,180802,0.356340,Travel related to using financial services and banking
2019,180803,0.031296,Travel related to using legal services
2019,180804,1.360838,Travel related to using medical services
2019,180805,0.297208,Travel related to using personal care services
2019,180806,0.088957,Travel related to using real estate services
2019,180807,0.074109,Travel related to using veterinary services
2019,180899,0.013420,"Travel rel. to using prof. & personal care services, n.e.c."
2019,180901,0.044598,Travel related to using household services
2019,180902,0.007836,Travel related to using home main./repair/decor./construction svcs
2019,180903,0.034731,Travel related to using pet services (not vet)
2019,180905,0.253366,Travel related to using vehicle maintenance & repair services
2019,181002,0.055414,Travel related to civic obligations & participation
2019,181081,0.094339,Travel related to using government services
2019,181101,7.021475,Travel related to eating and drinking
2019,181201,5.265596,Travel related to socializing and communicating
2019,181202,0.696516,Travel related to attending or hosting social events
2019,181204,0.979318,Travel related to arts and entertainment
2019,181283,2.527556,Travel related to relaxing and leisure
2019,181299,0.012146,"Travel rel. to socializing, relaxing, & leisure, n.e.c."
2019,181301,2.943871,Travel related to participating in sports/exercise/recreation
2019,181302,0.414773,Travel related to attending sporting/recreational events
2019,181399,0.015534,"Travel related to sports, exercise, & recreation, n.e.c."
2019,181401,1.184994,Travel related to religious/spiritual practices
2019,181499,0.018405,"Travel rel. to religious/spiritual activities, n.e.c."
2019,181501,0.996814,Travel related to volunteering
2019,181599,0.035052,"Travel related to volunteer activities, n.e.c."
2019,181601,0.120793,Travel related to phone calls
2019,181801,0.190777,Security procedures related to traveling
2019,181899,0.028355,"Security procedures related to traveling, n.e.c."
2019,189999,2.778506,"Traveling, n.e.c."
2019,500101,8.031533,Insufficient detail in verbatim
2019,500103,0.729527,Missing travel or destination
2019,500105,0.304714,Respondent refused to provide information/none of your business
2019,500106,4.405684,Gap/can't remember
2019,500107,0.043541,Unable to code activity at 1st tier
2020,010101,535.332237,Sleeping
2020,010102,4.382129,Sleeplessness
2020,010201,37.361750,"Washing, dressing and grooming oneself"
2020,010299,0.007754,"Grooming, n.e.c."
2020,010301,3.282022,Health-related self care
2020,010399,0.036561,"Self care, n.e.c."
2020,010401,0.693675,Personal/Private activities
2020,010499,0.033276,"Personal activities, n.e.c."
2020,019999,0.005219,"Personal care, n.e.c."
2020,020101,21.507958,Interior cleaning
2020,020102,10.416257,Laundry
2020,020103,1.830634,"Sewing, repairing, & maintaining textiles"
2020,020104,1.299863,"Storing interior hh items, inc. food"
2020,020199,0.241181,"Housework, n.e.c."
2020,020201,30.847999,Food and drink preparation
2020,020202,0.222261,Food presentation
2020,020203,8.158530,Kitchen and food clean-up
2020,020299,0.036871,"Food & drink prep, presentation, & clean-up, n.e.c."
2020,020301,4.201152,"Interior arrangement, decoration, & repairs"
2020,020302,0.398986,Building and repairing furniture
2020,020303,0.500857,Heating and cooling
2020,020399,0.106623,"Interior maintenance, repair, & decoration, n.e.c."
2020,020401,1.646171,Exterior cleaning
2020,020402,1.750566,"Exterior repair, improvements, & decoration"
2020,020499,0.014262,"Exterior maintenance, repair & decoration, n.e.c."
2020,020501,12.878879,"Lawn, garden, and houseplant care"
2020,020502,0.196301,"Ponds, pools, and hot tubs"
2020,020599,0.022063,"Lawn and garden, n.e.c."
2020,020681,7.351897,Care for animals and pets (not veterinary care)
2020,020699,0.017425,"Pet and animal care, n.e.c."
2020,020701,2.354852,Vehicle repair and maintenance (by self)
2020,020799,0.008542,"Vehicles, n.e.c."
2020,020801,1.334595,"Appliance, tool, and toy set-up, repair, & maintenance (by self)"
2020,020899,0.002157,"Appliances and tools, n.e.c."
2020,020901,1.890255,Financial management
2020,020902,6.040013,Household & personal organization and planning
2020,020903,0.836771,HH & personal mail & messages (except e-mail)
2020,020904,1.958468,HH & personal e-mail and messages
2020,020905,0.170453,Home security
2020,020999,0.031147,"Household management, n.e.c."
2020,029999,0.170875,"Household activities, n.e.c."
2020,030101,8.371127,Physical care for hh children
2020,030102,0.997601,Reading to/with hh children
2020,030103,6.126973,"Playing with hh children, not sports"
2020,030104,0.070652,Arts and crafts with hh children
2020,030105,0.182848,Playing sports with hh children
2020,030108,0.206696,Organization & planning for hh children
2020,030109,0.940826,Looking after hh children (as a primary activity)
2020,030110,0.807539,Attending hh children's events
2020,030111,0.330693,Waiting for/with hh children
2020,030112,0.669454,Picking up/dropping off hh children
2020,030186,0.886947,Talking with/listening to hh children
2020,030199,0.051379,"Caring for & helping hh children, n.e.c."
2020,030201,1.738063,Homework (hh children)
2020,030202,0.048749,Meetings and school conferences (hh children)
2020,030203,1.929336,Home schooling of hh children
2020,030204,0.009091,Waiting associated with hh children's education
2020,030299,0.066527,"Activities related to hh child's education, n.e.c."
2020,030301,0.058839,Providing medical care to hh children
2020,030302,0.162023,Obtaining medical care for hh children
2020,030303,0.062611,Waiting associated with hh children's health
2020,030399,0.069119,"Activities related to hh child's health, n.e.c."
2020,030401,0.438475,Physical care for hh adults
2020,030402,0.158698,Looking after hh adult (as a primary activity)
2020,030403,0.122799,Providing medical care to hh adult
2020,030404,0.094388,Obtaining medical and care services for hh adult
2020,030405,0.383560,Waiting associated with caring for household adults
2020,030499,0.092666,"Caring for household adults, n.e.c."
2020,030501,0.341538,Helping hh adults
2020,030502,0.064384,Organization & planning for hh adults
2020,030503,0.081805,Picking up/dropping off hh adult
2020,030504,0.308587,Waiting associated with helping hh adults
2020,030599,0.007981,"Helping household adults, n.e.c."
2020,039999,0.000631,"Caring for & helping hh members, n.e.c."
2020,040101,0.408533,Physical care for nonhh children
2020,040102,0.054103,Reading to/with nonhh children
2020,040103,1.157301,"Playing with nonhh children, not sports"
2020,040104,0.004702,Arts and crafts with nonhh children
2020,040105,0.108233,Playing sports with nonhh children
2020,040108,0.045009,Organization & planning for nonhh children
2020,040109,1.343507,Looking after nonhh children (as primary activity)
2020,040110,0.111965,Attending nonhh children's events
2020,040111,0.060351,Waiting for/with nonhh children
2020,040112,0.111815,Dropping off/picking up nonhh children
2020,040186,0.107510,Talking with/listening to nonhh children
2020,040199,0.062421,"Caring for and helping nonhh children, n.e.c."
2020,040201,0.094256,Homework (nonhh children)
2020,040202,0.015962,Meetings and school conferences (nonhh children)
2020,040203,0.119696,Home schooling of nonhh children
2020,040301,0.001085,Providing medical care to nonhh children
2020,040399,0.000741,"Activities related to nonhh child's health, n.e.c."
2020,040401,0.166016,Physical care for nonhh adults
2020,040402,0.110627,Looking after nonhh adult (as a primary activity)
2020,040403,0.016236,Providing medical care to nonhh adult
2020,040404,0.041898,Obtaining medical and care services for nonhh adult
2020,040405,0.104303,Waiting associated with caring for nonhh adults
2020,040499,0.280625,"Caring for nonhh adults, n.e.c."
2020,040501,0.615884,"Housework, cooking, & shopping assistance for nonhh adults"
2020,040502,0.842121,House & lawn maintenance & repair assistance for nonhh adults
2020,040503,0.075512,Animal & pet care assistance for nonhh adults
2020,040504,0.213217,Vehicle & appliance maintenance/repair assistance for nonhh adults
2020,040505,0.045678,Financial management assistance for nonhh adults
2020,040506,0.701019,Household management & paperwork assistance for nonhh adults
2020,040507,0.209070,Picking up/dropping off nonhh adult
2020,040508,0.211716,Waiting associated with helping nonhh adults
2020,040599,0.418572,"Helping nonhh adults, n.e.c."
2020,049999,0.024831,"Caring for & helping nonhh members, n.e.c."
2020,050101,179.261295,"Work, main job"
2020,050102,4.076486,"Work, other job(s)"
2020,050103,0.002160,Security procedures related to work
2020,050189,0.233735,"Working, n.e.c."
2020,050201,0.029457,"Socializing, relaxing, and leisure as part of job"
2020,050203,0.051707,Sports and exercise as part of job
2020,050289,0.001088,"Work-related activities, n.e.c."
2020,050301,0.321850,"Income-generating hobbies, crafts, and food"
2020,050302,0.013808,Income-generating performances
2020,050303,0.410676,Income-generating services
2020,050304,0.066433,Income-generating rental property activities
2020,050389,0.849613,"Other income-generating activities, n.e.c."
2020,050403,0.219403,Job interviewing
2020,050404,0.003282,Waiting associated with job search or interview
2020,050481,1.256710,Job search activities
2020,050499,0.088722,"Job search and Interviewing, n.e.c."
2020,060101,11.988946,"Taking class for degree, certification, or licensure"
2020,060102,0.283340,Taking class for personal interest
2020,060103,0.022018,Waiting associated with taking classes
2020,060199,0.013170,"Taking class, n.e.c."
2020,060201,0.101095,Extracurricular club activities
2020,060202,0.031746,Extracurricular music & performance activities
2020,060203,0.025088,Extracurricular student government activities
2020,060289,0.047904,"Education-related extracurricular activities, n.e.c."
2020,060301,11.238467,"Research/homework for class for degree, certification, or licensure"
2020,060302,0.165171,Research/homework for class for pers. interest
2020,060303,0.012861,Waiting associated with research/homework
2020,060399,0.551355,Research/homework n.e.c.
2020,060401,0.186513,"Administrative activities: class for degree, certification, or licensure"
2020,060402,0.001618,Administrative activities: class for personal interest
2020,060499,0.027218,"Administrative for education, n.e.c."
2020,069999,0.151798,"Education, n.e.c."
2020,070101,5.913132,Grocery shopping
2020,070102,0.312549,Purchasing gas
2020,070103,1.561250,Purchasing food (not groceries)
2020,070104,9.275763,"Shopping, except groceries, food and gas"
2020,070105,0.259006,Waiting associated with shopping
2020,070201,0.053482,Comparison shopping
2020,080101,0.027778,Using paid childcare services
2020,080201,0.184711,Banking
2020,080202,0.072105,Using other financial services
2020,080203,0.001617,Waiting associated w/banking/financial services
2020,080299,0.007446,"Using financial services and banking, n.e.c."
2020,080301,0.008788,Using legal services
2020,080401,3.246585,Using health and care services outside the home
2020,080402,0.084605,Using in-home health and care services
2020,080403,0.421613,Waiting associated with medical services
2020,080499,0.015151,"Using medical services, n.e.c."
2020,080501,1.065409,Using personal care services
2020,080502,0.032660,Waiting associated w/personal care services
2020,080599,0.000126,"Using personal care services, n.e.c."
2020,080601,0.315528,Activities rel. to purchasing/selling real estate
2020,080602,0.002114,Waiting associated w/purchasing/selling real estate
2020,080701,0.090436,Using veterinary services
2020,080702,0.046818,Waiting associated with veterinary services
2020,080801,0.000352,Security procedures rel. to professional/personal svcs.
2020,089999,0.012095,"Professional and personal services, n.e.c."
2020,090101,0.044254,Using interior cleaning services
2020,090103,0.019221,Using clothing repair and cleaning services
2020,090104,0.010225,Waiting associated with using household services
2020,090199,0.002931,"Using household services, n.e.c."
2020,090201,0.188871,Using home maint/repair/decor/construction svcs
2020,090202,0.181687,Waiting associated w/ home main/repair/decor/constr
2020,090301,0.003541,Using pet services
2020,090401,0.005921,Using lawn and garden services
2020,090402,0.032237,Waiting associated with using lawn & garden services
2020,090501,0.159301,Using vehicle maintenance or repair services
2020,090502,0.109228,Waiting associated with vehicle main. or repair svcs
2020,090599,0.070841,"Using vehicle maint. & repair svcs, n.e.c."
2020,099999,0.002008,"Using household services, n.e.c."
2020,100102,0.046069,Using social services
2020,100103,0.068980,"Obtaining licenses & paying fines, fees, taxes"
2020,100199,0.001340,"Using government services, n.e.c."
2020,100201,0.048368,Civic obligations & participation
2020,100299,0.002056,"Civic obligations & participation, n.e.c."
2020,100381,0.011736,Waiting associated w/ using government services
2020,100383,0.001844,Waiting associated w/civic obligations & participation
2020,110101,62.956156,Eating and drinking
2020,110281,0.218199,Waiting associated w/eating & drinking
2020,120101,30.407884,Socializing and communicating with others
2020,120199,0.000162,"Socializing and communicating, n.e.c."
2020,120201,1.941900,Attending or hosting parties/receptions/ceremonies
2020,120202,0.312766,Attending meetings for personal interest (not volunteering)
2020,120299,0.011871,"Attending/hosting social events, n.e.c."
2020,120301,24.500069,"Relaxing, thinking"
2020,120302,0.167860,Tobacco and drug use
2020,120303,180.709430,Television and movies (not religious)
2020,120304,0.499062,Television (religious)
2020,120305,1.787996,Listening to the radio
2020,120306,2.234861,Listening to/playing music (not radio)
2020,120307,22.694524,Playing games
2020,120308,13.200861,Computer use for leisure (exc. Games)
2020,120309,2.003722,Arts and crafts as a hobby
2020,120310,0.058553,Collecting as a hobby
2020,120311,0.315370,"Hobbies, except arts & crafts and collecting"
2020,120312,18.930444,Reading for personal interest
2020,120313,0.961176,Writing for personal interest
2020,120399,0.093986,"Relaxing and leisure, n.e.c."
2020,120401,0.355925,Attending performing arts
2020,120402,0.124511,Attending museums
2020,120403,0.385102,Attending movies/film
2020,120404,0.350436,Attending gambling establishments
2020,120499,1.061680,"Arts and entertainment, n.e.c."
2020,120501,0.040039,Waiting assoc. w/socializing & communicating
2020,120502,0.001420,Waiting assoc. w/attending/hosting social events
2020,120503,0.001862,Waiting associated with relaxing/leisure
2020,120504,0.012500,Waiting associated with arts & entertainment
2020,129999,0.002494,"Socializing, relaxing, and leisure, n.e.c."
2020,130101,0.115646,Doing aerobics
2020,130102,0.089461,Playing baseball
2020,130103,0.359378,Playing basketball
2020,130104,0.799752,Biking
2020,130105,0.057921,Playing billiards
2020,130106,0.350328,Boating
2020,130107,0.185789,Bowling
2020,130108,0.077901,"Climbing, spelunking, caving"
2020,130109,0.095567,Dancing
2020,130110,0.092112,Participating in equestrian sports
2020,130112,1.309302,Fishing
2020,130113,0.099963,Playing football
2020,130114,1.005312,Golfing
2020,130116,0.735129,Hiking
2020,130117,0.157521,Playing hockey
2020,130118,0.757311,Hunting
2020,130119,0.001676,Participating in martial arts
2020,130120,0.335092,Playing racquet sports
2020,130122,0.111849,Rollerblading
2020,130124,1.052713,Running
2020,130125,0.109654,"Skiing, ice skating, snowboarding"
2020,130126,0.088106,Playing soccer
2020,130127,0.072279,Softball
2020,130128,0.348916,Using cardiovascular equipment
2020,130129,0.153285,Vehicle touring/racing
2020,130130,0.143168,Playing volleyball
2020,130131,5.448593,Walking
2020,130132,1.550456,Participating in water sports
2020,130133,1.417558,Weightlifting/strength training
2020,130134,2.203898,"Working out, unspecified"
2020,130136,0.229399,Doing yoga
2020,130199,0.718369,Playing sports n.e.c.
2020,130202,0.091370,Watching baseball
2020,130203,0.167985,Watching basketball
2020,130210,0.010918,Watching equestrian sports
2020,130211,0.019140,Watching fencing
2020,130212,0.001747,Watching fishing
2020,130213,0.035306,Watching football
2020,130216,0.026687,Watching hockey
2020,130220,0.008090,Watching rollerblading
2020,130224,0.075134,Watching soccer
2020,130227,0.025375,Watching volleyball
2020,130229,0.019644,Watching water sports
2020,130299,0.162608,"Attending sporting events, n.e.c."
2020,130301,0.029475,Waiting related to playing sports or exercising
2020,130302,0.008475,Waiting related to attending sporting events
2020,139999,0.002011,"Sports, exercise, & recreation, n.e.c."
2020,140101,2.663979,Attending religious services
2020,140102,2.875361,Participation in religious practices
2020,140103,0.037061,Waiting associated w/religious & spiritual activities
2020,140105,0.479741,Religious education activities
2020,149999,0.031946,"Religious and spiritual activities, n.e.c."
2020,150101,0.619378,Computer use
2020,150102,0.402547,Organizing and preparing
2020,150103,0.097993,Reading
2020,150104,0.177284,Telephone calls (except hotline counseling)
2020,150105,0.132815,Writing
2020,150106,0.115290,Fundraising
2020,150199,0.195008,"Administrative & support activities, n.e.c."
2020,150201,0.164173,"Food preparation, presentation, clean-up"
2020,150202,0.027488,Collecting & delivering clothing & other goods
2020,150203,0.207549,Providing care
2020,150204,0.643209,"Teaching, leading, counseling, mentoring"
2020,150299,0.159828,"Social service & care activities, n.e.c."
2020,150302,0.187782,"Indoor & outdoor maintenance, repair, & clean-up"
2020,150399,0.001110,"Indoor & outdoor maintenance, building & clean-up activities, n.e.c."
2020,150401,0.060607,Performing
2020,150402,0.262065,Serving at volunteer events & cultural activities
2020,150499,0.001140,"Participating in performance & cultural activities, n.e.c."
2020,150501,0.768160,"Attending meetings, conferences, & training"
2020,150599,0.002859,"Attending meetings, conferences, & training, n.e.c."
2020,150601,0.069571,Public health activities
2020,150602,0.010841,Public safety activities
2020,159989,1.120587,"Volunteer activities, n.e.c."
2020,160101,3.352963,Telephone calls to/from family members
2020,160102,3.702136,"Telephone calls to/from friends, neighbors, or acquaintances"
2020,160103,0.009537,Telephone calls to/from education services providers
2020,160104,0.050948,Telephone calls to/from salespeople
2020,160105,0.208257,Telephone calls to/from professional or personal care svcs providers
2020,160106,0.070243,Telephone calls to/from household services providers
2020,160107,0.006690,Telephone calls to/from paid child or adult care providers
2020,160108,0.005564,Telephone calls to/from government officials
2020,169989,1.656724,"Telephone calls, n.e.c."
2020,180101,0.977612,Travel related to personal care
2020,180280,2.144766,Travel related to household activities
2020,180381,2.328226,Travel related to caring for and helping hh children
2020,180382,0.691013,Travel related to caring for and helping hh adults
2020,180399,0.000434,"Travel rel. to caring for & helping hh members, n.e.c."
2020,180481,0.568497,Travel related to caring for and helping nonhh children
2020,180482,1.590092,Travel related to caring for and helping nonhh adults
2020,180499,0.002548,"Travel rel. to caring for & helping nonhh members, n.e.c."
2020,180501,11.987746,Travel related to working
2020,180502,0.001175,Travel related to work-related activities
2020,180589,0.108909,"Travel related to work, n.e.c."
2020,180601,0.668384,Travel related to taking class
2020,180682,0.085231,Travel related to education (except taking class)
2020,180699,0.011620,"Travel related to education, n.e.c."
2020,180701,3.200667,Travel related to grocery shopping
2020,180782,9.076553,Travel related to shopping (except grocery shopping)
2020,180801,0.025743,Travel related to using childcare services
2020,180802,0.237814,Travel related to using financial services and banking
2020,180803,0.005567,Travel related to using legal services
2020,180804,1.306216,Travel related to using medical services
2020,180805,0.339635,Travel related to using personal care services
2020,180806,0.090687,Travel related to using real estate services
2020,180807,0.057840,Travel related to using veterinary services
2020,180899,0.006775,"Travel rel. to using prof. & personal care services, n.e.c."
2020,180901,0.036073,Travel related to using household services
2020,180902,0.026203,Travel related to using home main./repair/decor./construction svcs
2020,180903,0.005322,Travel related to using pet services (not vet)
2020,180905,0.367744,Travel related to using vehicle maintenance & repair services
2020,181002,0.018653,Travel related to civic obligations & participation
2020,181081,0.055962,Travel related to using government services
2020,181101,4.238771,Travel related to eating and drinking
2020,181201,3.025378,Travel related to socializing and communicating
2020,181202,0.287377,Travel related to attending or hosting social events
2020,181204,0.530420,Travel related to arts and entertainment
2020,181283,1.952919,Travel related to relaxing and leisure
2020,181299,0.003741,"Travel rel. to socializing, relaxing, & leisure, n.e.c."
2020,181301,2.083815,Travel related to participating in sports/exercise/recreation
2020,181302,0.131762,Travel related to attending sporting/recreational events
2020,181399,0.001425,"Travel related to sports, exercise, & recreation, n.e.c."
2020,181401,0.581706,Travel related to religious/spiritual practices
2020,181499,0.003215,"Travel rel. to religious/spiritual activities, n.e.c."
2020,181501,0.477582,Travel related to volunteering
2020,181599,0.043357,"Travel related to volunteer activities, n.e.c."
2020,181601,0.121017,Travel related to phone calls
2020,181801,0.044013,Security procedures related to traveling
2020,189999,1.514839,"Traveling, n.e.c."
2020,500101,7.192659,Insufficient detail in verbatim
2020,500103,0.691705,Missing travel or destination
2020,500105,0.229822,Respondent refused to provide information/none of your business
2020,500106,3.798705,Gap/can't remember
2020,500107,0.040321,Unable to code activity at 1st tier
2021,010101,532.669407,Sleeping
2021,010102,4.411224,Sleeplessness
2021,010201,39.077301,"Washing, dressing and grooming oneself"
2021,010299,0.016353,"Grooming, n.e.c."
2021,010301,4.481342,Health-related self care
2021,010399,0.033000,"Self care, n.e.c."
2021,010401,0.397755,Personal/Private activities
2021,010499,0.105276,"Personal activities, n.e.c."
2021,010501,0.000976,Personal emergencies
2021,020101,21.069000,Interior cleaning
2021,020102,10.408256,Laundry
2021,020103,1.713410,"Sewing, repairing, & maintaining textiles"
2021,020104,1.323187,"Storing interior hh items, inc. food"
2021,020199,0.063841,"Housework, n.e.c."
2021,020201,29.890739,Food and drink preparation
2021,020202,0.305361,Food presentation
2021,020203,8.491174,Kitchen and food clean-up
2021,020301,3.023357,"Interior arrangement, decoration, & repairs"
2021,020302,0.377729,Building and repairing furniture
2021,020303,0.708605,Heating and cooling
2021,020399,0.082063,"Interior maintenance, repair, & decoration, n.e.c."
2021,020401,1.670379,Exterior cleaning
2021,020402,1.413359,"Exterior repair, improvements, & decoration"
2021,020499,0.013466,"Exterior maintenance, repair & decoration, n.e.c."
2021,020501,12.033394,"Lawn, garden, and houseplant care"
2021,020502,0.262867,"Ponds, pools, and hot tubs"
2021,020681,9.078147,Care for animals and pets (not veterinary care)
2021,020699,0.034735,"Pet and animal care, n.e.c."
2021,020701,2.260565,Vehicle repair and maintenance (by self)
2021,020799,0.006188,"Vehicles, n.e.c."
2021,020801,0.956565,"Appliance, tool, and toy set-up, repair, & maintenance (by self)"
2021,020899,0.007480,"Appliances and tools, n.e.c."
2021,020901,1.954999,Financial management
2021,020902,6.468651,Household & personal organization and planning
2021,020903,0.878160,HH & personal mail & messages (except e-mail)
2021,020904,1.859392,HH & personal e-mail and messages
2021,020905,0.125254,Home security
2021,020999,0.006001,"Household management, n.e.c."
2021,029999,0.183461,"Household activities, n.e.c."
2021,030101,8.287668,Physical care for hh children
2021,030102,0.858505,Reading to/with hh children
2021,030103,5.778011,"Playing with hh children, not sports"
2021,030104,0.094243,Arts and crafts with hh children
2021,030105,0.247398,Playing sports with hh children
2021,030108,0.257311,Organization & planning for hh children
2021,030109,1.352472,Looking after hh children (as a primary activity)
2021,030110,0.891196,Attending hh children's events
2021,030111,0.306520,Waiting for/with hh children
2021,030112,0.782473,Picking up/dropping off hh children
2021,030186,0.910511,Talking with/listening to hh children
2021,030199,0.061183,"Caring for & helping hh children, n.e.c."
2021,030201,0.937197,Homework (hh children)
2021,030202,0.038593,Meetings and school conferences (hh children)
2021,030203,1.007789,Home schooling of hh children
2021,030204,0.005108,Waiting associated with hh children's education
2021,030299,0.030245,"Activities related to hh child's education, n.e.c."
2021,030301,0.106964,Providing medical care to hh children
2021,030302,0.175118,Obtaining medical care for hh children
2021,030303,0.030596,Waiting associated with hh children's health
2021,030399,0.000018,"Activities related to hh child's health, n.e.c."
2021,030401,0.854899,Physical care for hh adults
2021,030402,0.018352,Looking after hh adult (as a primary activity)
2021,030403,0.325855,Providing medical care to hh adult
2021,030404,0.228918,Obtaining medical and care services for hh adult
2021,030405,0.149888,Waiting associated with caring for household adults
2021,030499,0.100629,"Caring for household adults, n.e.c."
2021,030501,0.131191,Helping hh adults
2021,030502,0.041202,Organization & planning for hh adults
2021,030503,0.152430,Picking up/dropping off hh adult
2021,030504,0.378235,Waiting associated with helping hh adults
2021,030599,0.012471,"Helping household adults, n.e.c."
2021,039999,0.059877,"Caring for & helping hh members, n.e.c."
2021,040101,0.629944,Physical care for nonhh children
2021,040102,0.051414,Reading to/with nonhh children
2021,040103,1.633630,"Playing with nonhh children, not sports"
2021,040104,0.019870,Arts and crafts with nonhh children
2021,040105,0.041591,Playing sports with nonhh children
2021,040108,0.023173,Organization & planning for nonhh children
2021,040109,1.191305,Looking after nonhh children (as primary activity)
2021,040110,0.214270,Attending nonhh children's events
2021,040111,0.065514,Waiting for/with nonhh children
2021,040112,0.124061,Dropping off/picking up nonhh children
2021,040186,0.185175,Talking with/listening to nonhh children
2021,040199,0.077360,"Caring for and helping nonhh children, n.e.c."
2021,040201,0.056093,Homework (nonhh children)
2021,040203,0.034524,Home schooling of nonhh children
2021,040301,0.000486,Providing medical care to nonhh children
2021,040302,0.001864,Obtaining medical care for nonhh children
2021,040401,0.242758,Physical care for nonhh adults
2021,040402,0.048802,Looking after nonhh adult (as a primary activity)
2021,040403,0.062969,Providing medical care to nonhh adult
2021,040404,0.118042,Obtaining medical and care services for nonhh adult
2021,040405,0.180380,Waiting associated with caring for nonhh adults
2021,040499,0.105013,"Caring for nonhh adults, n.e.c."
2021,040501,0.614892,"Housework, cooking, & shopping assistance for nonhh adults"
2021,040502,0.758732,House & lawn maintenance & repair assistance for nonhh adults
2021,040503,0.167217,Animal & pet care assistance for nonhh adults
2021,040504,0.193287,Vehicle & appliance maintenance/repair assistance for nonhh adults
2021,040505,0.069937,Financial management assistance for nonhh adults
2021,040506,0.473601,Household management & paperwork assistance for nonhh adults
2021,040507,0.217970,Picking up/dropping off nonhh adult
2021,040508,0.335457,Waiting associated with helping nonhh adults
2021,040599,0.286245,"Helping nonhh adults, n.e.c."
2021,049999,0.001169,"Caring for & helping nonhh members, n.e.c."
2021,050101,189.379811,"Work, main job"
2021,050102,3.593162,"Work, other job(s)"
2021,050103,0.003734,Security procedures related to work
2021,050189,0.280905,"Working, n.e.c."
2021,050201,0.093506,"Socializing, relaxing, and leisure as part of job"
2021,050202,0.007801,Eating and drinking as part of job
2021,050204,0.001609,Security procedures as part of job
2021,050289,0.005969,"Work-related activities, n.e.c."
2021,050301,0.172616,"Income-generating hobbies, crafts, and food"
2021,050303,0.632956,Income-generating services
2021,050304,0.116799,Income-generating rental property activities
2021,050389,0.669648,"Other income-generating activities, n.e.c."
2021,050403,0.063508,Job interviewing
2021,050404,0.000858,Waiting associated with job search or interview
2021,050481,2.039502,Job search activities
2021,050499,0.077400,"Job search and Interviewing, n.e.c."
2021,059999,0.010545,"Work and work-related activities, n.e.c."
2021,060101,11.497552,"Taking class for degree, certification, or licensure"
2021,060102,0.528852,Taking class for personal interest
2021,060103,0.044316,Waiting associated with taking classes
2021,060199,0.047280,"Taking class, n.e.c."
2021,060201,0.017278,Extracurricular club activities
2021,060202,0.086871,Extracurricular music & performance activities
2021,060289,0.026241,"Education-related extracurricular activities, n.e.c."
2021,060301,11.522500,"Research/homework for class for degree, certification, or licensure"
2021,060302,0.196934,Research/homework for class for pers. interest
2021,060399,0.238941,Research/homework n.e.c.
2021,060401,0.091278,"Administrative activities: class for degree, certification, or licensure"
2021,060402,0.003247,Administrative activities: class for personal interest
2021,060499,0.021350,"Administrative for education, n.e.c."
2021,069999,0.361594,"Education, n.e.c."
2021,070101,5.978565,Grocery shopping
2021,070102,0.354646,Purchasing gas
2021,070103,1.765022,Purchasing food (not groceries)
2021,070104,10.653177,"Shopping, except groceries, food and gas"
2021,070105,0.204800,Waiting associated with shopping
2021,070201,0.061902,Comparison shopping
2021,080101,0.009616,Using paid childcare services
2021,080201,0.207690,Banking
2021,080202,0.109242,Using other financial services
2021,080203,0.000834,Waiting associated w/banking/financial services
2021,080301,0.011244,Using legal services
2021,080302,0.001972,Waiting associated with legal services
2021,080399,0.030319,"Using legal services, n.e.c."
2021,080401,3.040791,Using health and care services outside the home
2021,080402,0.061113,Using in-home health and care services
2021,080403,0.373479,Waiting associated with medical services
2021,080499,0.017699,"Using medical services, n.e.c."
2021,080501,0.796437,Using personal care services
2021,080502,0.017744,Waiting associated w/personal care services
2021,080599,0.001029,"Using personal care services, n.e.c."
2021,080601,0.300650,Activities rel. to purchasing/selling real estate
2021,080602,0.009372,Waiting associated w/purchasing/selling real estate
2021,080701,0.073912,Using veterinary services
2021,080702,0.091627,Waiting associated with veterinary services
2021,089999,0.032646,"Professional and personal services, n.e.c."
2021,090101,0.000697,Using interior cleaning services
2021,090102,0.003604,Using meal preparation services
2021,090103,0.029726,Using clothing repair and cleaning services
2021,090104,0.003316,Waiting associated with using household services
2021,090201,0.183324,Using home maint/repair/decor/construction svcs
2021,090202,0.224767,Waiting associated w/ home main/repair/decor/constr
2021,090299,0.005439,"Using home maint/repair/decor/constr services, n.e.c."
2021,090301,0.022667,Using pet services
2021,090302,0.002301,Waiting associated with pet services
2021,090399,0.002541,"Using pet services, n.e.c."
2021,090401,0.004624,Using lawn and garden services
2021,090402,0.000833,Waiting associated with using lawn & garden services
2021,090501,0.412186,Using vehicle maintenance or repair services
2021,090502,0.119559,Waiting associated with vehicle main. or repair svcs
2021,090599,0.032765,"Using vehicle maint. & repair svcs, n.e.c."
2021,099999,0.005520,"Using household services, n.e.c."
2021,100101,0.005057,Using police and fire services
2021,100102,0.044114,Using social services
2021,100103,0.046020,"Obtaining licenses & paying fines, fees, taxes"
2021,100199,0.005635,"Using government services, n.e.c."
2021,100201,0.016357,Civic obligations & participation
2021,100381,0.011044,Waiting associated w/ using government services
2021,100401,0.003839,Security procedures rel. to govt svcs/civic obligations
2021,110101,66.357153,Eating and drinking
2021,110281,0.209347,Waiting associated w/eating & drinking
2021,110289,0.000665,"Waiting associated with eating & drinking, n.e.c."
2021,120101,31.312221,Socializing and communicating with others
2021,120199,0.001496,"Socializing and communicating, n.e.c."
2021,120201,2.532341,Attending or hosting parties/receptions/ceremonies
2021,120202,0.293156,Attending meetings for personal interest (not volunteering)
2021,120299,0.002066,"Attending/hosting social events, n.e.c."
2021,120301,20.510188,"Relaxing, thinking"
2021,120302,0.383206,Tobacco and drug use
2021,120303,171.196361,Television and movies (not religious)
2021,120304,0.418397,Television (religious)
2021,120305,1.188528,Listening to the radio
2021,120306,2.362202,Listening to/playing music (not radio)
2021,120307,20.234519,Playing games
2021,120308,13.081164,Computer use for leisure (exc. Games)
2021,120309,2.883102,Arts and crafts as a hobby
2021,120310,0.053630,Collecting as a hobby
2021,120311,0.147323,"Hobbies, except arts & crafts and collecting"
2021,120312,16.571505,Reading for personal interest
2021,120313,0.510696,Writing for personal interest
2021,120399,0.215004,"Relaxing and leisure, n.e.c."
2021,120401,0.351959,Attending performing arts
2021,120402,0.269240,Attending museums
2021,120403,0.295618,Attending movies/film
2021,120404,0.336854,Attending gambling establishments
2021,120499,1.106351,"Arts and entertainment, n.e.c."
2021,120501,0.001493,Waiting assoc. w/socializing & communicating
2021,120502,0.002428,Waiting assoc. w/attending/hosting social events
2021,120504,0.006769,Waiting associated with arts & entertainment
2021,120599,0.000378,"Waiting associated with socializing, n.e.c."
2021,130101,0.131105,Doing aerobics
2021,130102,0.231575,Playing baseball
2021,130103,0.536711,Playing basketball
2021,130104,0.841740,Biking
2021,130105,0.107370,Playing billiards
2021,130106,0.295099,Boating
2021,130107,0.184437,Bowling
2021,130108,0.082282,"Climbing, spelunking, caving"
2021,130109,0.260276,Dancing
2021,130110,0.049862,Participating in equestrian sports
2021,130112,1.035994,Fishing
2021,130113,0.091919,Playing football
2021,130114,1.018950,Golfing
2021,130115,0.005953,Doing gymnastics
2021,130116,0.357621,Hiking
2021,130118,0.375799,Hunting
2021,130119,0.028702,Participating in martial arts
2021,130120,0.326730,Playing racquet sports
2021,130121,0.012240,Participating in rodeo competitions
2021,130122,0.189611,Rollerblading
2021,130124,0.771617,Running
2021,130125,0.128413,"Skiing, ice skating, snowboarding"
2021,130126,0.191995,Playing soccer
2021,130127,0.033784,Softball
2021,130128,0.292661,Using cardiovascular equipment
2021,130129,0.093508,Vehicle touring/racing
2021,130130,0.181183,Playing volleyball
2021,130131,4.784228,Walking
2021,130132,1.099881,Participating in water sports
2021,130133,1.937692,Weightlifting/strength training
2021,130134,2.028143,"Working out, unspecified"
2021,130135,0.034810,Wrestling
2021,130136,0.320521,Doing yoga
2021,130199,0.929556,Playing sports n.e.c.
2021,130202,0.267928,Watching baseball
2021,130203,0.056271,Watching basketball
2021,130206,0.000505,Watching boating
2021,130210,0.015490,Watching equestrian sports
2021,130213,0.241785,Watching football
2021,130216,0.020298,Watching hockey
2021,130220,0.000757,Watching rollerblading
2021,130222,0.018144,Watching running
2021,130224,0.301091,Watching soccer
2021,130225,0.021504,Watching softball
2021,130226,0.042817,Watching vehicle touring/racing
2021,130227,0.024044,Watching volleyball
2021,130232,0.012491,Watching wrestling
2021,130299,0.068541,"Attending sporting events, n.e.c."
2021,130301,0.002003,Waiting related to playing sports or exercising
2021,130302,0.017897,Waiting related to attending sporting events
2021,140101,3.404847,Attending religious services
2021,140102,2.894711,Participation in religious practices
2021,140103,0.033359,Waiting associated w/religious & spiritual activities
2021,140105,0.453468,Religious education activities
2021,149999,0.024510,"Religious and spiritual activities, n.e.c."
2021,150101,0.499076,Computer use
2021,150102,0.457793,Organizing and preparing
2021,150103,0.077225,Reading
2021,150104,0.175066,Telephone calls (except hotline counseling)
2021,150105,0.146190,Writing
2021,150106,0.069794,Fundraising
2021,150199,0.251242,"Administrative & support activities, n.e.c."
2021,150201,0.261511,"Food preparation, presentation, clean-up"
2021,150202,0.117501,Collecting & delivering clothing & other goods
2021,150203,0.211465,Providing care
2021,150204,0.482677,"Teaching, leading, counseling, mentoring"
2021,150299,0.105840,"Social service & care activities, n.e.c."
2021,150301,0.003231,"Building houses, wildlife sites, & other structures"
2021,150302,0.153333,"Indoor & outdoor maintenance, repair, & clean-up"
2021,150399,0.004147,"Indoor & outdoor maintenance, building & clean-up activities, n.e.c."
2021,150401,0.104891,Performing
2021,150402,0.277801,Serving at volunteer events & cultural activities
2021,150499,0.106703,"Participating in performance & cultural activities, n.e.c."
2021,150501,0.734983,"Attending meetings, conferences, & training"
2021,150601,0.100008,Public health activities
2021,150602,0.101355,Public safety activities
2021,159989,0.952108,"Volunteer activities, n.e.c."
2021,160101,3.413018,Telephone calls to/from family members
2021,160102,4.510162,"Telephone calls to/from friends, neighbors, or acquaintances"
2021,160104,0.030158,Telephone calls to/from salespeople
2021,160105,0.318661,Telephone calls to/from professional or personal care svcs providers
2021,160106,0.133411,Telephone calls to/from household services providers
2021,160107,0.002554,Telephone calls to/from paid child or adult care providers
2021,160108,0.072848,Telephone calls to/from government officials
2021,169989,1.204599,"Telephone calls, n.e.c."
2021,180101,0.819692,Travel related to personal care
2021,180280,2.782064,Travel related to household activities
2021,180381,2.831222,Travel related to caring for and helping hh children
2021,180382,0.896270,Travel related to caring for and helping hh adults
2021,180481,0.684057,Travel related to caring for and helping nonhh children
2021,180482,2.035611,Travel related to caring for and helping nonhh adults
2021,180501,12.548334,Travel related to working
2021,180502,0.024872,Travel related to work-related activities
2021,180589,0.223906,"Travel related to work, n.e.c."
2021,180601,0.911828,Travel related to taking class
2021,180682,0.111446,Travel related to education (except taking class)
2021,180699,0.028099,"Travel related to education, n.e.c."
2021,180701,3.061733,Travel related to grocery shopping
2021,180782,9.548298,Travel related to shopping (except grocery shopping)
2021,180801,0.004718,Travel related to using childcare services
2021,180802,0.397931,Travel related to using financial services and banking
2021,180803,0.013408,Travel related to using legal services
2021,180804,1.550654,Travel related to using medical services
2021,180805,0.254954,Travel related to using personal care services
2021,180806,0.077083,Travel related to using real estate services
2021,180807,0.130539,Travel related to using veterinary services
2021,180899,0.006552,"Travel rel. to using prof. & personal care services, n.e.c."
2021,180901,0.038346,Travel related to using household services
2021,180902,0.002720,Travel related to using home main./repair/decor./construction svcs
2021,180903,0.048044,Travel related to using pet services (not vet)
2021,180905,0.308574,Travel related to using vehicle maintenance & repair services
2021,181002,0.003611,Travel related to civic obligations & participation
2021,181081,0.066896,Travel related to using government services
2021,181101,4.613183,Travel related to eating and drinking
2021,181201,4.149644,Travel related to socializing and communicating
2021,181202,0.371093,Travel related to attending or hosting social events
2021,181204,0.642302,Travel related to arts and entertainment
2021,181283,2.165440,Travel related to relaxing and leisure
2021,181299,0.001558,"Travel rel. to socializing, relaxing, & leisure, n.e.c."
2021,181301,2.041287,Travel related to participating in sports/exercise/recreation
2021,181302,0.319664,Travel related to attending sporting/recreational events
2021,181401,0.753480,Travel related to religious/spiritual practices
2021,181501,0.516271,Travel related to volunteering
2021,181599,0.009682,"Travel related to volunteer activities, n.e.c."
2021,181601,0.198654,Travel related to phone calls
2021,181801,0.088928,Security procedures related to traveling
2021,189999,2.936289,"Traveling, n.e.c."
2021,500101,4.870529,Insufficient detail in verbatim
2021,500103,0.426972,Missing travel or destination
2021,500105,0.292603,Respondent refused to provide information/none of your business
2021,500106,3.408344,Gap/can't remember
2021,500107,0.025217,Unable to code activity at 1st tier
2022,010101,536.910126,Sleeping
2022,010102,4.054777,Sleeplessness
2022,010201,40.174249,"Washing, dressing and grooming oneself"
2022,010299,0.106522,"Grooming, n.e.c."
2022,010301,4.484025,Health-related self care
2022,010399,0.128708,"Self care, n.e.c."
2022,010401,0.260784,Personal/Private activities
2022,010499,0.072583,"Personal activities, n.e.c."
2022,019999,0.000564,"Personal care, n.e.c."
2022,020101,20.952860,Interior cleaning
2022,020102,10.443406,Laundry
2022,020103,1.322522,"Sewing, repairing, & maintaining textiles"
2022,020104,1.208105,"Storing interior hh items, inc. food"
2022,020199,0.241615,"Housework, n.e.c."
2022,020201,30.289995,Food and drink preparation
2022,020202,0.380957,Food presentation
2022,020203,8.190586,Kitchen and food clean-up
2022,020301,2.712388,"Interior arrangement, decoration, & repairs"
2022,020302,0.192560,Building and repairing furniture
2022,020303,0.612951,Heating and cooling
2022,020399,0.053661,"Interior maintenance, repair, & decoration, n.e.c."
2022,020401,1.470943,Exterior cleaning
2022,020402,1.230389,"Exterior repair, improvements, & decoration"
2022,020499,0.190872,"Exterior maintenance, repair & decoration, n.e.c."
2022,020501,10.736308,"Lawn, garden, and houseplant care"
2022,020502,0.080042,"Ponds, pools, and hot tubs"
2022,020681,8.765081,Care for animals and pets (not veterinary care)
2022,020699,0.239420,"Pet and animal care, n.e.c."
2022,020701,2.633765,Vehicle repair and maintenance (by self)
2022,020799,0.005191,"Vehicles, n.e.c."
2022,020801,0.825541,"Appliance, tool, and toy set-up, repair, & maintenance (by self)"
2022,020899,0.001329,"Appliances and tools, n.e.c."
2022,020901,1.555963,Financial management
2022,020902,6.732101,Household & personal organization and planning
2022,020903,0.935595,HH & personal mail & messages (except e-mail)
2022,020904,1.999991,HH & personal e-mail and messages
2022,020905,0.121825,Home security
2022,029999,0.335021,"Household activities, n.e.c."
2022,030101,8.106328,Physical care for hh children
2022,030102,0.757379,Reading to/with hh children
2022,030103,5.119974,"Playing with hh children, not sports"
2022,030104,0.019222,Arts and crafts with hh children
2022,030105,0.175857,Playing sports with hh children
2022,030108,0.167695,Organization & planning for hh children
2022,030109,0.746728,Looking after hh children (as a primary activity)
2022,030110,1.408212,Attending hh children's events
2022,030111,0.633622,Waiting for/with hh children
2022,030112,0.917496,Picking up/dropping off hh children
2022,030186,0.839798,Talking with/listening to hh children
2022,030199,0.216655,"Caring for & helping hh children, n.e.c."
2022,030201,1.095440,Homework (hh children)
2022,030202,0.156032,Meetings and school conferences (hh children)
2022,030203,0.331533,Home schooling of hh children
2022,030204,0.043025,Waiting associated with hh children's education
2022,030299,0.051274,"Activities related to hh child's education, n.e.c."
2022,030301,0.276015,Providing medical care to hh children
2022,030302,0.178542,Obtaining medical care for hh children
2022,030303,0.068633,Waiting associated with hh children's health
2022,030399,0.005148,"Activities related to hh child's health, n.e.c."
2022,030401,1.112069,Physical care for hh adults
2022,030402,0.192378,Looking after hh adult (as a primary activity)
2022,030403,0.115957,Providing medical care to hh adult
2022,030404,0.215980,Obtaining medical and care services for hh adult
2022,030405,0.113091,Waiting associated with caring for household adults
2022,030499,0.156411,"Caring for household adults, n.e.c."
2022,030501,0.223135,Helping hh adults
2022,030502,0.122325,Organization & planning for hh adults
2022,030503,0.096354,Picking up/dropping off hh adult
2022,030504,0.206461,Waiting associated with helping hh adults
2022,030599,0.160864,"Helping household adults, n.e.c."
2022,040101,0.712775,Physical care for nonhh children
2022,040102,0.058580,Reading to/with nonhh children
2022,040103,0.881017,"Playing with nonhh children, not sports"
2022,040104,0.024325,Arts and crafts with nonhh children
2022,040105,0.088000,Playing sports with nonhh children
2022,040108,0.010195,Organization & planning for nonhh children
2022,040109,1.036560,Looking after nonhh children (as primary activity)
2022,040110,0.393832,Attending nonhh children's events
2022,040111,0.083128,Waiting for/with nonhh children
2022,040112,0.185879,Dropping off/picking up nonhh children
2022,040186,0.157308,Talking with/listening to nonhh children
2022,040199,0.109768,"Caring for and helping nonhh children, n.e.c."
2022,040201,0.044723,Homework (nonhh children)
2022,040202,0.022140,Meetings and school conferences (nonhh children)
2022,040203,0.002429,Home schooling of nonhh children
2022,040299,0.015618,"Activities related to nonhh child's educ., n.e.c."
2022,040301,0.017374,Providing medical care to nonhh children
2022,040302,0.001371,Obtaining medical care for nonhh children
2022,040303,0.004263,Waiting associated with nonhh children's health
2022,040401,0.310969,Physical care for nonhh adults
2022,040402,0.030301,Looking after nonhh adult (as a primary activity)
2022,040403,0.041310,Providing medical care to nonhh adult
2022,040404,0.412191,Obtaining medical and care services for nonhh adult
2022,040405,0.036329,Waiting associated with caring for nonhh adults
2022,040499,0.010169,"Caring for nonhh adults, n.e.c."
2022,040501,0.481350,"Housework, cooking, & shopping assistance for nonhh adults"
2022,040502,0.691615,House & lawn maintenance & repair assistance for nonhh adults
2022,040503,0.183449,Animal & pet care assistance for nonhh adults
2022,040504,0.135211,Vehicle & appliance maintenance/repair assistance for nonhh adults
2022,040505,0.119377,Financial management assistance for nonhh adults
2022,040506,0.743388,Household management & paperwork assistance for nonhh adults
2022,040507,0.328789,Picking up/dropping off nonhh adult
2022,040508,0.251352,Waiting associated with helping nonhh adults
2022,040599,0.207288,"Helping nonhh adults, n.e.c."
2022,050101,188.967016,"Work, main job"
2022,050102,4.365973,"Work, other job(s)"
2022,050103,0.000126,Security procedures related to work
2022,050189,0.256485,"Working, n.e.c."
2022,050201,0.041935,"Socializing, relaxing, and leisure as part of job"
2022,050202,0.027880,Eating and drinking as part of job
2022,050289,0.019008,"Work-related activities, n.e.c."
2022,050301,0.435546,"Income-generating hobbies, crafts, and food"
2022,050302,0.030003,Income-generating performances
2022,050303,0.393649,Income-generating services
2022,050304,0.051007,Income-generating rental property activities
2022,050389,0.974919,"Other income-generating activities, n.e.c."
2022,050403,0.039760,Job interviewing
2022,050481,1.128385,Job search activities
2022,050499,0.020770,"Job search and Interviewing, n.e.c."
2022,059999,0.149257,"Work and work-related activities, n.e.c."
2022,060101,13.490024,"Taking class for degree, certification, or licensure"
2022,060102,0.440548,Taking class for personal interest
2022,060103,0.132599,Waiting associated with taking classes
2022,060199,0.127472,"Taking class, n.e.c."
2022,060201,0.117368,Extracurricular club activities
2022,060202,0.250091,Extracurricular music & performance activities
2022,060301,8.792260,"Research/homework for class for degree, certification, or licensure"
2022,060302,0.129954,Research/homework for class for pers. interest
2022,060399,0.370347,Research/homework n.e.c.
2022,060401,0.151314,"Administrative activities: class for degree, certification, or licensure"
2022,060499,0.133032,"Administrative for education, n.e.c."
2022,069999,0.084703,"Education, n.e.c."
2022,070101,5.973453,Grocery shopping
2022,070102,0.311160,Purchasing gas
2022,070103,1.561843,Purchasing food (not groceries)
2022,070104,10.851900,"Shopping, except groceries, food and gas"
2022,070105,0.115483,Waiting associated with shopping
2022,070201,0.036939,Comparison shopping
2022,070299,0.005547,"Researching purchases, n.e.c."
2022,080101,0.005227,Using paid childcare services
2022,080201,0.223646,Banking
2022,080202,0.065203,Using other financial services
2022,080203,0.003052,Waiting associated w/banking/financial services
2022,080301,0.017099,Using legal services
2022,080401,3.020824,Using health and care services outside the home
2022,080402,0.063080,Using in-home health and care services
2022,080403,0.294055,Waiting associated with medical services
2022,080499,0.005690,"Using medical services, n.e.c."
2022,080501,0.737264,Using personal care services
2022,080502,0.017626,Waiting associated w/personal care services
2022,080599,0.011780,"Using personal care services, n.e.c."
2022,080601,0.166323,Activities rel. to purchasing/selling real estate
2022,080701,0.079203,Using veterinary services
2022,080702,0.053316,Waiting associated with veterinary services
2022,080799,0.003411,"Using veterinary services, n.e.c."
2022,089999,0.021122,"Professional and personal services, n.e.c."
2022,090101,0.002677,Using interior cleaning services
2022,090102,0.000879,Using meal preparation services
2022,090103,0.018697,Using clothing repair and cleaning services
2022,090104,0.001318,Waiting associated with using household services
2022,090201,0.360485,Using home maint/repair/decor/construction svcs
2022,090202,0.062281,Waiting associated w/ home main/repair/decor/constr
2022,090299,0.005539,"Using home maint/repair/decor/constr services, n.e.c."
2022,090301,0.017324,Using pet services
2022,090302,0.005098,Waiting associated with pet services
2022,090399,0.004171,"Using pet services, n.e.c."
2022,090401,0.039575,Using lawn and garden services
2022,090499,0.006154,"Using lawn and garden services, n.e.c."
2022,090501,0.260698,Using vehicle maintenance or repair services
2022,090502,0.168143,Waiting associated with vehicle main. or repair svcs
2022,090599,0.037944,"Using vehicle maint. & repair svcs, n.e.c."
2022,099999,0.011271,"Using household services, n.e.c."
2022,100101,0.026162,Using police and fire services
2022,100102,0.008978,Using social services
2022,100103,0.105457,"Obtaining licenses & paying fines, fees, taxes"
2022,100199,0.017965,"Using government services, n.e.c."
2022,100201,0.082901,Civic obligations & participation
2022,100381,0.009929,Waiting associated w/ using government services
2022,110101,68.251239,Eating and drinking
2022,110281,0.193800,Waiting associated w/eating & drinking
2022,120101,30.153153,Socializing and communicating with others
2022,120199,0.037840,"Socializing and communicating, n.e.c."
2022,120201,2.880217,Attending or hosting parties/receptions/ceremonies
2022,120202,0.365663,Attending meetings for personal interest (not volunteering)
2022,120299,0.034917,"Attending/hosting social events, n.e.c."
2022,120301,21.261289,"Relaxing, thinking"
2022,120302,0.319415,Tobacco and drug use
2022,120303,167.318383,Television and movies (not religious)
2022,120304,0.243524,Television (religious)
2022,120305,1.151663,Listening to the radio
2022,120306,1.604835,Listening to/playing music (not radio)
2022,120307,22.349765,Playing games
2022,120308,11.962975,Computer use for leisure (exc. Games)
2022,120309,2.200488,Arts and crafts as a hobby
2022,120310,0.048810,Collecting as a hobby
2022,120311,0.395579,"Hobbies, except arts & crafts and collecting"
2022,120312,15.833083,Reading for personal interest
2022,120313,0.272798,Writing for personal interest
2022,120399,0.175725,"Relaxing and leisure, n.e.c."
2022,120401,0.899410,Attending performing arts
2022,120402,0.575650,Attending museums
2022,120403,0.659670,Attending movies/film
2022,120404,0.233090,Attending gambling establishments
2022,120405,0.005519,Security procedures rel. to arts & entertainment
2022,120499,1.907177,"Arts and entertainment, n.e.c."
2022,120501,0.012449,Waiting assoc. w/socializing & communicating
2022,120502,0.062769,Waiting assoc. w/attending/hosting social events
2022,120503,0.005836,Waiting associated with relaxing/leisure
2022,120504,0.034959,Waiting associated with arts & entertainment
2022,130101,0.108272,Doing aerobics
2022,130102,0.067206,Playing baseball
2022,130103,0.515406,Playing basketball
2022,130104,0.864093,Biking
2022,130105,0.218768,Playing billiards
2022,130106,0.485966,Boating
2022,130107,0.251897,Bowling
2022,130108,0.029130,"Climbing, spelunking, caving"
2022,130109,0.232716,Dancing
2022,130110,0.046585,Participating in equestrian sports
2022,130111,0.024793,Fencing
2022,130112,0.600419,Fishing
2022,130113,0.068584,Playing football
2022,130114,1.149924,Golfing
2022,130116,0.463895,Hiking
2022,130117,0.008825,Playing hockey
2022,130118,0.388734,Hunting
2022,130119,0.081454,Participating in martial arts
2022,130120,0.139861,Playing racquet sports
2022,130121,0.001171,Participating in rodeo competitions
2022,130122,0.021268,Rollerblading
2022,130124,0.862641,Running
2022,130125,0.222715,"Skiing, ice skating, snowboarding"
2022,130126,0.092471,Playing soccer
2022,130127,0.031080,Softball
2022,130128,0.338240,Using cardiovascular equipment
2022,130129,0.041818,Vehicle touring/racing
2022,130130,0.051237,Playing volleyball
2022,130131,4.234093,Walking
2022,130132,1.469356,Participating in water sports
2022,130133,1.680906,Weightlifting/strength training
2022,130134,1.715216,"Working out, unspecified"
2022,130136,0.365158,Doing yoga
2022,130199,0.481077,Playing sports n.e.c.
2022,130202,0.442075,Watching baseball
2022,130203,0.234775,Watching basketball
2022,130206,0.002136,Watching boating
2022,130207,0.025891,Watching bowling
2022,130210,0.002255,Watching equestrian sports
2022,130213,0.472083,Watching football
2022,130216,0.029100,Watching hockey
2022,130218,0.149414,Watching racquet sports
2022,130219,0.028913,Watching rodeo competitions
2022,130223,0.003455,"Watching skiing, ice skating, snowboarding"
2022,130224,0.030974,Watching soccer
2022,130225,0.010115,Watching softball
2022,130226,0.017827,Watching vehicle touring/racing
2022,130227,0.127154,Watching volleyball
2022,130232,0.012037,Watching wrestling
2022,130299,0.100427,"Attending sporting events, n.e.c."
2022,130301,0.009092,Waiting related to playing sports or exercising
2022,130302,0.001410,Waiting related to attending sporting events
2022,139999,0.003959,"Sports, exercise, & recreation, n.e.c."
2022,140101,4.265097,Attending religious services
2022,140102,2.978077,Participation in religious practices
2022,140103,0.015983,Waiting associated w/religious & spiritual activities
2022,140105,0.547848,Religious education activities
2022,149999,0.048815,"Religious and spiritual activities, n.e.c."
2022,150101,0.547220,Computer use
2022,150102,0.560191,Organizing and preparing
2022,150103,0.041293,Reading
2022,150104,0.099829,Telephone calls (except hotline counseling)
2022,150105,0.130438,Writing
2022,150106,0.125025,Fundraising
2022,150199,0.143771,"Administrative & support activities, n.e.c."
2022,150201,0.488776,"Food preparation, presentation, clean-up"
2022,150202,0.090232,Collecting & delivering clothing & other goods
2022,150203,0.209607,Providing care
2022,150204,0.562163,"Teaching, leading, counseling, mentoring"
2022,150299,0.240906,"Social service & care activities, n.e.c."
2022,150301,0.065791,"Building houses, wildlife sites, & other structures"
2022,150302,0.142486,"Indoor & outdoor maintenance, repair, & clean-up"
2022,150399,0.008823,"Indoor & outdoor maintenance, building & clean-up activities, n.e.c."
2022,150401,0.070808,Performing
2022,150402,0.262029,Serving at volunteer events & cultural activities
2022,150499,0.054221,"Participating in performance & cultural activities, n.e.c."
2022,150501,0.980583,"Attending meetings, conferences, & training"
2022,150601,0.003190,Public health activities
2022,150602,0.075349,Public safety activities
2022,150699,0.016532,"Public health & safety activities, n.e.c."
2022,159989,0.945538,"Volunteer activities, n.e.c."
2022,160101,3.181798,Telephone calls to/from family members
2022,160102,2.589119,"Telephone calls to/from friends, neighbors, or acquaintances"
2022,160103,0.001050,Telephone calls to/from education services providers
2022,160104,0.079316,Telephone calls to/from salespeople
2022,160105,0.316598,Telephone calls to/from professional or personal care svcs providers
2022,160106,0.035695,Telephone calls to/from household services providers
2022,160107,0.004630,Telephone calls to/from paid child or adult care providers
2022,160108,0.007944,Telephone calls to/from government officials
2022,169989,0.714839,"Telephone calls, n.e.c."
2022,180101,0.809387,Travel related to personal care
2022,180280,2.105358,Travel related to household activities
2022,180381,3.821359,Travel related to caring for and helping hh children
2022,180382,0.783593,Travel related to caring for and helping hh adults
2022,180481,0.927939,Travel related to caring for and helping nonhh children
2022,180482,1.822020,Travel related to caring for and helping nonhh adults
2022,180501,12.835654,Travel related to working
2022,180502,0.051821,Travel related to work-related activities
2022,180589,0.265638,"Travel related to work, n.e.c."
2022,180601,1.606341,Travel related to taking class
2022,180682,0.268400,Travel related to education (except taking class)
2022,180699,0.006165,"Travel related to education, n.e.c."
2022,180701,3.254921,Travel related to grocery shopping
2022,180782,9.413869,Travel related to shopping (except grocery shopping)
2022,180801,0.002484,Travel related to using childcare services
2022,180802,0.248238,Travel related to using financial services and banking
2022,180803,0.012100,Travel related to using legal services
2022,180804,1.191305,Travel related to using medical services
2022,180805,0.252600,Travel related to using personal care services
2022,180806,0.059645,Travel related to using real estate services
2022,180807,0.138133,Travel related to using veterinary services
2022,180899,0.010585,"Travel rel. to using prof. & personal care services, n.e.c."
2022,180901,0.021108,Travel related to using household services
2022,180902,0.006145,Travel related to using home main./repair/decor./construction svcs
2022,180903,0.046069,Travel related to using pet services (not vet)
2022,180904,0.009275,Travel related to using lawn and garden services
2022,180905,0.231223,Travel related to using vehicle maintenance & repair services
2022,180999,0.003064,"Travel related to using household services, n.e.c."
2022,181002,0.041230,Travel related to civic obligations & participation
2022,181081,0.081072,Travel related to using government services
2022,181101,5.462885,Travel related to eating and drinking
2022,181201,3.661408,Travel related to socializing and communicating
2022,181202,0.564805,Travel related to attending or hosting social events
2022,181204,1.012017,Travel related to arts and entertainment
2022,181283,2.125188,Travel related to relaxing and leisure
2022,181299,0.013280,"Travel rel. to socializing, relaxing, & leisure, n.e.c."
2022,181301,2.275124,Travel related to participating in sports/exercise/recreation
2022,181302,0.233113,Travel related to attending sporting/recreational events
2022,181399,0.000844,"Travel related to sports, exercise, & recreation, n.e.c."
2022,181401,1.158222,Travel related to religious/spiritual practices
2022,181501,0.678601,Travel related to volunteering
2022,181599,0.036345,"Travel related to volunteer activities, n.e.c."
2022,181601,0.082432,Travel related to phone calls
2022,181801,0.137869,Security procedures related to traveling
2022,181899,0.025213,"Security procedures related to traveling, n.e.c."
2022,189999,2.526677,"Traveling, n.e.c."
2022,500101,5.704381,Insufficient detail in verbatim
2022,500103,0.714680,Missing travel or destination
2022,500105,0.107783,Respondent refused to provide information/none of your business
2022,500106,3.447112,Gap/can't remember
2022,500107,0.009261,Unable to code activity at 1st tier
2023,010101,539.872057,Sleeping
2023,010102,4.397734,Sleeplessness
2023,010201,40.513541,"Washing, dressing and grooming oneself"
2023,010299,0.018654,"Grooming, n.e.c."
2023,010301,4.277156,Health-related self care
2023,010399,0.017387,"Self care, n.e.c."
2023,010401,0.173320,Personal/Private activities
2023,010499,0.012808,"Personal activities, n.e.c."
2023,019999,0.000102,"Personal care, n.e.c."
2023,020101,22.376438,Interior cleaning
2023,020102,10.900364,Laundry
2023,020103,2.071781,"Sewing, repairing, & maintaining textiles"
2023,020104,1.297055,"Storing interior hh items, inc. food"
2023,020199,0.064363,"Housework, n.e.c."
2023,020201,30.529515,Food and drink preparation
2023,020202,0.302200,Food presentation
2023,020203,7.876592,Kitchen and food clean-up
2023,020299,0.003953,"Food & drink prep, presentation, & clean-up, n.e.c."
2023,020301,3.011248,"Interior arrangement, decoration, & repairs"
2023,020302,0.214182,Building and repairing furniture
2023,020303,0.204513,Heating and cooling
2023,020399,0.102608,"Interior maintenance, repair, & decoration, n.e.c."
2023,020401,1.912546,Exterior cleaning
2023,020402,1.536467,"Exterior repair, improvements, & decoration"
2023,020499,0.083585,"Exterior maintenance, repair & decoration, n.e.c."
2023,020501,9.825272,"Lawn, garden, and houseplant care"
2023,020502,0.158539,"Ponds, pools, and hot tubs"
2023,020599,0.030906,"Lawn and garden, n.e.c."
2023,020681,8.949899,Care for animals and pets (not veterinary care)
2023,020699,0.043287,"Pet and animal care, n.e.c."
2023,020701,2.107782,Vehicle repair and maintenance (by self)
2023,020799,0.027754,"Vehicles, n.e.c."
2023,020801,0.978430,"Appliance, tool, and toy set-up, repair, & maintenance (by self)"
2023,020899,0.000164,"Appliances and tools, n.e.c."
2023,020901,1.440889,Financial management
2023,020902,6.395011,Household & personal organization and planning
2023,020903,0.727099,HH & personal mail & messages (except e-mail)
2023,020904,1.822390,HH & personal e-mail and messages
2023,020905,0.132816,Home security
2023,020999,0.002722,"Household management, n.e.c."
2023,029999,0.332568,"Household activities, n.e.c."
2023,030101,8.241309,Physical care for hh children
2023,030102,0.558237,Reading to/with hh children
2023,030103,4.999631,"Playing with hh children, not sports"
2023,030104,0.175095,Arts and crafts with hh children
2023,030105,0.163269,Playing sports with hh children
2023,030108,0.334569,Organization & planning for hh children
2023,030109,1.675165,Looking after hh children (as a primary activity)
2023,030110,1.526437,Attending hh children's events
2023,030111,0.457713,Waiting for/with hh children
2023,030112,1.073675,Picking up/dropping off hh children
2023,030186,0.967902,Talking with/listening to hh children
2023,030199,0.424271,"Caring for & helping hh children, n.e.c."
2023,030201,0.935757,Homework (hh children)
2023,030202,0.055505,Meetings and school conferences (hh children)
2023,030203,0.350644,Home schooling of hh children
2023,030299,0.028170,"Activities related to hh child's education, n.e.c."
2023,030301,0.217354,Providing medical care to hh children
2023,030302,0.467337,Obtaining medical care for hh children
2023,030303,0.129876,Waiting associated with hh children's health
2023,030401,1.039393,Physical care for hh adults
2023,030402,0.056969,Looking after hh adult (as a primary activity)
2023,030403,0.118647,Providing medical care to hh adult
2023,030404,0.310203,Obtaining medical and care services for hh adult
2023,030405,0.154671,Waiting associated with caring for household adults
2023,030499,0.031273,"Caring for household adults, n.e.c."
2023,030501,0.189999,Helping hh adults
2023,030502,0.036158,Organization & planning for hh adults
2023,030503,0.160207,Picking up/dropping off hh adult
2023,030504,0.265999,Waiting associated with helping hh adults
2023,030599,0.037749,"Helping household adults, n.e.c."
2023,039999,0.046590,"Caring for & helping hh members, n.e.c."
2023,040101,0.448994,Physical care for nonhh children
2023,040102,0.031971,Reading to/with nonhh children
2023,040103,1.356268,"Playing with nonhh children, not sports"
2023,040104,0.029796,Arts and crafts with nonhh children
2023,040105,0.035565,Playing sports with nonhh children
2023,040108,0.116520,Organization & planning for nonhh children
2023,040109,0.594585,Looking after nonhh children (as primary activity)
2023,040110,0.396534,Attending nonhh children's events
2023,040111,0.084412,Waiting for/with nonhh children
2023,040112,0.136773,Dropping off/picking up nonhh children
2023,040186,0.188730,Talking with/listening to nonhh children
2023,040199,0.117540,"Caring for and helping nonhh children, n.e.c."
2023,040201,0.045079,Homework (nonhh children)
2023,040202,0.012186,Meetings and school conferences (nonhh children)
2023,040203,0.009585,Home schooling of nonhh children
2023,040299,0.002802,"Activities related to nonhh child's educ., n.e.c."
2023,040301,0.003344,Providing medical care to nonhh children
2023,040401,0.215814,Physical care for nonhh adults
2023,040402,0.076717,Looking after nonhh adult (as a primary activity)
2023,040403,0.036093,Providing medical care to nonhh adult
2023,040404,0.239300,Obtaining medical and care services for nonhh adult
2023,040405,0.167244,Waiting associated with caring for nonhh adults
2023,040499,0.026346,"Caring for nonhh adults, n.e.c."
2023,040501,0.489524,"Housework, cooking, & shopping assistance for nonhh adults"
2023,040502,0.930363,House & lawn maintenance & repair assistance for nonhh adults
2023,040503,0.286274,Animal & pet care assistance for nonhh adults
2023,040504,0.248500,Vehicle & appliance maintenance/repair assistance for nonhh adults
2023,040505,0.080362,Financial management assistance for nonhh adults
2023,040506,0.382728,Household management & paperwork assistance for nonhh adults
2023,040507,0.297191,Picking up/dropping off nonhh adult
2023,040508,0.255559,Waiting associated with helping nonhh adults
2023,040599,0.116370,"Helping nonhh adults, n.e.c."
2023,049999,0.052023,"Caring for & helping nonhh members, n.e.c."
2023,050101,191.467993,"Work, main job"
2023,050102,3.877739,"Work, other job(s)"
2023,050103,0.004861,Security procedures related to work
2023,050189,0.246379,"Working, n.e.c."
2023,050201,0.110529,"Socializing, relaxing, and leisure as part of job"
2023,050202,0.034107,Eating and drinking as part of job
2023,050204,0.001219,Security procedures as part of job
2023,050289,0.005443,"Work-related activities, n.e.c."
2023,050301,0.238363,"Income-generating hobbies, crafts, and food"
2023,050303,0.518349,Income-generating services
2023,050304,0.088590,Income-generating rental property activities
2023,050389,0.870388,"Other income-generating activities, n.e.c."
2023,050403,0.171939,Job interviewing
2023,050404,0.000615,Waiting associated with job search or interview
2023,050481,1.549307,Job search activities
2023,050499,0.011383,"Job search and Interviewing, n.e.c."
2023,059999,0.112711,"Work and work-related activities, n.e.c."
2023,060101,12.010950,"Taking class for degree, certification, or licensure"
2023,060102,0.350814,Taking class for personal interest
2023,060103,0.101051,Waiting associated with taking classes
2023,060199,0.021219,"Taking class, n.e.c."
2023,060201,0.024663,Extracurricular club activities
2023,060202,0.132699,Extracurricular music & performance activities
2023,060301,9.029399,"Research/homework for class for degree, certification, or licensure"
2023,060302,0.387518,Research/homework for class for pers. interest
2023,060399,0.136199,Research/homework n.e.c.
2023,060401,0.041354,"Administrative activities: class for degree, certification, or licensure"
2023,060499,0.024771,"Administrative for education, n.e.c."
2023,069999,0.178919,"Education, n.e.c."
2023,070101,6.205449,Grocery shopping
2023,070102,0.303700,Purchasing gas
2023,070103,1.617365,Purchasing food (not groceries)
2023,070104,10.144148,"Shopping, except groceries, food and gas"
2023,070105,0.149334,Waiting associated with shopping
2023,070201,0.108378,Comparison shopping
2023,080201,0.177997,Banking
2023,080202,0.093146,Using other financial services
2023,080203,0.000194,Waiting associated w/banking/financial services
2023,080299,0.010855,"Using financial services and banking, n.e.c."
2023,080301,0.011617,Using legal services
2023,080401,2.966704,Using health and care services outside the home
2023,080402,0.135688,Using in-home health and care services
2023,080403,0.251076,Waiting associated with medical services
2023,080499,0.027816,"Using medical services, n.e.c."
2023,080501,0.886588,Using personal care services
2023,080502,0.017282,Waiting associated w/personal care services
2023,080601,0.133482,Activities rel. to purchasing/selling real estate
2023,080699,0.001844,"Using real estate services, n.e.c."
2023,080701,0.184429,Using veterinary services
2023,080702,0.017582,Waiting associated with veterinary services
2023,089999,0.017258,"Professional and personal services, n.e.c."
2023,090101,0.009288,Using interior cleaning services
2023,090103,0.016475,Using clothing repair and cleaning services
2023,090201,0.175787,Using home maint/repair/decor/construction svcs
2023,090202,0.037818,Waiting associated w/ home main/repair/decor/constr
2023,090299,0.004900,"Using home maint/repair/decor/constr services, n.e.c."
2023,090301,0.042615,Using pet services
2023,090302,0.001728,Waiting associated with pet services
2023,090401,0.022818,Using lawn and garden services
2023,090402,0.000252,Waiting associated with using lawn & garden services
2023,090501,0.251450,Using vehicle maintenance or repair services
2023,090502,0.055659,Waiting associated with vehicle main. or repair svcs
2023,090599,0.020516,"Using vehicle maint. & repair svcs, n.e.c."
2023,099999,0.015354,"Using household services, n.e.c."
2023,100101,0.003565,Using police and fire services
2023,100102,0.007720,Using social services
2023,100103,0.048899,"Obtaining licenses & paying fines, fees, taxes"
2023,100199,0.010378,"Using government services, n.e.c."
2023,100201,0.037977,Civic obligations & participation
2023,100299,0.024980,"Civic obligations & participation, n.e.c."
2023,100381,0.024337,Waiting associated w/ using government services
2023,110101,66.129045,Eating and drinking
2023,110281,0.204144,Waiting associated w/eating & drinking
2023,110289,0.033449,"Waiting associated with eating & drinking, n.e.c."
2023,120101,30.315866,Socializing and communicating with others
2023,120201,3.267814,Attending or hosting parties/receptions/ceremonies
2023,120202,0.765474,Attending meetings for personal interest (not volunteering)
2023,120301,23.314658,"Relaxing, thinking"
2023,120302,0.224711,Tobacco and drug use
2023,120303,159.813775,Television and movies (not religious)
2023,120304,0.202822,Television (religious)
2023,120305,1.481285,Listening to the radio
2023,120306,1.888546,Listening to/playing music (not radio)
2023,120307,21.890043,Playing games
2023,120308,11.977047,Computer use for leisure (exc. Games)
2023,120309,2.477280,Arts and crafts as a hobby
2023,120310,0.042227,Collecting as a hobby
2023,120311,0.215175,"Hobbies, except arts & crafts and collecting"
2023,120312,15.721195,Reading for personal interest
2023,120313,0.502028,Writing for personal interest
2023,120399,0.203435,"Relaxing and leisure, n.e.c."
2023,120401,0.950299,Attending performing arts
2023,120402,0.306093,Attending museums
2023,120403,0.774394,Attending movies/film
2023,120404,0.164084,Attending gambling establishments
2023,120499,1.292675,"Arts and entertainment, n.e.c."
2023,120501,0.017944,Waiting assoc. w/socializing & communicating
2023,120502,0.010060,Waiting assoc. w/attending/hosting social events
2023,120504,0.039032,Waiting associated with arts & entertainment
2023,129999,0.003070,"Socializing, relaxing, and leisure, n.e.c."
2023,130101,0.261841,Doing aerobics
2023,130102,0.042648,Playing baseball
2023,130103,0.773124,Playing basketball
2023,130104,0.683561,Biking
2023,130105,0.154078,Playing billiards
2023,130106,0.341471,Boating
2023,130107,0.047542,Bowling
2023,130108,0.166783,"Climbing, spelunking, caving"
2023,130109,0.332676,Dancing
2023,130110,0.021005,Participating in equestrian sports
2023,130112,0.520697,Fishing
2023,130113,0.163839,Playing football
2023,130114,1.113836,Golfing
2023,130115,0.004810,Doing gymnastics
2023,130116,0.447084,Hiking
2023,130118,0.193807,Hunting
2023,130119,0.062185,Participating in martial arts
2023,130120,0.499049,Playing racquet sports
2023,130122,0.108340,Rollerblading
2023,130123,0.087586,Playing rugby
2023,130124,0.866325,Running
2023,130125,0.065545,"Skiing, ice skating, snowboarding"
2023,130126,0.253523,Playing soccer
2023,130127,0.043053,Softball
2023,130128,0.305854,Using cardiovascular equipment
2023,130129,0.216419,Vehicle touring/racing
2023,130130,0.234707,Playing volleyball
2023,130131,4.126720,Walking
2023,130132,1.061110,Participating in water sports
2023,130133,2.563900,Weightlifting/strength training
2023,130134,2.017874,"Working out, unspecified"
2023,130136,0.488689,Doing yoga
2023,130199,0.542514,Playing sports n.e.c.
2023,130202,0.377770,Watching baseball
2023,130203,0.157679,Watching basketball
2023,130205,0.014936,Watching billiards
2023,130207,0.054340,Watching bowling
2023,130209,0.011932,Watching dancing
2023,130210,0.068065,Watching equestrian sports
2023,130213,0.306053,Watching football
2023,130214,0.018121,Watching golfing
2023,130216,0.266544,Watching hockey
2023,130218,0.014289,Watching racquet sports
2023,130222,0.015269,Watching running
2023,130224,0.230106,Watching soccer
2023,130225,0.070318,Watching softball
2023,130226,0.038115,Watching vehicle touring/racing
2023,130227,0.078619,Watching volleyball
2023,130232,0.006319,Watching wrestling
2023,130299,0.047595,"Attending sporting events, n.e.c."
2023,130301,0.024894,Waiting related to playing sports or exercising
2023,130302,0.003992,Waiting related to attending sporting events
2023,130399,0.010917,"Waiting associated with sports, exercise, & recreation, n.e.c."
2023,139999,0.024332,"Sports, exercise, & recreation, n.e.c."
2023,140101,3.763694,Attending religious services
2023,140102,2.492506,Participation in religious practices
2023,140103,0.033679,Waiting associated w/religious & spiritual activities
2023,140105,0.497898,Religious education activities
2023,149999,0.052839,"Religious and spiritual activities, n.e.c."
2023,150101,0.345981,Computer use
2023,150102,0.377137,Organizing and preparing
2023,150103,0.063111,Reading
2023,150104,0.086776,Telephone calls (except hotline counseling)
2023,150105,0.039756,Writing
2023,150106,0.063618,Fundraising
2023,150199,0.155951,"Administrative & support activities, n.e.c."
2023,150201,0.534729,"Food preparation, presentation, clean-up"
2023,150202,0.069081,Collecting & delivering clothing & other goods
2023,150203,0.322411,Providing care
2023,150204,0.596543,"Teaching, leading, counseling, mentoring"
2023,150299,0.232788,"Social service & care activities, n.e.c."
2023,150301,0.012432,"Building houses, wildlife sites, & other structures"
2023,150302,0.220252,"Indoor & outdoor maintenance, repair, & clean-up"
2023,150399,0.022439,"Indoor & outdoor maintenance, building & clean-up activities, n.e.c."
2023,150401,0.257782,Performing
2023,150402,0.337402,Serving at volunteer events & cultural activities
2023,150499,0.001621,"Participating in performance & cultural activities, n.e.c."
2023,150501,0.676602,"Attending meetings, conferences, & training"
2023,150601,0.000584,Public health activities
2023,150602,0.038466,Public safety activities
2023,159989,1.323374,"Volunteer activities, n.e.c."
2023,160101,2.675850,Telephone calls to/from family members
2023,160102,3.358703,"Telephone calls to/from friends, neighbors, or acquaintances"
2023,160103,0.001722,Telephone calls to/from education services providers
2023,160104,0.016621,Telephone calls to/from salespeople
2023,160105,0.165529,Telephone calls to/from professional or personal care svcs providers
2023,160106,0.102544,Telephone calls to/from household services providers
2023,160108,0.019279,Telephone calls to/from government officials
2023,169989,0.773402,"Telephone calls, n.e.c."
2023,180101,0.924763,Travel related to personal care
2023,180280,2.027673,Travel related to household activities
2023,180381,4.005221,Travel related to caring for and helping hh children
2023,180382,0.918385,Travel related to caring for and helping hh adults
2023,180481,0.712273,Travel related to caring for and helping nonhh children
2023,180482,2.101560,Travel related to caring for and helping nonhh adults
2023,180501,14.154899,Travel related to working
2023,180502,0.037513,Travel related to work-related activities
2023,180589,0.270645,"Travel related to work, n.e.c."
2023,180601,0.975097,Travel related to taking class
2023,180682,0.126024,Travel related to education (except taking class)
2023,180699,0.002028,"Travel related to education, n.e.c."
2023,180701,3.204791,Travel related to grocery shopping
2023,180782,9.539326,Travel related to shopping (except grocery shopping)
2023,180801,0.016270,Travel related to using childcare services
2023,180802,0.214890,Travel related to using financial services and banking
2023,180803,0.016949,Travel related to using legal services
2023,180804,1.157016,Travel related to using medical services
2023,180805,0.355156,Travel related to using personal care services
2023,180806,0.068093,Travel related to using real estate services
2023,180807,0.126055,Travel related to using veterinary services
2023,180899,0.059704,"Travel rel. to using prof. & personal care services, n.e.c."
2023,180901,0.027333,Travel related to using household services
2023,180902,0.016974,Travel related to using home main./repair/decor./construction svcs
2023,180903,0.044152,Travel related to using pet services (not vet)
2023,180904,0.002705,Travel related to using lawn and garden services
2023,180905,0.249112,Travel related to using vehicle maintenance & repair services
2023,181002,0.014559,Travel related to civic obligations & participation
2023,181081,0.096549,Travel related to using government services
2023,181101,5.569019,Travel related to eating and drinking
2023,181201,4.120191,Travel related to socializing and communicating
2023,181202,0.640811,Travel related to attending or hosting social events
2023,181204,0.876954,Travel related to arts and entertainment
2023,181283,2.135633,Travel related to relaxing and leisure
2023,181299,0.001535,"Travel rel. to socializing, relaxing, & leisure, n.e.c."
2023,181301,2.282018,Travel related to participating in sports/exercise/recreation
2023,181302,0.529256,Travel related to attending sporting/recreational events
2023,181399,0.004981,"Travel related to sports, exercise, & recreation, n.e.c."
2023,181401,1.007209,Travel related to religious/spiritual practices
2023,181501,0.692787,Travel related to volunteering
2023,181599,0.075415,"Travel related to volunteer activities, n.e.c."
2023,181601,0.099484,Travel related to phone calls
2023,181699,0.003389,"Travel rel. to phone calls, n.e.c."
2023,181801,0.128618,Security procedures related to traveling
2023,189999,2.557624,"Traveling, n.e.c."
2023,500101,5.375848,Insufficient detail in verbatim
2023,500103,0.535657,Missing travel or destination
2023,500105,0.185014,Respondent refused to provide information/none of your business
2023,500106,3.470838,Gap/can't remember
2023,500107,0.038464,Unable to code activity at 1st tier
2023,509989,0.079888,"Data codes, n.e.c."
2024,010101,537.879068,Sleeping
2024,010102,4.288854,Sleeplessness
2024,010201,41.551850,"Washing, dressing and grooming oneself"
2024,010299,0.004732,"Grooming, n.e.c."
2024,010301,3.000927,Health-related self care
2024,010399,0.100476,"Self care, n.e.c."
2024,010401,0.118812,Personal/Private activities
2024,010501,0.003525,Personal emergencies
2024,019999,0.005712,"Personal care, n.e.c."
2024,020101,24.156294,Interior cleaning
2024,020102,9.907596,Laundry
2024,020103,1.668094,"Sewing, repairing, & maintaining textiles"
2024,020104,1.298082,"Storing interior hh items, inc. food"
2024,020199,0.282211,"Housework, n.e.c."
2024,020201,31.960815,Food and drink preparation
2024,020202,0.256452,Food presentation
2024,020203,7.837650,Kitchen and food clean-up
2024,020301,2.746697,"Interior arrangement, decoration, & repairs"
2024,020302,0.346138,Building and repairing furniture
2024,020303,0.861916,Heating and cooling
2024,020401,1.948541,Exterior cleaning
2024,020402,1.758910,"Exterior repair, improvements, & decoration"
2024,020499,0.058393,"Exterior maintenance, repair & decoration, n.e.c."
2024,020501,11.843493,"Lawn, garden, and houseplant care"
2024,020502,0.106872,"Ponds, pools, and hot tubs"
2024,020599,0.015111,"Lawn and garden, n.e.c."
2024,020681,8.851455,Care for animals and pets (not veterinary care)
2024,020699,0.041081,"Pet and animal care, n.e.c."
2024,020701,2.018908,Vehicle repair and maintenance (by self)
2024,020799,0.016499,"Vehicles, n.e.c."
2024,020801,0.938054,"Appliance, tool, and toy set-up, repair, & maintenance (by self)"
2024,020899,0.006646,"Appliances and tools, n.e.c."
2024,020901,1.705446,Financial management
2024,020902,7.202099,Household & personal organization and planning
2024,020903,0.774563,HH & personal mail & messages (except e-mail)
2024,020904,1.781233,HH & personal e-mail and messages
2024,020905,0.148994,Home security
2024,020999,0.013167,"Household management, n.e.c."
2024,029999,0.104926,"Household activities, n.e.c."
2024,030101,8.967205,Physical care for hh children
2024,030102,0.611297,Reading to/with hh children
2024,030103,5.132046,"Playing with hh children, not sports"
2024,030104,0.071414,Arts and crafts with hh children
2024,030105,0.312421,Playing sports with hh children
2024,030108,0.357561,Organization & planning for hh children
2024,030109,1.193149,Looking after hh children (as a primary activity)
2024,030110,1.503283,Attending hh children's events
2024,030111,0.566375,Waiting for/with hh children
2024,030112,1.084853,Picking up/dropping off hh children
2024,030186,0.774205,Talking with/listening to hh children
2024,030199,0.119957,"Caring for & helping hh children, n.e.c."
2024,030201,0.998458,Homework (hh children)
2024,030202,0.066455,Meetings and school conferences (hh children)
2024,030203,0.253909,Home schooling of hh children
2024,030299,0.023905,"Activities related to hh child's education, n.e.c."
2024,030301,0.191469,Providing medical care to hh children
2024,030302,0.355098,Obtaining medical care for hh children
2024,030303,0.100890,Waiting associated with hh children's health
2024,030399,0.030725,"Activities related to hh child's health, n.e.c."
2024,030401,0.609587,Physical care for hh adults
2024,030402,0.141085,Looking after hh adult (as a primary activity)
2024,030403,0.288143,Providing medical care to hh adult
2024,030404,0.408172,Obtaining medical and care services for hh adult
2024,030405,0.182949,Waiting associated with caring for household adults
2024,030499,0.153485,"Caring for household adults, n.e.c."
2024,030501,0.161877,Helping hh adults
2024,030502,0.173678,Organization & planning for hh adults
2024,030503,0.146355,Picking up/dropping off hh adult
2024,030504,0.327327,Waiting associated with helping hh adults
2024,030599,0.033680,"Helping household adults, n.e.c."
2024,039999,0.024926,"Caring for & helping hh members, n.e.c."
2024,040101,0.692035,Physical care for nonhh children
2024,040102,0.050527,Reading to/with nonhh children
2024,040103,1.248470,"Playing with nonhh children, not sports"
2024,040104,0.007133,Arts and crafts with nonhh children
2024,040105,0.001445,Playing sports with nonhh children
2024,040108,0.010892,Organization & planning for nonhh children
2024,040109,0.464778,Looking after nonhh children (as primary activity)
2024,040110,0.362051,Attending nonhh children's events
2024,040111,0.150350,Waiting for/with nonhh children
2024,040112,0.197532,Dropping off/picking up nonhh children
2024,040186,0.419171,Talking with/listening to nonhh children
2024,040199,0.040480,"Caring for and helping nonhh children, n.e.c."
2024,040201,0.018669,Homework (nonhh children)
2024,040203,0.003667,Home schooling of nonhh children
2024,040299,0.008309,"Activities related to nonhh child's educ., n.e.c."
2024,040301,0.002229,Providing medical care to nonhh children
2024,040302,0.045959,Obtaining medical care for nonhh children
2024,040303,0.003494,Waiting associated with nonhh children's health
2024,040401,0.363550,Physical care for nonhh adults
2024,040402,0.032139,Looking after nonhh adult (as a primary activity)
2024,040403,0.057118,Providing medical care to nonhh adult
2024,040404,0.176602,Obtaining medical and care services for nonhh adult
2024,040405,0.089889,Waiting associated with caring for nonhh adults
2024,040499,0.089410,"Caring for nonhh adults, n.e.c."
2024,040501,0.379827,"Housework, cooking, & shopping assistance for nonhh adults"
2024,040502,0.920993,House & lawn maintenance & repair assistance for nonhh adults
2024,040503,0.366893,Animal & pet care assistance for nonhh adults
2024,040504,0.327599,Vehicle & appliance maintenance/repair assistance for nonhh adults
2024,040505,0.049720,Financial management assistance for nonhh adults
2024,040506,0.283728,Household management & paperwork assistance for nonhh adults
2024,040507,0.243517,Picking up/dropping off nonhh adult
2024,040508,0.273648,Waiting associated with helping nonhh adults
2024,040599,0.074420,"Helping nonhh adults, n.e.c."
2024,049999,0.002771,"Caring for & helping nonhh members, n.e.c."
2024,050101,183.185986,"Work, main job"
2024,050102,4.595890,"Work, other job(s)"
2024,050189,0.278925,"Working, n.e.c."
2024,050201,0.053623,"Socializing, relaxing, and leisure as part of job"
2024,050202,0.019691,Eating and drinking as part of job
2024,050203,0.019524,Sports and exercise as part of job
2024,050289,0.002703,"Work-related activities, n.e.c."
2024,050301,0.176118,"Income-generating hobbies, crafts, and food"
2024,050302,0.001596,Income-generating performances
2024,050303,0.353644,Income-generating services
2024,050304,0.012876,Income-generating rental property activities
2024,050389,0.708239,"Other income-generating activities, n.e.c."
2024,050403,0.139909,Job interviewing
2024,050481,1.157555,Job search activities
2024,059999,0.044484,"Work and work-related activities, n.e.c."
2024,060101,12.926128,"Taking class for degree, certification, or licensure"
2024,060102,0.345391,Taking class for personal interest
2024,060103,0.086828,Waiting associated with taking classes
2024,060104,0.000420,Security procedures rel. to taking classes
2024,060199,0.051717,"Taking class, n.e.c."
2024,060201,0.072338,Extracurricular club activities
2024,060202,0.075483,Extracurricular music & performance activities
2024,060289,0.035424,"Education-related extracurricular activities, n.e.c."
2024,060301,8.949986,"Research/homework for class for degree, certification, or licensure"
2024,060302,0.175303,Research/homework for class for pers. interest
2024,060399,0.409500,Research/homework n.e.c.
2024,060401,0.300302,"Administrative activities: class for degree, certification, or licensure"
2024,060402,0.000366,Administrative activities: class for personal interest
2024,060499,0.077756,"Administrative for education, n.e.c."
2024,069999,0.150473,"Education, n.e.c."
2024,070101,6.368745,Grocery shopping
2024,070102,0.314719,Purchasing gas
2024,070103,1.429506,Purchasing food (not groceries)
2024,070104,9.840161,"Shopping, except groceries, food and gas"
2024,070105,0.208609,Waiting associated with shopping
2024,070199,0.001676,"Shopping, n.e.c."
2024,070201,0.215686,Comparison shopping
2024,080101,0.004234,Using paid childcare services
2024,080102,0.001853,Waiting associated w/purchasing childcare svcs
2024,080201,0.212060,Banking
2024,080202,0.250949,Using other financial services
2024,080203,0.002391,Waiting associated w/banking/financial services
2024,080299,0.007116,"Using financial services and banking, n.e.c."
2024,080301,0.026313,Using legal services
2024,080401,2.887678,Using health and care services outside the home
2024,080402,0.061279,Using in-home health and care services
2024,080403,0.319332,Waiting associated with medical services
2024,080499,0.011162,"Using medical services, n.e.c."
2024,080501,1.297885,Using personal care services
2024,080502,0.042387,Waiting associated w/personal care services
2024,080601,0.120026,Activities rel. to purchasing/selling real estate
2024,080701,0.157839,Using veterinary services
2024,080702,0.078734,Waiting associated with veterinary services
2024,089999,0.000710,"Professional and personal services, n.e.c."
2024,090101,0.001356,Using interior cleaning services
2024,090102,0.006411,Using meal preparation services
2024,090103,0.042046,Using clothing repair and cleaning services
2024,090199,0.000364,"Using household services, n.e.c."
2024,090201,0.147662,Using home maint/repair/decor/construction svcs
2024,090202,0.191694,Waiting associated w/ home main/repair/decor/constr
2024,090301,0.026829,Using pet services
2024,090302,0.001778,Waiting associated with pet services
2024,090401,0.039438,Using lawn and garden services
2024,090402,0.001162,Waiting associated with using lawn & garden services
2024,090501,0.202711,Using vehicle maintenance or repair services
2024,090502,0.138923,Waiting associated with vehicle main. or repair svcs
2024,090599,0.000656,"Using vehicle maint. & repair svcs, n.e.c."
2024,100102,0.015100,Using social services
2024,100103,0.063764,"Obtaining licenses & paying fines, fees, taxes"
2024,100199,0.025808,"Using government services, n.e.c."
2024,100201,0.207291,Civic obligations & participation
2024,100299,0.004767,"Civic obligations & participation, n.e.c."
2024,100381,0.025816,Waiting associated w/ using government services
2024,100383,0.018051,Waiting associated w/civic obligations & participation
2024,110101,67.810879,Eating and drinking
2024,110281,0.313945,Waiting associated w/eating & drinking
2024,120101,31.825614,Socializing and communicating with others
2024,120201,2.933005,Attending or hosting parties/receptions/ceremonies
2024,120202,0.278021,Attending meetings for personal interest (not volunteering)
2024,120299,0.079124,"Attending/hosting social events, n.e.c."
2024,120301,21.881868,"Relaxing, thinking"
2024,120302,0.231432,Tobacco and drug use
2024,120303,155.866603,Television and movies (not religious)
2024,120304,0.162436,Television (religious)
2024,120305,1.339055,Listening to the radio
2024,120306,1.925504,Listening to/playing music (not radio)
2024,120307,21.978084,Playing games
2024,120308,12.055946,Computer use for leisure (exc. Games)
2024,120309,2.190550,Arts and crafts as a hobby
2024,120310,0.064126,Collecting as a hobby
2024,120311,0.195752,"Hobbies, except arts & crafts and collecting"
2024,120312,16.774248,Reading for personal interest
2024,120313,0.330028,Writing for personal interest
2024,120399,0.090219,"Relaxing and leisure, n.e.c."
2024,120401,0.818278,Attending performing arts
2024,120402,0.388771,Attending museums
2024,120403,0.507542,Attending movies/film
2024,120404,0.200309,Attending gambling establishments
2024,120499,1.362195,"Arts and entertainment, n.e.c."
2024,120501,0.028233,Waiting assoc. w/socializing & communicating
2024,120504,0.019130,Waiting associated with arts & entertainment
2024,129999,0.035766,"Socializing, relaxing, and leisure, n.e.c."
2024,130101,0.073259,Doing aerobics
2024,130102,0.093555,Playing baseball
2024,130103,0.218694,Playing basketball
2024,130104,0.847667,Biking
2024,130105,0.109262,Playing billiards
2024,130106,0.386080,Boating
2024,130107,0.152639,Bowling
2024,130108,0.041314,"Climbing, spelunking, caving"
2024,130109,0.174696,Dancing
2024,130110,0.123130,Participating in equestrian sports
2024,130112,0.745067,Fishing
2024,130113,0.108981,Playing football
2024,130114,0.726297,Golfing
2024,130116,0.434738,Hiking
2024,130117,0.066104,Playing hockey
2024,130118,0.318753,Hunting
2024,130119,0.067554,Participating in martial arts
2024,130120,0.832034,Playing racquet sports
2024,130122,0.013883,Rollerblading
2024,130124,0.712508,Running
2024,130125,0.174910,"Skiing, ice skating, snowboarding"
2024,130126,0.365405,Playing soccer
2024,130127,0.031368,Softball
2024,130128,0.233242,Using cardiovascular equipment
2024,130129,0.060826,Vehicle touring/racing
2024,130130,0.161771,Playing volleyball
2024,130131,4.302729,Walking
2024,130132,1.330320,Participating in water sports
2024,130133,2.136279,Weightlifting/strength training
2024,130134,2.322811,"Working out, unspecified"
2024,130135,0.041140,Wrestling
2024,130136,0.406714,Doing yoga
2024,130199,0.898757,Playing sports n.e.c.
2024,130202,0.305766,Watching baseball
2024,130203,0.212406,Watching basketball
2024,130204,0.006447,Watching biking
2024,130210,0.068048,Watching equestrian sports
2024,130213,0.411493,Watching football
2024,130216,0.001105,Watching hockey
2024,130218,0.111621,Watching racquet sports
2024,130219,0.061272,Watching rodeo competitions
2024,130222,0.021479,Watching running
2024,130224,0.194173,Watching soccer
2024,130225,0.051448,Watching softball
2024,130226,0.029264,Watching vehicle touring/racing
2024,130227,0.043129,Watching volleyball
2024,130232,0.024010,Watching wrestling
2024,130299,0.033141,"Attending sporting events, n.e.c."
2024,130301,0.062375,Waiting related to playing sports or exercising
2024,130302,0.013317,Waiting related to attending sporting events
2024,140101,4.298943,Attending religious services
2024,140102,3.370283,Participation in religious practices
2024,140103,0.026745,Waiting associated w/religious & spiritual activities
2024,140105,0.493886,Religious education activities
2024,150101,0.554474,Computer use
2024,150102,0.410723,Organizing and preparing
2024,150103,0.013303,Reading
2024,150104,0.345162,Telephone calls (except hotline counseling)
2024,150105,0.100557,Writing
2024,150106,0.130648,Fundraising
2024,150199,0.048959,"Administrative & support activities, n.e.c."
2024,150201,0.486000,"Food preparation, presentation, clean-up"
2024,150202,0.082713,Collecting & delivering clothing & other goods
2024,150203,0.341599,Providing care
2024,150204,0.816455,"Teaching, leading, counseling, mentoring"
2024,150299,0.151271,"Social service & care activities, n.e.c."
2024,150301,0.012497,"Building houses, wildlife sites, & other structures"
2024,150302,0.181576,"Indoor & outdoor maintenance, repair, & clean-up"
2024,150401,0.312518,Performing
2024,150402,0.861531,Serving at volunteer events & cultural activities
2024,150499,0.028359,"Participating in performance & cultural activities, n.e.c."
2024,150501,1.006900,"Attending meetings, conferences, & training"
2024,150601,0.123271,Public health activities
2024,150602,0.046664,Public safety activities
2024,159989,1.667938,"Volunteer activities, n.e.c."
2024,160101,3.137679,Telephone calls to/from family members
2024,160102,3.473399,"Telephone calls to/from friends, neighbors, or acquaintances"
2024,160103,0.000201,Telephone calls to/from education services providers
2024,160104,0.091451,Telephone calls to/from salespeople
2024,160105,0.252170,Telephone calls to/from professional or personal care svcs providers
2024,160106,0.040535,Telephone calls to/from household services providers
2024,160107,0.005151,Telephone calls to/from paid child or adult care providers
2024,160108,0.055920,Telephone calls to/from government officials
2024,169989,0.979158,"Telephone calls, n.e.c."
2024,180101,0.810345,Travel related to personal care
2024,180280,2.744263,Travel related to household activities
2024,180381,3.935775,Travel related to caring for and helping hh children
2024,180382,1.283342,Travel related to caring for and helping hh adults
2024,180481,0.718363,Travel related to caring for and helping nonhh children
2024,180482,1.835270,Travel related to caring for and helping nonhh adults
2024,180499,0.001662,"Travel rel. to caring for & helping nonhh members, n.e.c."
2024,180501,14.591700,Travel related to working
2024,180502,0.022742,Travel related to work-related activities
2024,180589,0.138890,"Travel related to work, n.e.c."
2024,180601,1.352615,Travel related to taking class
2024,180682,0.147091,Travel related to education (except taking class)
2024,180699,0.070101,"Travel related to education, n.e.c."
2024,180701,3.664180,Travel related to grocery shopping
2024,180782,9.110994,Travel related to shopping (except grocery shopping)
2024,180801,0.003707,Travel related to using childcare services
2024,180802,0.275023,Travel related to using financial services and banking
2024,180803,0.020614,Travel related to using legal services
2024,180804,1.561140,Travel related to using medical services
2024,180805,0.343631,Travel related to using personal care services
2024,180806,0.056036,Travel related to using real estate services
2024,180807,0.175298,Travel related to using veterinary services
2024,180899,0.009236,"Travel rel. to using prof. & personal care services, n.e.c."
2024,180901,0.055332,Travel related to using household services
2024,180902,0.012909,Travel related to using home main./repair/decor./construction svcs
2024,180903,0.080909,Travel related to using pet services (not vet)
2024,180904,0.000498,Travel related to using lawn and garden services
2024,180905,0.269198,Travel related to using vehicle maintenance & repair services
2024,181002,0.112430,Travel related to civic obligations & participation
2024,181081,0.061864,Travel related to using government services
2024,181101,6.067925,Travel related to eating and drinking
2024,181201,4.042929,Travel related to socializing and communicating
2024,181202,0.535270,Travel related to attending or hosting social events
2024,181204,0.775614,Travel related to arts and entertainment
2024,181283,2.185582,Travel related to relaxing and leisure
2024,181299,0.010118,"Travel rel. to socializing, relaxing, & leisure, n.e.c."
2024,181301,2.026147,Travel related to participating in sports/exercise/recreation
2024,181302,0.412636,Travel related to attending sporting/recreational events
2024,181399,0.001191,"Travel related to sports, exercise, & recreation, n.e.c."
2024,181401,1.158361,Travel related to religious/spiritual practices
2024,181501,0.848834,Travel related to volunteering
2024,181599,0.030432,"Travel related to volunteer activities, n.e.c."
2024,181601,0.112638,Travel related to phone calls
2024,181801,0.276435,Security procedures related to traveling
2024,189999,3.064859,"Traveling, n.e.c."
2024,500101,5.873795,Insufficient detail in verbatim
2024,500103,0.545625,Missing travel or destination
2024,500105,0.182986,Respondent refused to provide information/none of your business
2024,500106,2.507669,Gap/can't remember
2024,500107,0.002589,Unable to code activity at 1st tier
2024,509989,0.008815,"Data codes, n.e.c."
2025,010101,538.314121,Sleeping
2025,010102,3.648705,Sleeplessness
2025,010199,0.001373,"Sleeping, n.e.c."
2025,010201,40.480433,"Washing, dressing and grooming oneself"
2025,010301,4.700871,Health-related self care
2025,010399,0.057695,"Self care, n.e.c."
2025,010401,0.167281,Personal/Private activities
2025,020101,19.549092,Interior cleaning
2025,020102,10.245280,Laundry
2025,020103,1.832034,"Sewing, repairing, & maintaining textiles"
2025,020104,1.530629,"Storing interior hh items, inc. food"
2025,020199,0.379248,"Housework, n.e.c."
2025,020201,33.631191,Food and drink preparation
2025,020202,0.307824,Food presentation
2025,020203,8.776013,Kitchen and food clean-up
2025,020301,2.712964,"Interior arrangement, decoration, & repairs"
2025,020302,0.283333,Building and repairing furniture
2025,020303,0.444684,Heating and cooling
2025,020399,0.000526,"Interior maintenance, repair, & decoration, n.e.c."
2025,020401,2.376707,Exterior cleaning
2025,020402,0.764445,"Exterior repair, improvements, & decoration"
2025,020499,0.003835,"Exterior maintenance, repair & decoration, n.e.c."
2025,020501,11.332138,"Lawn, garden, and houseplant care"
2025,020502,0.091159,"Ponds, pools, and hot tubs"
2025,020599,0.004638,"Lawn and garden, n.e.c."
2025,020681,8.622926,Care for animals and pets (not veterinary care)
2025,020699,0.057028,"Pet and animal care, n.e.c."
2025,020701,2.151696,Vehicle repair and maintenance (by self)
2025,020799,0.006313,"Vehicles, n.e.c."
2025,020801,1.312708,"Appliance, tool, and toy set-up, repair, & maintenance (by self)"
2025,020901,2.007435,Financial management
2025,020902,8.153830,Household & personal organization and planning
2025,020903,1.051974,HH & personal mail & messages (except e-mail)
2025,020904,1.851646,HH & personal e-mail and messages
2025,020905,0.101991,Home security
2025,020999,0.035315,"Household management, n.e.c."
2025,029999,0.224409,"Household activities, n.e.c."
2025,030101,8.859240,Physical care for hh children
2025,030102,0.663602,Reading to/with hh children
2025,030103,4.492337,"Playing with hh children, not sports"
2025,030104,0.089032,Arts and crafts with hh children
2025,030105,0.187522,Playing sports with hh children
2025,030108,0.265256,Organization & planning for hh children
2025,030109,1.251330,Looking after hh children (as a primary activity)
2025,030110,0.980231,Attending hh children's events
2025,030111,0.608088,Waiting for/with hh children
2025,030112,0.951761,Picking up/dropping off hh children
2025,030186,0.954607,Talking with/listening to hh children
2025,030199,0.066182,"Caring for & helping hh children, n.e.c."
2025,030201,1.111677,Homework (hh children)
2025,030202,0.066361,Meetings and school conferences (hh children)
2025,030203,0.654287,Home schooling of hh children
2025,030299,0.033986,"Activities related to hh child's education, n.e.c."
2025,030301,0.132586,Providing medical care to hh children
2025,030302,0.203363,Obtaining medical care for hh children
2025,030303,0.056180,Waiting associated with hh children's health
2025,030401,1.082099,Physical care for hh adults
2025,030402,0.023513,Looking after hh adult (as a primary activity)
2025,030403,0.227958,Providing medical care to hh adult
2025,030404,0.154070,Obtaining medical and care services for hh adult
2025,030405,0.446037,Waiting associated with caring for household adults
2025,030499,0.022741,"Caring for household adults, n.e.c."
2025,030501,0.297007,Helping hh adults
2025,030502,0.186388,Organization & planning for hh adults
2025,030503,0.176195,Picking up/dropping off hh adult
2025,030504,0.391658,Waiting associated with helping hh adults
2025,030599,0.134302,"Helping household adults, n.e.c."
2025,040101,0.434968,Physical care for nonhh children
2025,040102,0.012957,Reading to/with nonhh children
2025,040103,0.835982,"Playing with nonhh children, not sports"
2025,040105,0.035640,Playing sports with nonhh children
2025,040108,0.018138,Organization & planning for nonhh children
2025,040109,0.581982,Looking after nonhh children (as primary activity)
2025,040110,0.254136,Attending nonhh children's events
2025,040111,0.036403,Waiting for/with nonhh children
2025,040112,0.143651,Dropping off/picking up nonhh children
2025,040186,0.086308,Talking with/listening to nonhh children
2025,040199,0.149207,"Caring for and helping nonhh children, n.e.c."
2025,040201,0.017211,Homework (nonhh children)
2025,040203,0.055931,Home schooling of nonhh children
2025,040302,0.008401,Obtaining medical care for nonhh children
2025,040303,0.002047,Waiting associated with nonhh children's health
2025,040401,0.222299,Physical care for nonhh adults
2025,040402,0.026033,Looking after nonhh adult (as a primary activity)
2025,040403,0.084653,Providing medical care to nonhh adult
2025,040404,0.109022,Obtaining medical and care services for nonhh adult
2025,040405,0.142619,Waiting associated with caring for nonhh adults
2025,040499,0.254602,"Caring for nonhh adults, n.e.c."
2025,040501,0.557166,"Housework, cooking, & shopping assistance for nonhh adults"
2025,040502,0.512061,House & lawn maintenance & repair assistance for nonhh adults
2025,040503,0.293632,Animal & pet care assistance for nonhh adults
2025,040504,0.135335,Vehicle & appliance maintenance/repair assistance for nonhh adults
2025,040505,0.160576,Financial management assistance for nonhh adults
2025,040506,0.610269,Household management & paperwork assistance for nonhh adults
2025,040507,0.315925,Picking up/dropping off nonhh adult
2025,040508,0.119068,Waiting associated with helping nonhh adults
2025,040599,0.488227,"Helping nonhh adults, n.e.c."
2025,050101,176.956689,"Work, main job"
2025,050102,4.625790,"Work, other job(s)"
2025,050103,0.005844,Security procedures related to work
2025,050189,0.217748,"Working, n.e.c."
2025,050201,0.015716,"Socializing, relaxing, and leisure as part of job"
2025,050202,0.020356,Eating and drinking as part of job
2025,050289,0.009123,"Work-related activities, n.e.c."
2025,050301,0.166796,"Income-generating hobbies, crafts, and food"
2025,050302,0.016569,Income-generating performances
2025,050303,1.112624,Income-generating services
2025,050304,0.009703,Income-generating rental property activities
2025,050389,0.715004,"Other income-generating activities, n.e.c."
2025,050403,0.120524,Job interviewing
2025,050481,1.678981,Job search activities
2025,060101,11.964939,"Taking class for degree, certification, or licensure"
2025,060102,0.450105,Taking class for personal interest
2025,060103,0.081329,Waiting associated with taking classes
2025,060199,0.062447,"Taking class, n.e.c."
2025,060201,0.024293,Extracurricular club activities
2025,060202,0.066178,Extracurricular music & performance activities
2025,060289,0.141096,"Education-related extracurricular activities, n.e.c."
2025,060301,11.678502,"Research/homework for class for degree, certification, or licensure"
2025,060302,0.307268,Research/homework for class for pers. interest
2025,060399,0.156015,Research/homework n.e.c.
2025,060401,0.071327,"Administrative activities: class for degree, certification, or licensure"
2025,069999,0.084271,"Education, n.e.c."
2025,070101,7.021092,Grocery shopping
2025,070102,0.404538,Purchasing gas
2025,070103,1.231066,Purchasing food (not groceries)
2025,070104,9.159420,"Shopping, except groceries, food and gas"
2025,070105,0.077890,Waiting associated with shopping
2025,070201,0.190945,Comparison shopping
2025,080101,0.010054,Using paid childcare services
2025,080102,0.001920,Waiting associated w/purchasing childcare svcs
2025,080201,0.267384,Banking
2025,080202,0.105168,Using other financial services
2025,080203,0.008068,Waiting associated w/banking/financial services
2025,080301,0.055357,Using legal services
2025,080302,0.023032,Waiting associated with legal services
2025,080399,0.016655,"Using legal services, n.e.c."
2025,080401,3.892241,Using health and care services outside the home
2025,080402,0.079535,Using in-home health and care services
2025,080403,0.338630,Waiting associated with medical services
2025,080499,0.012335,"Using medical services, n.e.c."
2025,080501,1.016355,Using personal care services
2025,080502,0.081375,Waiting associated w/personal care services
2025,080601,0.188602,Activities rel. to purchasing/selling real estate
2025,080701,0.055002,Using veterinary services
2025,080702,0.061556,Waiting associated with veterinary services
2025,080801,0.000424,Security procedures rel. to professional/personal svcs.
2025,089999,0.003782,"Professional and personal services, n.e.c."
2025,090101,0.002052,Using interior cleaning services
2025,090103,0.012480,Using clothing repair and cleaning services
2025,090104,0.014632,Waiting associated with using household services
2025,090199,0.003916,"Using household services, n.e.c."
2025,090201,0.297718,Using home maint/repair/decor/construction svcs
2025,090202,0.196159,Waiting associated w/ home main/repair/decor/constr
2025,090301,0.039734,Using pet services
2025,090302,0.007039,Waiting associated with pet services
2025,090401,0.038679,Using lawn and garden services
2025,090501,0.297353,Using vehicle maintenance or repair services
2025,090502,0.224822,Waiting associated with vehicle main. or repair svcs
2025,090599,0.001553,"Using vehicle maint. & repair svcs, n.e.c."
2025,099999,0.007425,"Using household services, n.e.c."
2025,100101,0.013088,Using police and fire services
2025,100102,0.019930,Using social services
2025,100103,0.055463,"Obtaining licenses & paying fines, fees, taxes"
2025,100199,0.001327,"Using government services, n.e.c."
2025,100201,0.153018,Civic obligations & participation
2025,100381,0.061808,Waiting associated w/ using government services
2025,110101,66.505622,Eating and drinking
2025,110281,0.286685,Waiting associated w/eating & drinking
2025,120101,31.443607,Socializing and communicating with others
2025,120201,3.221955,Attending or hosting parties/receptions/ceremonies
2025,120202,0.326196,Attending meetings for personal interest (not volunteering)
2025,120301,20.895304,"Relaxing, thinking"
2025,120302,0.330080,Tobacco and drug use
2025,120303,156.359459,Television and movies (not religious)
2025,120304,0.272875,Television (religious)
2025,120305,0.911291,Listening to the radio
2025,120306,1.980819,Listening to/playing music (not radio)
2025,120307,23.973974,Playing games
2025,120308,13.353860,Computer use for leisure (exc. Games)
2025,120309,2.223670,Arts and crafts as a hobby
2025,120310,0.045323,Collecting as a hobby
2025,120311,0.145763,"Hobbies, except arts & crafts and collecting"
2025,120312,16.133717,Reading for personal interest
2025,120313,0.320964,Writing for personal interest
2025,120399,0.194860,"Relaxing and leisure, n.e.c."
2025,120401,0.650115,Attending performing arts
2025,120402,0.259475,Attending museums
2025,120403,0.917799,Attending movies/film
2025,120404,0.698892,Attending gambling establishments
2025,120405,0.000096,Security procedures rel. to arts & entertainment
2025,120499,1.279741,"Arts and entertainment, n.e.c."
2025,120501,0.057445,Waiting assoc. w/socializing & communicating
2025,120502,0.022296,Waiting assoc. w/attending/hosting social events
2025,120504,0.010192,Waiting associated with arts & entertainment
2025,129999,0.020779,"Socializing, relaxing, and leisure, n.e.c."
2025,130101,0.212469,Doing aerobics
2025,130102,0.060129,Playing baseball
2025,130103,1.044851,Playing basketball
2025,130104,0.710299,Biking
2025,130105,0.193896,Playing billiards
2025,130106,0.301542,Boating
2025,130107,0.054754,Bowling
2025,130108,0.050433,"Climbing, spelunking, caving"
2025,130109,0.223548,Dancing
2025,130110,0.011836,Participating in equestrian sports
2025,130112,0.699749,Fishing
2025,130113,0.173342,Playing football
2025,130114,0.893994,Golfing
2025,130116,0.355111,Hiking
2025,130118,0.220211,Hunting
2025,130119,0.112571,Participating in martial arts
2025,130120,0.411132,Playing racquet sports
2025,130122,0.087352,Rollerblading
2025,130124,1.067425,Running
2025,130125,0.220204,"Skiing, ice skating, snowboarding"
2025,130126,0.580999,Playing soccer
2025,130128,0.270594,Using cardiovascular equipment
2025,130129,0.009876,Vehicle touring/racing
2025,130130,0.055776,Playing volleyball
2025,130131,5.399436,Walking
2025,130132,1.189819,Participating in water sports
2025,130133,2.907100,Weightlifting/strength training
2025,130134,1.715455,"Working out, unspecified"
2025,130135,0.036869,Wrestling
2025,130136,0.536264,Doing yoga
2025,130199,0.799231,Playing sports n.e.c.
2025,130202,0.306155,Watching baseball
2025,130203,0.349067,Watching basketball
2025,130213,0.326677,Watching football
2025,130214,0.165748,Watching golfing
2025,130216,0.099205,Watching hockey
2025,130219,0.001878,Watching rodeo competitions
2025,130223,0.012413,"Watching skiing, ice skating, snowboarding"
2025,130224,0.053024,Watching soccer
2025,130225,0.078159,Watching softball
2025,130226,0.025424,Watching vehicle touring/racing
2025,130227,0.055307,Watching volleyball
2025,130229,0.058736,Watching water sports
2025,130230,0.016897,Watching weightlifting/strength training
2025,130232,0.077065,Watching wrestling
2025,130299,0.076610,"Attending sporting events, n.e.c."
2025,130301,0.020761,Waiting related to playing sports or exercising
2025,130302,0.007288,Waiting related to attending sporting events
2025,130399,0.007656,"Waiting associated with sports, exercise, & recreation, n.e.c."
2025,139999,0.011259,"Sports, exercise, & recreation, n.e.c."
2025,140101,4.274465,Attending religious services
2025,140102,2.889524,Participation in religious practices
2025,140103,0.044176,Waiting associated w/religious & spiritual activities
2025,140105,0.689127,Religious education activities
2025,149999,0.019542,"Religious and spiritual activities, n.e.c."
2025,150101,0.464612,Computer use
2025,150102,0.537414,Organizing and preparing
2025,150103,0.044611,Reading
2025,150104,0.143703,Telephone calls (except hotline counseling)
2025,150105,0.015478,Writing
2025,150106,0.099300,Fundraising
2025,150199,0.232509,"Administrative & support activities, n.e.c."
2025,150201,0.495656,"Food preparation, presentation, clean-up"
2025,150202,0.161771,Collecting & delivering clothing & other goods
2025,150203,0.201825,Providing care
2025,150204,1.212966,"Teaching, leading, counseling, mentoring"
2025,150299,0.166794,"Social service & care activities, n.e.c."
2025,150302,0.246582,"Indoor & outdoor maintenance, repair, & clean-up"
2025,150401,0.087296,Performing
2025,150402,0.512858,Serving at volunteer events & cultural activities
2025,150499,0.065948,"Participating in performance & cultural activities, n.e.c."
2025,150501,0.717795,"Attending meetings, conferences, & training"
2025,150601,0.015958,Public health activities
2025,150602,0.009905,Public safety activities
2025,159989,1.382268,"Volunteer activities, n.e.c."
2025,160101,3.482331,Telephone calls to/from family members
2025,160102,3.690044,"Telephone calls to/from friends, neighbors, or acquaintances"
2025,160103,0.054681,Telephone calls to/from education services providers
2025,160104,0.052887,Telephone calls to/from salespeople
2025,160105,0.392676,Telephone calls to/from professional or personal care svcs providers
2025,160106,0.114244,Telephone calls to/from household services providers
2025,160107,0.027437,Telephone calls to/from paid child or adult care providers
2025,160108,0.002069,Telephone calls to/from government officials
2025,169989,0.809874,"Telephone calls, n.e.c."
2025,180101,0.680726,Travel related to personal care
2025,180280,2.618898,Travel related to household activities
2025,180381,3.438362,Travel related to caring for and helping hh children
2025,180382,1.205273,Travel related to caring for and helping hh adults
2025,180481,0.573929,Travel related to caring for and helping nonhh children
2025,180482,1.752025,Travel related to caring for and helping nonhh adults
2025,180501,13.133761,Travel related to working
2025,180502,0.003483,Travel related to work-related activities
2025,180589,0.144606,"Travel related to work, n.e.c."
2025,180601,1.177433,Travel related to taking class
2025,180682,0.125485,Travel related to education (except taking class)
2025,180699,0.016503,"Travel related to education, n.e.c."
2025,180701,3.972409,Travel related to grocery shopping
2025,180782,8.682156,Travel related to shopping (except grocery shopping)
2025,180802,0.287497,Travel related to using financial services and banking
2025,180803,0.028643,Travel related to using legal services
2025,180804,1.627724,Travel related to using medical services
2025,180805,0.457263,Travel related to using personal care services
2025,180806,0.108693,Travel related to using real estate services
2025,180807,0.083093,Travel related to using veterinary services
2025,180899,0.007542,"Travel rel. to using prof. & personal care services, n.e.c."
2025,180901,0.035110,Travel related to using household services
2025,180902,0.025056,Travel related to using home main./repair/decor./construction svcs
2025,180903,0.030937,Travel related to using pet services (not vet)
2025,180904,0.003174,Travel related to using lawn and garden services
2025,180905,0.389424,Travel related to using vehicle maintenance & repair services
2025,181002,0.043997,Travel related to civic obligations & participation
2025,181081,0.057700,Travel related to using government services
2025,181101,5.937542,Travel related to eating and drinking
2025,181201,4.184848,Travel related to socializing and communicating
2025,181202,0.726568,Travel related to attending or hosting social events
2025,181204,0.897638,Travel related to arts and entertainment
2025,181283,2.046574,Travel related to relaxing and leisure
2025,181301,2.959429,Travel related to participating in sports/exercise/recreation
2025,181302,0.408955,Travel related to attending sporting/recreational events
2025,181399,0.009934,"Travel related to sports, exercise, & recreation, n.e.c."
2025,181401,1.150207,Travel related to religious/spiritual practices
2025,181501,0.863166,Travel related to volunteering
2025,181599,0.025079,"Travel related to volunteer activities, n.e.c."
2025,181601,0.093315,Travel related to phone calls
2025,181801,0.025882,Security procedures related to traveling
2025,189999,2.229741,"Traveling, n.e.c."
2025,500101,8.707577,Insufficient detail in verbatim
2025,500103,1.509296,Missing travel or destination
2025,500105,0.294473,Respondent refused to provide information/none of your business
2025,500106,3.464702,Gap/can't remember
