year,recipient_age,active_rho,active_split,active_dup,passive_rho,passive_split,passive_dup,person_days,passive_measured,comparable
2003,0,116.190402,87.059864,133.913538,0.000000,0.000000,0.000000,3041897911.9,true,true
2003,1,87.703205,60.823159,103.950482,0.000000,0.000000,0.000000,3322561216.2,true,true
2003,2,76.495773,51.743870,91.759900,0.000000,0.000000,0.000000,3280461099.9,true,true
2003,3,71.255135,45.747213,87.044764,0.000000,0.000000,0.000000,3526230581.5,true,true
2003,4,66.081236,42.086156,80.868824,0.000000,0.000000,0.000000,3383943203.3,true,true
2003,5,67.843312,42.424411,83.864239,0.000000,0.000000,0.000000,3296431224.8,true,true
2003,6,53.863166,32.365704,67.452205,0.000000,0.000000,0.000000,3164313332.5,true,true
2003,7,48.770228,29.556353,60.748707,0.000000,0.000000,0.000000,3447574342.3,true,true
2003,8,45.431415,27.329187,57.054920,0.000000,0.000000,0.000000,3285874858.7,true,true
2003,9,38.435287,23.514358,47.873966,0.000000,0.000000,0.000000,3605829226.8,true,true
2003,10,37.331611,23.039675,46.660133,0.000000,0.000000,0.000000,3711556440.8,true,true
2003,11,32.196141,20.142134,40.096659,0.000000,0.000000,0.000000,3891060207.7,true,true
2003,12,25.808477,16.142137,32.090603,0.000000,0.000000,0.000000,3784697094.1,true,true
2003,13,21.398446,13.121208,26.793772,,,,4224699418.7,false,true
2003,14,15.945531,10.330189,19.674919,,,,4047279259.0,false,true
2003,15,9.675809,6.633434,11.627649,,,,5334738189.0,false,true
2003,16,7.847521,5.194574,9.536002,,,,5128885256.9,false,true
2003,17,6.805081,5.043025,7.910958,,,,5270968479.2,false,true
2003,18,2.875305,1.833284,3.565854,,,,5116565537.3,false,true
2003,19,2.305346,1.399618,3.044129,,,,3971064738.2,false,true
2003,20,2.344115,1.515512,2.855728,,,,4240032048.5,false,true
2003,21,2.816907,2.201432,3.178650,,,,4191061330.9,false,true
2003,22,2.910839,2.024914,3.451507,,,,3935056549.4,false,true
2003,23,5.541000,4.014505,6.544974,,,,3578840408.3,false,true
2003,24,4.620927,2.752530,5.774561,,,,3318005879.3,false,true
2003,25,5.592010,3.744506,6.763932,,,,3065420304.2,false,true
2003,26,5.118066,3.409682,6.215679,,,,3049323807.2,false,true
2003,27,6.077230,4.055297,7.291492,,,,2851541211.5,false,true
2003,28,8.506535,5.900403,10.098262,,,,2971734119.1,false,true
2003,29,6.027112,3.989786,7.321441,,,,2897061581.2,false,true
2003,30,7.181954,4.710598,8.746192,,,,2704537654.6,false,true
2003,31,9.354731,6.213126,11.313137,,,,2888683179.2,false,true
2003,32,8.303339,5.208806,10.281683,,,,3037928025.0,false,true
2003,33,10.461329,6.883663,12.607214,,,,3460394871.4,false,true
2003,34,8.184370,4.719278,10.475471,,,,2844933815.5,false,true
2003,35,7.902999,4.496253,10.174565,,,,3327707739.7,false,true
2003,36,8.243968,5.344965,10.171146,,,,3175788613.3,false,true
2003,37,6.188281,3.698781,7.890341,,,,3467984590.3,false,true
2003,38,7.390329,4.688312,9.097753,,,,3614513012.4,false,true
2003,39,7.035327,4.710848,8.583532,,,,4050641131.8,false,true
2003,40,5.068009,3.635782,5.932575,,,,3501206064.6,false,true
2003,41,4.131189,2.840174,4.965020,,,,4198452600.7,false,true
2003,42,6.378273,4.382857,7.529814,,,,4142191951.0,false,true
2003,43,5.445803,4.084215,6.368641,,,,4158894397.2,false,true
2003,44,4.914429,3.752192,5.658825,,,,4336427590.4,false,true
2003,45,4.355086,3.620546,4.814899,,,,4310397629.7,false,true
2003,46,4.402745,3.184430,5.162506,,,,4214576279.6,false,true
2003,47,4.518443,3.472290,5.191187,,,,4209681363.9,false,true
2003,48,4.186553,3.567318,4.584139,,,,4087492126.0,false,true
2003,49,5.914146,5.000332,6.473818,,,,4151517737.0,false,true
2003,50,3.420843,2.815662,3.777331,,,,3996945580.5,false,true
2003,51,4.217646,3.561701,4.609997,,,,3695569966.9,false,true
2003,52,3.519203,3.036527,3.811230,,,,3713813792.2,false,true
2003,53,2.924041,2.609892,3.100999,,,,3252806099.1,false,true
2003,54,2.517587,2.215982,2.705777,,,,3358736035.4,false,true
2003,55,3.510586,3.341067,3.620341,,,,3086156612.8,false,true
2003,56,4.050439,3.556488,4.374524,,,,3070340522.8,false,true
2003,57,5.501504,5.242948,5.658510,,,,2578675735.0,false,true
2003,58,1.355476,1.151094,1.470025,,,,2302049725.6,false,true
2003,59,2.938540,2.745247,3.062610,,,,2327193156.4,false,true
2003,60,3.430285,3.170111,3.591056,,,,2119612177.9,false,true
2003,61,2.590580,2.390237,2.727720,,,,2005211108.8,false,true
2003,62,7.404966,5.653169,8.517791,,,,1827156910.0,false,true
2003,63,5.303367,4.980574,5.542117,,,,1727319304.0,false,true
2003,64,4.060378,3.843616,4.198407,,,,1780529972.2,false,true
2003,65,9.529680,9.412402,9.591315,,,,1729765106.9,false,true
2003,66,6.050324,5.949208,6.103464,,,,1401553506.4,false,true
2003,67,4.183210,3.964664,4.298906,,,,1473177819.2,false,true
2003,68,6.729654,6.503054,6.852454,,,,1478774409.4,false,true
2003,69,12.032436,12.026834,12.035380,,,,1194637315.0,false,true
2003,70,7.109620,6.794133,7.275421,,,,1293547190.6,false,true
2003,71,8.309123,8.090399,8.427172,,,,1219448322.9,false,true
2003,72,8.655237,8.339944,8.838383,,,,1320476293.5,false,true
2003,73,6.009813,5.941656,6.050724,,,,1267222814.6,false,true
2003,74,7.876767,7.629568,8.074250,,,,1099904430.0,false,true
2003,75,7.682283,7.582543,7.752270,,,,1262860203.4,false,true
2003,76,5.183018,5.026875,5.285051,,,,1141619043.3,false,true
2003,77,2.321038,2.253642,2.360931,,,,1130100982.9,false,true
2003,78,1.586269,1.399491,1.727579,,,,1017310195.7,false,true
2003,79,5.914097,5.909351,5.916591,,,,874500371.2,false,true
2003,80,8.067434,7.774195,8.226034,,,,5246682139.9,false,true
2004,0,129.537441,98.017867,148.071102,309.003525,208.450439,326.270031,2879630189.9,true,true
2004,1,94.359904,66.033317,111.693524,279.935868,171.935807,299.034055,3193196214.3,true,true
2004,2,81.357455,56.070446,96.977714,286.229002,168.762009,306.576460,3426641528.5,true,true
2004,3,74.576165,50.127509,89.763017,285.330480,162.982627,306.588261,3374744002.0,true,true
2004,4,69.712481,43.247708,86.067816,277.286336,146.965218,300.613247,3536242237.0,true,true
2004,5,61.757982,39.009380,75.854373,255.226389,134.688577,276.217773,3250207786.2,true,true
2004,6,60.331996,37.873119,74.820962,266.666868,141.057095,289.197963,3368451171.3,true,true
2004,7,53.230474,32.427812,66.523412,294.598603,156.363279,318.871159,3476417476.2,true,true
2004,8,48.254766,30.483444,59.623663,257.970258,138.035060,278.919365,3527964641.7,true,true
2004,9,42.854773,25.879949,53.605734,239.757752,131.898874,258.667085,3406595497.2,true,true
2004,10,40.718914,24.909753,50.879297,268.571446,158.012206,287.941700,3274852200.4,true,true
2004,11,33.250305,21.365759,40.738149,235.706972,150.090989,250.571342,3999644550.3,true,true
2004,12,21.421347,14.359285,25.919654,231.719568,147.412238,246.798923,3955637143.0,true,true
2004,13,18.392854,12.007474,22.470923,,,,4132321580.8,false,true
2004,14,14.164098,8.970275,17.517540,,,,4154172032.6,false,true
2004,15,10.687991,7.138481,12.968541,,,,5215837831.0,false,true
2004,16,8.440252,5.814090,10.127661,,,,5335277892.2,false,true
2004,17,5.508108,4.161080,6.363495,,,,5473638544.8,false,true
2004,18,2.315010,1.575103,2.767663,,,,5133498575.2,false,true
2004,19,3.051442,2.029012,3.721147,,,,4377492679.1,false,true
2004,20,0.977897,0.577874,1.237417,,,,4475965994.5,false,true
2004,21,6.527128,5.061531,7.481532,,,,3695890162.5,false,true
2004,22,1.785264,1.372405,2.033752,,,,3760018219.0,false,true
2004,23,7.358014,4.671381,8.984587,,,,4350090434.6,false,true
2004,24,6.401185,4.969297,7.276015,,,,3487578599.0,false,true
2004,25,6.808840,4.151698,8.509592,,,,3103888376.9,false,true
2004,26,6.851306,5.367725,7.773652,,,,3055466797.8,false,true
2004,27,5.226304,3.372872,6.343501,,,,3028186167.0,false,true
2004,28,5.146679,3.293206,6.230725,,,,2809153122.7,false,true
2004,29,5.025974,2.902359,6.274705,,,,3050277728.1,false,true
2004,30,7.280414,4.509046,8.932780,,,,3079016467.9,false,true
2004,31,9.180650,6.607649,10.862837,,,,2922882827.3,false,true
2004,32,6.694929,3.583312,8.707110,,,,2934931709.2,false,true
2004,33,10.066550,6.277863,12.468606,,,,3006258501.5,false,true
2004,34,11.578564,8.580579,13.401680,,,,3206424115.8,false,true
2004,35,8.149125,5.276660,9.919069,,,,3324464941.1,false,true
2004,36,7.733124,5.495687,9.134141,,,,3112173701.4,false,true
2004,37,7.675063,5.033162,9.401746,,,,3243458174.4,false,true
2004,38,7.080579,4.278283,8.922286,,,,3280317993.7,false,true
2004,39,5.755538,3.422427,7.287103,,,,3572591556.5,false,true
2004,40,6.304999,4.477182,7.514754,,,,3904635900.3,false,true
2004,41,6.003386,3.977243,7.304441,,,,3677244269.2,false,true
2004,42,4.121041,2.916635,4.904269,,,,3859146775.2,false,true
2004,43,3.882835,2.798989,4.524294,,,,4190032900.0,false,true
2004,44,6.367722,5.366543,6.990692,,,,4516310722.5,false,true
2004,45,6.112263,4.938279,6.840396,,,,4237392555.1,false,true
2004,46,4.238669,3.375219,4.775663,,,,4114427014.8,false,true
2004,47,2.810221,2.358413,3.094529,,,,4579893673.8,false,true
2004,48,4.043215,3.595538,4.312525,,,,4603534345.8,false,true
2004,49,3.288764,2.851996,3.547049,,,,4079846761.9,false,true
2004,50,3.366115,2.875819,3.666908,,,,3900529865.2,false,true
2004,51,5.826942,5.557351,5.989152,,,,4162373535.7,false,true
2004,52,3.211528,2.541267,3.572587,,,,3715978873.7,false,true
2004,53,2.776387,2.394138,3.026812,,,,3342527380.8,false,true
2004,54,5.982402,4.922610,6.609144,,,,3398234323.0,false,true
2004,55,2.092922,2.046363,2.117391,,,,3059400411.5,false,true
2004,56,2.611305,2.538286,2.649976,,,,3163468175.9,false,true
2004,57,4.411596,4.064332,4.658596,,,,3093262125.7,false,true
2004,58,5.377835,5.245922,5.451952,,,,2219472836.9,false,true
2004,59,4.562012,4.415639,4.654773,,,,2117646804.7,false,true
2004,60,4.555994,4.227436,4.740388,,,,2123412087.7,false,true
2004,61,4.658593,4.562165,4.717170,,,,2095909184.1,false,true
2004,62,8.769845,8.755906,8.777170,,,,1956159584.4,false,true
2004,63,12.668036,12.553824,12.737965,,,,1787905988.1,false,true
2004,64,4.918779,4.791826,5.034148,,,,1631738619.0,false,true
2004,65,7.016493,6.334061,7.464291,,,,1847375245.5,false,true
2004,66,3.240200,3.203440,3.262296,,,,1621353697.9,false,true
2004,67,2.670718,2.512382,2.814305,,,,1463883553.1,false,true
2004,68,4.218947,4.187885,4.235272,,,,1424125383.5,false,true
2004,69,3.628452,3.341439,3.808716,,,,1313622670.4,false,true
2004,70,6.605202,6.491284,6.676042,,,,1187811607.5,false,true
2004,71,4.258446,4.147344,4.321819,,,,1297103679.8,false,true
2004,72,4.237678,4.121909,4.321171,,,,1420721409.4,false,true
2004,73,5.066303,4.927602,5.139196,,,,1204312976.0,false,true
2004,74,2.584079,2.549750,2.602120,,,,837849198.1,false,true
2004,75,5.228694,5.228694,5.228694,,,,1345391149.2,false,true
2004,76,6.379028,6.379028,6.379028,,,,980922013.6,false,true
2004,77,13.280717,12.987216,13.434964,,,,1116923122.4,false,true
2004,78,6.240914,6.233254,6.244940,,,,945738246.5,false,true
2004,79,6.261712,5.871310,6.466885,,,,868229753.7,false,true
2004,80,4.056694,3.959851,4.114159,,,,5368439037.2,false,true
2005,0,123.519354,91.499075,142.567113,327.934930,208.682912,348.465589,3130721388.1,true,true
2005,1,85.700673,61.235890,100.283019,305.760005,197.535084,324.510809,3699826069.7,true,true
2005,2,76.440897,51.704096,91.265769,298.139914,182.837938,317.618431,3173018407.9,true,true
2005,3,68.444188,44.271155,82.966859,289.469978,163.778749,310.972826,3340474101.7,true,true
2005,4,64.992969,40.691434,79.705353,277.347645,147.561886,299.715085,3476908777.2,true,true
2005,5,58.747971,35.315158,73.228191,270.812541,142.937008,292.995221,3394941476.6,true,true
2005,6,54.707346,33.572398,67.893230,284.390109,146.456726,308.301014,3438562983.5,true,true
2005,7,50.915913,31.449927,63.077691,266.884573,140.893861,288.910762,3572244328.6,true,true
2005,8,45.841151,28.056126,57.037616,263.491481,148.073878,283.698954,3193637915.5,true,true
2005,9,39.356904,24.226373,48.805486,278.712365,160.427655,299.040701,3421347119.6,true,true
2005,10,38.112951,23.490258,47.363761,258.300645,152.630442,276.541407,3790389171.0,true,true
2005,11,29.681515,17.958846,37.247125,231.725130,151.062513,245.734223,4022571382.3,true,true
2005,12,22.351062,14.454353,27.256291,224.976752,137.746187,240.073891,3914977955.3,true,true
2005,13,20.891834,13.408438,25.516987,,,,4352624737.5,false,true
2005,14,17.380521,10.852395,21.610896,,,,3960197609.8,false,true
2005,15,11.864629,7.928499,14.429609,,,,5467976155.8,false,true
2005,16,7.612465,5.361106,9.067483,,,,5200175727.7,false,true
2005,17,5.275054,3.348064,6.562327,,,,5271627623.4,false,true
2005,18,2.361055,1.571019,2.898436,,,,4961746935.9,false,true
2005,19,2.302911,2.003460,2.463147,,,,4040227016.5,false,true
2005,20,2.326078,1.634950,2.803029,,,,4639816118.9,false,true
2005,21,3.019821,1.899143,3.687542,,,,3582367575.7,false,true
2005,22,1.518563,1.036787,1.809081,,,,3724847923.9,false,true
2005,23,4.929144,3.452856,5.889234,,,,3669964474.7,false,true
2005,24,6.658743,4.841368,7.727259,,,,3670424950.3,false,true
2005,25,2.835946,2.261906,3.159700,,,,3133454369.5,false,true
2005,26,3.403674,2.115017,4.173341,,,,3104085745.4,false,true
2005,27,5.892664,3.717687,7.282722,,,,2969808963.2,false,true
2005,28,8.147193,4.831418,10.114082,,,,3099043162.5,false,true
2005,29,6.958628,4.739659,8.276403,,,,2865141756.5,false,true
2005,30,5.181610,3.169250,6.395306,,,,2998465708.7,false,true
2005,31,12.896031,7.617553,16.152432,,,,2612377579.7,false,true
2005,32,12.838456,9.169965,15.055223,,,,2997902927.2,false,true
2005,33,6.304791,4.076826,7.680345,,,,2991964809.0,false,true
2005,34,10.235240,6.424839,12.708145,,,,3250092570.0,false,true
2005,35,6.898225,3.878160,8.816017,,,,2994460753.6,false,true
2005,36,5.880539,3.934521,7.056134,,,,3150834813.9,false,true
2005,37,5.184676,3.271772,6.391686,,,,3371349364.0,false,true
2005,38,5.794403,4.105814,6.865746,,,,3427812937.3,false,true
2005,39,5.835862,3.575685,7.406384,,,,3590657170.5,false,true
2005,40,5.297182,3.527713,6.420044,,,,3937047524.8,false,true
2005,41,4.248960,3.124759,4.931457,,,,3970711281.6,false,true
2005,42,4.935067,3.127214,6.118071,,,,3755939106.8,false,true
2005,43,3.740054,2.837951,4.317300,,,,4177874007.4,false,true
2005,44,5.231410,3.825604,6.094742,,,,4077351873.0,false,true
2005,45,3.273189,2.518635,3.736838,,,,4037361905.3,false,true
2005,46,3.472496,2.967719,3.763867,,,,4176880111.6,false,true
2005,47,3.149524,2.475999,3.535683,,,,4131934359.0,false,true
2005,48,3.214296,2.484660,3.628726,,,,4426686208.1,false,true
2005,49,1.980872,1.477000,2.272767,,,,4391639274.7,false,true
2005,50,4.637509,3.852895,5.109871,,,,4271016094.2,false,true
2005,51,4.969106,4.485229,5.255121,,,,3911820667.4,false,true
2005,52,3.498887,3.027915,3.852171,,,,3722347902.8,false,true
2005,53,2.804393,2.489887,2.970708,,,,3490988648.6,false,true
2005,54,3.464620,3.228796,3.605504,,,,3232645289.7,false,true
2005,55,5.029772,4.575321,5.298274,,,,3162949993.6,false,true
2005,56,4.889089,4.446621,5.161622,,,,2792210394.2,false,true
2005,57,2.947390,2.126767,3.530706,,,,3093508329.1,false,true
2005,58,2.650808,2.284141,2.884616,,,,2784332565.1,false,true
2005,59,6.753260,6.200608,7.043702,,,,2203175113.7,false,true
2005,60,6.780146,6.578477,6.901155,,,,2155358535.9,false,true
2005,61,5.640983,4.829244,6.220664,,,,2214740199.5,false,true
2005,62,5.519063,5.489795,5.539401,,,,2099328069.1,false,true
2005,63,6.761737,6.428412,6.982013,,,,2059887041.9,false,true
2005,64,4.227921,4.202989,4.241172,,,,1722122768.7,false,true
2005,65,1.255640,1.218771,1.285093,,,,1971022553.6,false,true
2005,66,3.489530,3.323312,3.576884,,,,1520758341.6,false,true
2005,67,3.246100,2.983871,3.430712,,,,1348587927.3,false,true
2005,68,1.760359,1.724917,1.778986,,,,1416541464.7,false,true
2005,69,7.043438,7.014941,7.061532,,,,1199984099.6,false,true
2005,70,5.401839,5.144515,5.574962,,,,1149313673.9,false,true
2005,71,6.763371,6.277839,7.073422,,,,1337995853.5,false,true
2005,72,3.574251,3.215860,3.773675,,,,1299036147.1,false,true
2005,73,4.568152,4.359045,4.705542,,,,1239430170.6,false,true
2005,74,7.494033,7.270820,7.635556,,,,1205102082.2,false,true
2005,75,13.723739,13.679949,13.750211,,,,1308578105.8,false,true
2005,76,1.926888,1.926888,1.926888,,,,1041409803.1,false,true
2005,77,1.750611,1.713219,1.774353,,,,1055025621.9,false,true
2005,78,4.334473,3.999322,4.547272,,,,1114422633.5,false,true
2005,79,2.772441,2.636006,2.864526,,,,915670530.2,false,true
2005,80,3.198421,2.745538,3.522816,,,,3496629767.7,false,true
2005,85,9.393914,8.653051,9.849249,,,,1942669447.0,false,true
2006,0,106.797127,77.604640,124.650924,307.901254,184.466708,329.541964,3333653262.2,true,true
2006,1,92.675526,66.384068,108.410305,288.232050,177.217697,307.280805,3445863182.5,true,true
2006,2,80.091811,53.172894,96.721937,309.862808,184.694069,331.682959,3322270195.3,true,true
2006,3,72.485845,45.975214,88.621111,272.261992,150.037665,293.287794,3647980442.7,true,true
2006,4,64.766028,40.205085,79.955921,288.504762,157.526086,310.570609,3219484366.4,true,true
2006,5,56.474134,33.940614,70.761826,284.872251,149.528249,308.620284,3276445386.9,true,true
2006,6,56.126869,34.102846,70.231439,262.523816,138.245141,283.870113,3495185531.1,true,true
2006,7,48.027268,28.840119,60.105273,251.693060,134.957241,271.748114,3760024084.2,true,true
2006,8,48.995237,28.617057,62.174886,273.190899,140.976482,296.258284,3353654559.0,true,true
2006,9,39.386264,24.291226,48.770414,274.674495,162.449369,294.171232,3734813808.3,true,true
2006,10,32.281450,20.571618,39.740776,260.142904,157.428169,277.787795,3378680706.5,true,true
2006,11,24.262633,15.809507,29.595053,239.548723,155.680912,254.103136,3765946877.5,true,true
2006,12,28.658742,16.213935,36.978888,242.063576,155.307561,257.070527,4114785345.2,true,true
2006,13,16.429937,10.155115,20.440363,,,,4075258733.2,false,true
2006,14,16.894894,10.713392,20.910236,,,,4353541343.8,false,true
2006,15,11.896091,7.691334,14.497919,,,,5463019935.4,false,true
2006,16,7.405153,4.995676,8.998298,,,,5937258074.5,false,true
2006,17,6.325900,4.305312,7.711781,,,,5673865562.6,false,true
2006,18,5.008785,2.900743,6.463772,,,,4537106584.3,false,true
2006,19,1.252445,0.967302,1.450320,,,,4496609686.5,false,true
2006,20,4.232602,2.176637,5.569887,,,,4229011140.0,false,true
2006,21,2.098192,1.366960,2.591638,,,,4054948275.9,false,true
2006,22,2.714040,1.949950,3.160561,,,,4040329893.1,false,true
2006,23,5.708386,3.452915,7.147360,,,,3371674207.0,false,true
2006,24,2.915128,1.467896,3.976027,,,,2946087357.2,false,true
2006,25,4.920752,2.943822,6.156904,,,,3395775023.4,false,true
2006,26,5.730567,3.829895,6.930985,,,,3453573800.5,false,true
2006,27,6.055808,3.299274,7.779630,,,,3230565992.3,false,true
2006,28,5.607901,3.145083,7.162425,,,,2867932460.4,false,true
2006,29,5.976565,3.792963,7.346191,,,,2975969656.4,false,true
2006,30,6.332381,3.821313,7.834102,,,,2560837536.2,false,true
2006,31,8.478045,4.606954,10.918447,,,,3160921665.7,false,true
2006,32,6.853799,3.932337,8.655643,,,,2447093638.5,false,true
2006,33,6.506201,3.714244,8.248422,,,,2944329964.6,false,true
2006,34,9.430512,5.005003,12.297547,,,,3092200832.8,false,true
2006,35,9.235947,4.929314,12.107729,,,,3108997935.8,false,true
2006,36,8.397502,5.007728,10.748938,,,,3172819161.2,false,true
2006,37,7.110956,4.012658,9.256046,,,,3359861013.2,false,true
2006,38,6.384617,3.494758,8.223725,,,,3478619611.9,false,true
2006,39,5.283584,3.246769,6.557484,,,,3583951072.9,false,true
2006,40,6.474466,3.977681,8.190886,,,,3760185741.4,false,true
2006,41,4.652900,3.015978,5.686066,,,,3677716069.6,false,true
2006,42,3.831412,2.753351,4.488718,,,,4194419057.3,false,true
2006,43,3.403181,2.364537,4.057275,,,,4413060760.7,false,true
2006,44,4.465780,3.491411,5.089494,,,,4423429262.1,false,true
2006,45,4.632756,3.488788,5.280468,,,,3970400859.1,false,true
2006,46,7.682026,6.604969,8.325454,,,,4521256373.0,false,true
2006,47,3.475351,2.495650,4.063644,,,,4661774254.7,false,true
2006,48,4.114887,2.416957,5.176172,,,,4309647577.4,false,true
2006,49,3.895329,2.757443,4.683823,,,,4190178700.6,false,true
2006,50,3.319094,2.458767,3.807080,,,,4031297598.6,false,true
2006,51,3.742180,3.005556,4.228199,,,,4009448291.1,false,true
2006,52,2.331122,1.809996,2.705063,,,,3491710525.2,false,true
2006,53,3.519522,3.030837,3.795730,,,,3604328628.1,false,true
2006,54,3.878964,3.646831,4.007871,,,,3701848881.5,false,true
2006,55,0.675931,0.540828,0.754291,,,,3341255711.9,false,true
2006,56,3.760280,3.576706,3.913948,,,,2947503522.2,false,true
2006,57,5.247581,4.653822,5.563567,,,,2887490624.4,false,true
2006,58,3.723766,3.497887,3.869733,,,,2941827546.9,false,true
2006,59,2.080838,1.885811,2.209953,,,,2923011132.9,false,true
2006,60,4.875421,4.834164,4.902378,,,,2279608882.8,false,true
2006,61,3.033302,2.394208,3.387966,,,,2184016097.3,false,true
2006,62,2.824395,2.609713,3.014486,,,,2074509258.5,false,true
2006,63,10.148968,9.890110,10.297816,,,,1771278657.2,false,true
2006,64,1.308823,1.267147,1.330981,,,,1985009428.4,false,true
2006,65,2.158425,1.999280,2.250512,,,,1593089097.0,false,true
2006,66,5.934089,5.623510,6.108979,,,,1736383793.2,false,true
2006,67,9.389131,9.295391,9.470236,,,,1338606839.2,false,true
2006,68,5.968142,5.829993,6.055857,,,,1501080634.2,false,true
2006,69,0.657799,0.612015,0.690921,,,,1329576462.2,false,true
2006,70,1.059420,1.059420,1.059420,,,,1244000876.9,false,true
2006,71,9.808284,9.524195,9.962880,,,,1325863829.9,false,true
2006,72,3.239473,3.197756,3.265961,,,,1549696689.3,false,true
2006,73,9.842661,9.842661,9.842661,,,,1229420384.6,false,true
2006,74,5.206033,5.034315,5.309034,,,,1258040857.9,false,true
2006,75,8.635769,8.635769,8.635769,,,,1038242622.6,false,true
2006,76,2.506255,2.205724,2.684810,,,,1413907097.8,false,true
2006,77,2.021379,2.021379,2.021379,,,,1263403806.2,false,true
2006,78,2.404153,2.114343,2.556460,,,,958047569.0,false,true
2006,79,4.071813,4.071813,4.071813,,,,744036436.3,false,true
2006,80,9.348322,9.258512,9.420069,,,,3575266174.6,false,true
2006,85,8.137339,7.596963,8.440146,,,,2264960556.5,false,true
2007,0,111.190263,84.025349,127.412645,303.228952,197.700435,321.685546,3315060609.6,true,true
2007,1,99.014778,71.324335,115.676347,303.352637,192.712016,322.524674,3755760736.2,true,true
2007,2,82.364934,53.702292,99.873505,291.974302,172.094917,312.882747,3377786701.9,true,true
2007,3,74.123692,47.398513,90.590354,313.618375,182.341738,335.864275,3456844562.1,true,true
2007,4,70.464493,43.122362,87.863757,261.897458,136.608994,283.627201,3396581691.8,true,true
2007,5,59.620163,38.054949,73.014917,282.479058,152.919791,305.246448,3404476170.0,true,true
2007,6,55.092375,32.023332,69.794306,281.117901,141.943827,305.846958,3321871575.1,true,true
2007,7,52.102422,31.422046,65.080158,262.437286,141.766820,283.552062,3358162461.4,true,true
2007,8,40.546429,24.083047,51.101726,269.917636,153.905987,290.247896,3351164895.1,true,true
2007,9,39.107635,22.179869,49.855857,241.062087,129.252360,260.635703,3643438968.5,true,true
2007,10,34.944974,20.298895,44.387620,259.921815,158.582724,277.578342,3435743336.8,true,true
2007,11,29.487761,16.939634,37.455166,263.264067,166.397969,279.996341,3126348327.7,true,true
2007,12,27.193183,17.054942,33.830928,231.900023,148.697550,246.551951,3739403476.0,true,true
2007,13,21.609459,12.409545,27.888215,,,,3719135076.3,false,true
2007,14,17.737776,10.945099,22.147105,,,,3980711897.4,false,true
2007,15,11.072598,7.023362,13.846125,,,,5229493409.5,false,true
2007,16,6.400453,4.203506,7.826010,,,,5925755132.6,false,true
2007,17,4.281742,2.959446,5.178510,,,,5800446025.5,false,true
2007,18,2.694151,1.882609,3.217197,,,,4980705664.7,false,true
2007,19,2.916658,2.458497,3.205655,,,,4271579890.1,false,true
2007,20,2.104870,1.787349,2.294402,,,,4674488039.6,false,true
2007,21,5.362607,4.449809,5.895129,,,,3962219311.4,false,true
2007,22,1.780303,1.090757,2.179689,,,,3694471405.3,false,true
2007,23,2.708083,1.524415,3.479351,,,,3623391622.3,false,true
2007,24,3.261753,1.928993,4.116421,,,,3890258664.5,false,true
2007,25,4.841026,3.064653,5.916338,,,,3468679109.0,false,true
2007,26,6.932172,4.586248,8.390589,,,,2904301844.4,false,true
2007,27,7.204261,5.161705,8.388211,,,,3093629317.9,false,true
2007,28,4.749248,2.633494,6.056281,,,,3518242543.9,false,true
2007,29,6.180118,3.806263,7.667693,,,,3063342629.1,false,true
2007,30,11.564328,6.932060,14.463534,,,,3092674380.8,false,true
2007,31,14.427709,8.007882,18.370950,,,,2692338689.6,false,true
2007,32,7.698804,4.561504,9.597586,,,,3053689504.3,false,true
2007,33,9.609921,5.428882,12.313706,,,,2867628564.4,false,true
2007,34,7.892783,4.636933,9.898468,,,,3192388270.7,false,true
2007,35,9.431935,5.025974,12.256535,,,,3050050015.8,false,true
2007,36,9.800938,5.553207,12.573707,,,,3302551736.4,false,true
2007,37,6.791799,3.987491,8.584615,,,,3510972057.8,false,true
2007,38,9.040798,4.784747,11.823559,,,,3377597678.7,false,true
2007,39,7.295523,4.867327,8.913026,,,,3542133634.8,false,true
2007,40,7.531642,4.723184,9.316935,,,,3259628175.8,false,true
2007,41,4.663057,3.155722,5.594003,,,,4033472965.6,false,true
2007,42,3.269078,2.054634,4.046291,,,,3985339958.0,false,true
2007,43,5.255833,3.783499,6.154562,,,,3915321789.5,false,true
2007,44,5.382134,3.459904,6.657304,,,,3918905215.9,false,true
2007,45,4.179092,2.928434,4.956261,,,,4044906359.7,false,true
2007,46,3.847895,2.222903,4.976284,,,,4273877906.1,false,true
2007,47,2.870951,2.410399,3.134900,,,,4262679895.3,false,true
2007,48,2.747976,2.154557,3.106640,,,,4464338129.7,false,true
2007,49,1.721383,1.536690,1.827233,,,,4417341693.8,false,true
2007,50,2.802423,2.195714,3.173365,,,,4266863810.6,false,true
2007,51,4.433309,3.854621,4.798157,,,,4276018344.9,false,true
2007,52,2.416008,2.116467,2.617706,,,,4215563675.9,false,true
2007,53,3.507110,2.780190,4.016502,,,,3952823801.8,false,true
2007,54,2.522356,2.072601,2.770125,,,,3796629518.1,false,true
2007,55,3.888136,3.308181,4.236541,,,,3463734308.5,false,true
2007,56,5.998437,5.743188,6.160427,,,,3060038763.7,false,true
2007,57,4.027033,3.939347,4.085510,,,,3008443844.5,false,true
2007,58,3.628253,3.558265,3.666207,,,,2836580388.6,false,true
2007,59,3.340415,3.313799,3.354403,,,,2969430631.0,false,true
2007,60,6.301951,5.671420,6.734371,,,,2898371459.1,false,true
2007,61,3.195580,2.940452,3.353871,,,,2167902542.4,false,true
2007,62,5.224692,4.654706,5.619192,,,,2021304894.7,false,true
2007,63,3.227153,2.927308,3.395711,,,,1794174854.3,false,true
2007,64,7.119021,7.021218,7.177529,,,,2055415363.5,false,true
2007,65,2.136169,1.911766,2.283967,,,,2055316687.9,false,true
2007,66,2.245974,1.826853,2.529755,,,,1917705932.3,false,true
2007,67,1.323984,1.323984,1.323984,,,,1417794817.3,false,true
2007,68,3.105616,2.647498,3.383872,,,,1353353422.3,false,true
2007,69,7.448594,7.228014,7.584944,,,,1349575457.5,false,true
2007,70,4.053941,3.679283,4.281877,,,,1356084163.3,false,true
2007,71,3.694943,3.648959,3.719110,,,,1227324435.3,false,true
2007,72,6.060488,4.013154,7.231883,,,,1222612551.5,false,true
2007,73,6.023026,4.877416,6.628786,,,,1274650458.6,false,true
2007,74,3.553686,3.234360,3.810420,,,,1224954628.4,false,true
2007,75,2.042781,2.042781,2.042781,,,,1282048734.6,false,true
2007,76,5.826175,5.646986,5.955810,,,,978810816.2,false,true
2007,77,3.144499,2.799017,3.348637,,,,1310603545.7,false,true
2007,78,1.505459,1.478163,1.522791,,,,912419036.7,false,true
2007,79,11.918660,11.782659,11.990134,,,,905555841.8,false,true
2007,80,4.450978,4.289389,4.556203,,,,4075155787.3,false,true
2007,85,4.046613,4.046613,4.046613,,,,2051542853.0,false,true
2008,0,100.176763,73.451899,116.338670,306.126419,194.241955,325.971742,3501553513.0,true,true
2008,1,82.050422,55.225873,98.500793,280.333475,168.899783,299.616863,3370218441.8,true,true
2008,2,84.020426,54.506869,102.344914,317.577827,190.082689,339.624355,3395350004.3,true,true
2008,3,72.234675,46.834998,87.948239,259.714663,139.860681,280.436151,3406903343.4,true,true
2008,4,64.431902,40.493486,79.410294,280.132900,146.980341,303.695594,3746254526.2,true,true
2008,5,55.724359,33.917187,69.475422,288.441683,144.748820,314.160262,3487271117.1,true,true
2008,6,56.835565,35.967567,69.727989,259.506095,139.372641,280.333844,3382154576.4,true,true
2008,7,52.148757,31.965737,65.085895,277.359561,149.043751,300.039281,3996182430.4,true,true
2008,8,46.469108,27.869086,58.324838,250.487164,133.692544,271.002932,3638158527.6,true,true
2008,9,37.255663,22.290382,46.940251,254.867344,148.535913,273.124057,3525140918.7,true,true
2008,10,37.081057,22.247820,46.363035,252.376341,147.750577,270.451253,3651669766.0,true,true
2008,11,30.241379,17.821988,38.043023,241.941624,154.603703,257.043136,3392215889.6,true,true
2008,12,24.461917,14.828046,30.766377,219.640267,138.834247,233.554981,3868435990.6,true,true
2008,13,22.479900,14.936235,27.151951,,,,4372860430.5,false,true
2008,14,19.893577,12.973880,24.377845,,,,3585757059.4,false,true
2008,15,10.288049,6.567408,12.698421,,,,5753182935.5,false,true
2008,16,11.631761,7.616438,14.260265,,,,5565055455.0,false,true
2008,17,7.215795,5.139677,8.584378,,,,5944951399.8,false,true
2008,18,4.513465,2.509206,5.865925,,,,4699410207.7,false,true
2008,19,3.686378,2.719254,4.347602,,,,4377903866.9,false,true
2008,20,3.498711,2.371100,4.305269,,,,4121129941.3,false,true
2008,21,2.231827,1.473974,2.675186,,,,3954398258.2,false,true
2008,22,3.451581,2.390075,4.153422,,,,3766909514.1,false,true
2008,23,1.146732,0.652120,1.469015,,,,3578574155.4,false,true
2008,24,2.699823,1.443368,3.485242,,,,3416596497.2,false,true
2008,25,4.008575,2.604823,4.931554,,,,3645128301.4,false,true
2008,26,3.404024,2.205051,4.153243,,,,2989577936.6,false,true
2008,27,5.270644,2.843740,6.919527,,,,3164044837.5,false,true
2008,28,6.324007,4.296188,7.585711,,,,3452576874.6,false,true
2008,29,8.150291,4.315271,10.595431,,,,3271030669.2,false,true
2008,30,9.047046,5.569465,11.322618,,,,3135856961.4,false,true
2008,31,6.522189,4.053832,8.087474,,,,2766929900.3,false,true
2008,32,9.388583,5.630661,11.633451,,,,2987074648.2,false,true
2008,33,10.432754,7.262275,12.363929,,,,2849602968.3,false,true
2008,34,9.395503,5.083589,12.069000,,,,2942440495.4,false,true
2008,35,6.327196,3.482021,8.201351,,,,3043677610.8,false,true
2008,36,10.489315,6.911169,12.806889,,,,3037948602.2,false,true
2008,37,5.059102,3.082016,6.259971,,,,3273173686.0,false,true
2008,38,8.361728,5.426962,10.371851,,,,3676172111.9,false,true
2008,39,7.150954,4.034006,9.224028,,,,3565320232.0,false,true
2008,40,6.627008,3.805686,8.417962,,,,3397169519.2,false,true
2008,41,5.411709,3.662866,6.510293,,,,3376128997.0,false,true
2008,42,8.202158,6.114293,9.549872,,,,3534306312.1,false,true
2008,43,6.142691,4.768683,7.013874,,,,4084247430.7,false,true
2008,44,3.529169,2.565917,4.177385,,,,4547691837.3,false,true
2008,45,5.453513,3.658538,6.595266,,,,4324868159.8,false,true
2008,46,4.753860,3.495536,5.523967,,,,3861690349.5,false,true
2008,47,3.567340,2.327980,4.338376,,,,4343051135.3,false,true
2008,48,4.828857,3.109630,5.924824,,,,4334385038.6,false,true
2008,49,2.619488,1.941960,3.039853,,,,3896004444.2,false,true
2008,50,3.501038,2.907684,3.916481,,,,3983499811.1,false,true
2008,51,5.705828,5.262411,5.969307,,,,4341119962.4,false,true
2008,52,5.767385,4.167046,6.715215,,,,3871748401.5,false,true
2008,53,2.847005,2.422562,3.074322,,,,4096245624.1,false,true
2008,54,3.966737,3.821875,4.056140,,,,3550322082.9,false,true
2008,55,2.372418,1.950234,2.644637,,,,3294636205.4,false,true
2008,56,4.106210,3.381637,4.584806,,,,3555365111.6,false,true
2008,57,2.853249,2.696190,2.942647,,,,3176826003.5,false,true
2008,58,4.987935,4.560390,5.302168,,,,2737914920.7,false,true
2008,59,1.991926,1.798379,2.111388,,,,2778022741.7,false,true
2008,60,9.523191,9.331732,9.632941,,,,2557695153.1,false,true
2008,61,4.816424,4.422514,5.041720,,,,2605875611.1,false,true
2008,62,3.031658,2.685290,3.215583,,,,2317775473.2,false,true
2008,63,2.274923,2.274923,2.274923,,,,2163400944.0,false,true
2008,64,8.492907,7.668213,9.012136,,,,1959728851.1,false,true
2008,65,5.789715,5.677376,5.848754,,,,2078256841.0,false,true
2008,66,2.183678,2.077604,2.243720,,,,1859553916.4,false,true
2008,67,5.826611,5.826611,5.826611,,,,1821057281.6,false,true
2008,68,1.993993,1.882740,2.074478,,,,1717177446.3,false,true
2008,69,2.900575,2.735959,3.021664,,,,1472326727.3,false,true
2008,70,10.614176,10.543185,10.651484,,,,1442592691.2,false,true
2008,71,0.816303,0.776349,0.837300,,,,1389806410.3,false,true
2008,72,5.696568,5.485819,5.856685,,,,1033150047.5,false,true
2008,73,3.875712,3.726180,3.962764,,,,1085179278.1,false,true
2008,74,4.108495,4.101965,4.111926,,,,1139815647.1,false,true
2008,75,2.389232,2.389232,2.389232,,,,1057755368.7,false,true
2008,76,7.822205,7.580624,7.949165,,,,1317457072.1,false,true
2008,77,6.496261,6.496261,6.496261,,,,1001902887.3,false,true
2008,78,6.944974,6.927671,6.954068,,,,918313706.4,false,true
2008,79,5.473881,4.920668,5.764617,,,,790576806.5,false,true
2008,80,4.923179,4.816589,4.979197,,,,3923566763.1,false,true
2008,85,4.000649,3.714568,4.150996,,,,2009454873.3,false,true
2009,0,123.096631,88.229072,143.863314,290.901287,186.211484,309.026408,3397081411.0,true,true
2009,1,94.738316,68.582741,110.387395,315.545768,197.290928,335.780406,3341360270.4,true,true
2009,2,79.678934,51.411486,97.086381,291.161478,170.144701,311.959069,3410536848.4,true,true
2009,3,77.565762,51.863598,93.093994,287.594536,166.384040,307.794959,3398197419.5,true,true
2009,4,74.630717,45.592370,92.545930,264.525201,142.227886,285.494947,2962899780.4,true,true
2009,5,63.766462,40.955561,77.946733,272.367070,139.103133,295.189319,3471007743.4,true,true
2009,6,57.171881,34.669408,71.510417,247.503797,126.475279,268.615161,3355436410.6,true,true
2009,7,47.104601,28.838157,58.691308,284.150506,149.153731,307.618874,3375784865.0,true,true
2009,8,45.308945,26.435378,57.439399,252.028521,132.101869,273.151667,3314670724.7,true,true
2009,9,39.753056,24.886155,49.110904,259.115869,143.318052,279.047889,3754639927.5,true,true
2009,10,33.952231,20.260221,42.875818,223.406179,136.450375,238.337400,3548543213.0,true,true
2009,11,33.570808,20.941204,41.738667,253.097402,173.471851,266.708650,3911182147.5,true,true
2009,12,29.733128,18.271009,37.084187,233.524618,150.667751,247.903917,3604810562.6,true,true
2009,13,17.471827,10.649756,21.901843,,,,3837613037.7,false,true
2009,14,17.733602,11.741346,21.568797,,,,3909639169.2,false,true
2009,15,11.173791,6.948679,13.894370,,,,5238584418.1,false,true
2009,16,6.623797,4.379663,8.022753,,,,6146968842.8,false,true
2009,17,5.220442,3.950770,6.036544,,,,5812373133.7,false,true
2009,18,3.769621,2.511926,4.538059,,,,4845080606.2,false,true
2009,19,1.751068,1.108428,2.232235,,,,4804607219.8,false,true
2009,20,2.607705,1.640530,3.178966,,,,4572335957.1,false,true
2009,21,3.703062,2.305855,4.543192,,,,4325041797.8,false,true
2009,22,3.694072,2.497201,4.332527,,,,3865216106.9,false,true
2009,23,3.281251,1.848030,4.145565,,,,3836435962.7,false,true
2009,24,4.461070,2.573929,5.534895,,,,4146134891.5,false,true
2009,25,4.242520,2.577289,5.208646,,,,3400821281.1,false,true
2009,26,4.254697,2.582166,5.314005,,,,3219961804.9,false,true
2009,27,7.191471,4.220270,9.021386,,,,3414339685.4,false,true
2009,28,7.636421,4.450337,9.579009,,,,3065661291.2,false,true
2009,29,7.246140,3.584638,9.741091,,,,3675698410.6,false,true
2009,30,8.540732,5.006669,10.819123,,,,3104444165.9,false,true
2009,31,12.762593,7.950083,15.573056,,,,2913259439.3,false,true
2009,32,6.570208,3.400616,8.597556,,,,2850807959.9,false,true
2009,33,7.244783,4.259119,9.149357,,,,2621751660.7,false,true
2009,34,10.101345,6.053430,12.533163,,,,2918563982.1,false,true
2009,35,11.021862,6.298041,13.973250,,,,2863359368.0,false,true
2009,36,9.404377,5.229162,11.969952,,,,3064688746.9,false,true
2009,37,7.889094,4.623240,9.914107,,,,3414102837.2,false,true
2009,38,7.918202,4.807759,9.893234,,,,4023035137.4,false,true
2009,39,10.837305,6.273920,13.720024,,,,3369029081.5,false,true
2009,40,7.670436,5.030622,9.382589,,,,3449086532.6,false,true
2009,41,7.505005,5.430950,8.817321,,,,3519903723.7,false,true
2009,42,6.952516,4.900565,8.191871,,,,3561866288.2,false,true
2009,43,7.984623,5.598420,9.435753,,,,3628300838.2,false,true
2009,44,7.743339,5.060673,9.391859,,,,4644959871.1,false,true
2009,45,3.882532,2.588255,4.730291,,,,4303011134.1,false,true
2009,46,5.719811,4.137472,6.663513,,,,4049569319.4,false,true
2009,47,4.137453,3.302507,4.629051,,,,4253881590.0,false,true
2009,48,3.012608,2.026382,3.659653,,,,4568002098.9,false,true
2009,49,2.788151,2.280034,3.096493,,,,4338029826.6,false,true
2009,50,3.333012,2.777573,3.648066,,,,4517892709.5,false,true
2009,51,8.236839,7.685335,8.544282,,,,3922140479.5,false,true
2009,52,3.809110,2.982787,4.333962,,,,4441596721.5,false,true
2009,53,3.368305,2.352843,4.068596,,,,3977731974.2,false,true
2009,54,2.525488,2.380015,2.604681,,,,4192384930.3,false,true
2009,55,2.520068,1.981103,2.860241,,,,3430586805.8,false,true
2009,56,3.629757,3.271424,3.837460,,,,3365179064.2,false,true
2009,57,2.635864,2.376646,2.775705,,,,3199002826.7,false,true
2009,58,3.732154,3.654453,3.784791,,,,3204429117.6,false,true
2009,59,2.112332,1.853521,2.274963,,,,2987815671.0,false,true
2009,60,3.531706,3.340179,3.653584,,,,2655096304.6,false,true
2009,61,3.654260,3.217124,3.936476,,,,2629161958.4,false,true
2009,62,1.882305,1.873242,1.887068,,,,2414229642.7,false,true
2009,63,3.087421,2.537602,3.405398,,,,2415539085.7,false,true
2009,64,4.896703,4.442891,5.179946,,,,1944325053.3,false,true
2009,65,8.524896,8.470479,8.563413,,,,1943601919.7,false,true
2009,66,1.874589,1.857762,1.883432,,,,1853005383.8,false,true
2009,67,2.118103,2.056801,2.156034,,,,1816189264.9,false,true
2009,68,9.459777,9.286523,9.563125,,,,1506541203.2,false,true
2009,69,7.527226,6.300563,8.382758,,,,1414356914.0,false,true
2009,70,5.126165,4.558309,5.512954,,,,1446546729.1,false,true
2009,71,2.985506,2.129136,3.619524,,,,1194170494.4,false,true
2009,72,3.694127,3.572831,3.782668,,,,1235163915.4,false,true
2009,73,5.427615,4.419419,6.109124,,,,1358666502.8,false,true
2009,74,7.042924,6.666731,7.328929,,,,1263655294.0,false,true
2009,75,3.688323,3.091390,4.073784,,,,1040624186.3,false,true
2009,76,5.257779,5.257779,5.257779,,,,1278839597.2,false,true
2009,77,6.626464,6.626464,6.626464,,,,1093810509.0,false,true
2009,78,3.898941,3.425327,4.199654,,,,1156864719.6,false,true
2009,79,3.521816,3.515650,3.525431,,,,967445167.3,false,true
2009,80,4.440870,3.893618,4.862090,,,,3895970083.7,false,true
2009,85,4.498780,4.273505,4.640314,,,,2250916215.9,false,true
2010,0,94.884166,73.531525,107.916059,277.785789,179.573765,295.160259,3259564150.6,true,true
2010,1,85.404894,59.962506,101.772150,258.813255,157.418004,277.017469,3409549053.5,true,true
2010,2,82.759735,55.972321,99.272351,258.244336,158.237505,275.343079,3650635887.7,true,true
2010,3,76.152315,48.927875,93.723860,274.381840,154.054388,295.389269,3812091737.4,true,true
2010,4,66.570615,41.439336,82.486406,271.742974,143.554046,294.092231,3639982684.9,true,true
2010,5,58.770663,35.299286,73.847182,274.163823,143.557437,297.063842,3384215567.1,true,true
2010,6,64.027704,39.092180,79.874738,239.240911,128.344399,258.295792,3145988094.7,true,true
2010,7,52.181446,31.392448,65.629536,261.031307,139.702819,282.219622,3496754550.3,true,true
2010,8,47.913208,29.116573,60.198178,248.131080,141.048225,266.581632,3478721009.3,true,true
2010,9,39.333561,23.407554,49.734801,247.255385,139.978607,266.080069,4024280096.0,true,true
2010,10,31.542415,18.672248,39.899809,229.989774,132.466286,247.185841,3884426333.6,true,true
2010,11,28.153199,16.966418,35.528652,228.886019,140.665018,244.274193,3471771312.2,true,true
2010,12,28.113770,17.165382,35.187302,219.772350,139.697880,233.712671,3591649226.1,true,true
2010,13,17.824720,11.120293,22.356397,,,,4061693277.6,false,true
2010,14,14.990099,10.264729,18.068529,,,,4086840842.4,false,true
2010,15,10.065854,7.361058,11.820520,,,,4982951575.7,false,true
2010,16,7.583079,4.926154,9.394341,,,,5598288148.5,false,true
2010,17,5.331014,3.807800,6.324865,,,,6258513309.6,false,true
2010,18,4.362364,2.999168,5.261863,,,,5169246477.1,false,true
2010,19,2.331993,1.352318,3.008557,,,,4549663274.4,false,true
2010,20,2.641494,1.674011,3.211849,,,,4958609024.5,false,true
2010,21,2.646023,1.880000,3.141525,,,,4837502284.7,false,true
2010,22,4.158456,2.094874,5.791172,,,,4425095811.6,false,true
2010,23,3.322075,2.047479,4.078796,,,,3682898925.1,false,true
2010,24,5.550246,3.034110,7.490595,,,,3497208086.1,false,true
2010,25,4.805302,2.989247,6.015560,,,,3545013864.4,false,true
2010,26,5.565440,3.813787,6.563776,,,,3584004378.8,false,true
2010,27,5.721915,3.778132,7.056502,,,,3246239758.7,false,true
2010,28,8.919357,4.712032,12.171043,,,,3547904736.5,false,true
2010,29,8.220477,5.882386,9.662306,,,,3259851828.6,false,true
2010,30,5.964450,3.040580,7.936490,,,,3119670260.4,false,true
2010,31,8.538879,5.240699,10.649555,,,,3087157951.2,false,true
2010,32,7.602070,4.420386,9.779901,,,,3160124084.0,false,true
2010,33,9.847753,5.253237,12.862171,,,,3047030154.4,false,true
2010,34,7.872867,4.453231,10.086765,,,,2993232803.6,false,true
2010,35,9.647949,5.917537,12.027251,,,,2958033053.2,false,true
2010,36,7.871584,4.504908,9.999741,,,,2785109326.7,false,true
2010,37,8.210299,4.953961,10.381835,,,,3192219152.3,false,true
2010,38,6.459059,3.714746,8.243175,,,,3518217484.5,false,true
2010,39,5.604088,3.156317,7.227360,,,,3775107880.1,false,true
2010,40,7.213480,5.372334,8.408563,,,,3346376819.0,false,true
2010,41,5.624171,2.957199,7.403712,,,,3729824602.8,false,true
2010,42,6.912716,4.391023,8.427625,,,,3791669496.0,false,true
2010,43,4.760533,2.640988,6.073559,,,,3670092661.2,false,true
2010,44,4.141293,2.803645,5.100033,,,,3979651012.0,false,true
2010,45,6.043128,4.669084,6.923639,,,,4525243906.6,false,true
2010,46,3.308998,2.773165,3.646227,,,,3984832026.5,false,true
2010,47,2.388647,1.759391,2.798072,,,,4244212693.5,false,true
2010,48,2.501112,1.649633,3.042256,,,,4190231914.8,false,true
2010,49,2.436789,1.736338,2.864703,,,,4585140027.2,false,true
2010,50,3.558573,2.741449,4.075649,,,,4104407245.8,false,true
2010,51,4.380003,3.084117,5.475441,,,,4490177074.0,false,true
2010,52,2.969079,2.562634,3.213718,,,,4322316202.4,false,true
2010,53,4.508196,4.102765,4.776934,,,,4489043993.0,false,true
2010,54,1.753984,1.575620,1.862036,,,,4455525185.3,false,true
2010,55,7.158838,6.265323,7.766222,,,,3919750617.2,false,true
2010,56,2.609325,2.431499,2.706441,,,,3753395560.4,false,true
2010,57,2.295343,1.980148,2.510987,,,,3294026694.1,false,true
2010,58,2.543941,1.940265,2.917820,,,,3021542144.5,false,true
2010,59,3.773966,3.003342,4.318038,,,,2962127350.7,false,true
2010,60,4.267276,4.015962,4.445234,,,,3024448453.0,false,true
2010,61,4.515587,3.859003,5.029162,,,,2522697063.8,false,true
2010,62,2.472185,2.370962,2.525382,,,,2852464965.0,false,true
2010,63,5.131317,4.821572,5.337341,,,,2887968462.6,false,true
2010,64,5.202121,4.764939,5.541489,,,,2024452409.0,false,true
2010,65,2.894982,2.549491,3.085673,,,,2051607501.6,false,true
2010,66,1.994442,1.890034,2.066034,,,,2035560500.0,false,true
2010,67,5.103146,4.993311,5.167363,,,,1819033836.5,false,true
2010,68,4.293386,4.111510,4.424963,,,,1870717353.5,false,true
2010,69,5.569069,5.251388,5.768038,,,,1509403579.1,false,true
2010,70,6.890362,6.738720,6.998719,,,,1384865188.7,false,true
2010,71,4.017697,3.936585,4.065838,,,,1541791157.3,false,true
2010,72,6.803179,6.639038,6.933967,,,,1226445787.1,false,true
2010,73,6.870038,6.539394,7.062009,,,,1415590740.1,false,true
2010,74,4.566850,4.461925,4.633470,,,,1240901054.2,false,true
2010,75,5.285227,4.518117,5.809911,,,,1353295410.9,false,true
2010,76,4.140258,3.866809,4.311098,,,,1316756459.5,false,true
2010,77,4.241573,3.888183,4.529670,,,,1070907712.2,false,true
2010,78,2.311723,2.236943,2.351023,,,,1061072658.8,false,true
2010,79,1.084223,1.084223,1.084223,,,,794446179.0,false,true
2010,80,2.294871,2.172418,2.365846,,,,3875552553.9,false,true
2010,85,4.947367,4.831963,5.024609,,,,2242242893.5,false,true
2011,0,101.998092,75.621090,118.039537,305.401327,187.801814,326.029558,3211755519.0,true,true
2011,1,100.283067,72.021198,117.484846,269.064111,168.715584,286.305060,3350900987.4,true,true
2011,2,72.660254,49.610129,86.737917,282.858034,162.792919,304.072859,3673587079.4,true,true
2011,3,70.077711,43.617102,86.767760,269.069585,147.723891,290.732631,3557334101.5,true,true
2011,4,57.998123,35.036490,72.522480,269.446087,149.259259,290.283109,3756459762.7,true,true
2011,5,51.301089,31.944557,63.566757,263.734917,138.087125,285.648703,3295533041.6,true,true
2011,6,58.984313,34.902433,74.355767,282.064255,143.231914,306.314931,3508255086.3,true,true
2011,7,44.216409,26.019242,55.747181,268.778334,140.552417,291.136572,3222161197.0,true,true
2011,8,41.086490,24.973064,51.424292,238.434511,130.653154,257.218421,3671087858.8,true,true
2011,9,41.798048,25.880426,51.793040,258.689680,144.484625,278.221056,3576649245.7,true,true
2011,10,32.745072,20.223214,40.870917,227.117997,131.239402,243.880087,3515945340.5,true,true
2011,11,31.508552,18.289838,40.188385,219.176033,137.891520,233.160047,4170104464.8,true,true
2011,12,25.596830,15.149826,32.333780,236.043973,157.034479,249.714550,3727899985.8,true,true
2011,13,20.290811,12.770983,25.189105,,,,4052223663.7,false,true
2011,14,17.595050,10.896513,21.993975,,,,4155100654.4,false,true
2011,15,11.225122,7.134999,13.939575,,,,4927464502.9,false,true
2011,16,9.262560,6.144027,11.297978,,,,5745990085.7,false,true
2011,17,9.166994,6.387032,11.001020,,,,5399761869.7,false,true
2011,18,4.884781,3.415677,5.882881,,,,4874718648.3,false,true
2011,19,1.770930,1.084386,2.235993,,,,4722798930.0,false,true
2011,20,3.037773,2.199730,3.627007,,,,4647023147.4,false,true
2011,21,2.495795,1.569609,3.096890,,,,4510588309.4,false,true
2011,22,2.165757,1.501166,2.574018,,,,4514873925.6,false,true
2011,23,4.450252,3.257587,5.136524,,,,4249966071.4,false,true
2011,24,4.165289,2.805757,5.062496,,,,3908585074.3,false,true
2011,25,1.955579,1.114806,2.492717,,,,3528431378.8,false,true
2011,26,3.249679,1.916216,4.055964,,,,3903456117.6,false,true
2011,27,3.826648,2.586744,4.597375,,,,3086588438.4,false,true
2011,28,8.469724,5.354196,10.350043,,,,2947062259.8,false,true
2011,29,7.706283,5.745301,8.869613,,,,3627853771.8,false,true
2011,30,7.324527,4.361408,9.152090,,,,3073441690.8,false,true
2011,31,6.299306,3.597757,7.976021,,,,3649658501.6,false,true
2011,32,13.103885,8.981701,15.660057,,,,2771607060.9,false,true
2011,33,6.945033,3.561188,9.175079,,,,3093825672.8,false,true
2011,34,9.874845,5.769578,12.550739,,,,3442817730.9,false,true
2011,35,7.767432,5.474379,9.233251,,,,3086953847.9,false,true
2011,36,6.220526,3.918396,7.664705,,,,2746825078.7,false,true
2011,37,10.181694,6.208170,12.644248,,,,2945142461.1,false,true
2011,38,4.349733,2.639399,5.371581,,,,2911586108.3,false,true
2011,39,7.637596,4.438573,9.635251,,,,3821655525.8,false,true
2011,40,5.516412,3.490721,6.786835,,,,3486873847.7,false,true
2011,41,6.460227,4.555257,7.655158,,,,3615339781.6,false,true
2011,42,6.367306,4.191442,7.789478,,,,3556896336.1,false,true
2011,43,4.604208,3.100867,5.616422,,,,3785666940.9,false,true
2011,44,6.570893,4.550596,7.873200,,,,3853077069.6,false,true
2011,45,3.662943,2.932037,4.122599,,,,3865556101.4,false,true
2011,46,3.819157,2.335881,4.831692,,,,4154990367.6,false,true
2011,47,3.510003,2.233053,4.319625,,,,4396143013.3,false,true
2011,48,2.618877,2.085294,2.954592,,,,4205427802.5,false,true
2011,49,1.980547,1.384602,2.367826,,,,4260285258.2,false,true
2011,50,2.849568,2.218426,3.223196,,,,4594512508.5,false,true
2011,51,1.580801,1.283479,1.779299,,,,4301362177.9,false,true
2011,52,2.028244,1.705835,2.221677,,,,3804148447.1,false,true
2011,53,3.255173,2.960161,3.448307,,,,4099914841.9,false,true
2011,54,2.839955,2.159601,3.261675,,,,4104419046.3,false,true
2011,55,6.019097,5.817475,6.128115,,,,3981512883.0,false,true
2011,56,2.871042,2.397651,3.193125,,,,4141650240.9,false,true
2011,57,4.607413,3.341886,5.356116,,,,3164548186.3,false,true
2011,58,1.060681,0.859081,1.178393,,,,3151741660.8,false,true
2011,59,2.052755,1.916061,2.137311,,,,2823599648.3,false,true
2011,60,3.170658,2.535821,3.630632,,,,2964592917.3,false,true
2011,61,2.902399,2.538638,3.095955,,,,2720599389.9,false,true
2011,62,4.698231,4.347229,4.940332,,,,2626454985.4,false,true
2011,63,2.748582,2.676304,2.799690,,,,2605908113.2,false,true
2011,64,3.237157,3.057719,3.345177,,,,2453636272.8,false,true
2011,65,3.114969,2.435409,3.627153,,,,2061294306.8,false,true
2011,66,2.749618,2.749618,2.749618,,,,2007534577.9,false,true
2011,67,9.942358,9.751569,10.051269,,,,1904272796.4,false,true
2011,68,1.762793,1.641637,1.839718,,,,1869846049.1,false,true
2011,69,4.584789,3.829894,5.028303,,,,1668041032.5,false,true
2011,70,4.107494,3.885100,4.224371,,,,1692729171.8,false,true
2011,71,3.785787,3.785787,3.785787,,,,1430020511.6,false,true
2011,72,1.310863,1.070707,1.463345,,,,1483903340.1,false,true
2011,73,6.084089,6.084089,6.084089,,,,1177293309.7,false,true
2011,74,13.488700,13.193487,13.721533,,,,1192324095.4,false,true
2011,75,3.027155,2.366916,3.394637,,,,1141881448.1,false,true
2011,76,0.520694,0.467094,0.548863,,,,1246832384.1,false,true
2011,77,1.110746,1.110746,1.110746,,,,1145671870.3,false,true
2011,78,2.467176,2.467176,2.467176,,,,969015469.0,false,true
2011,79,0.316120,0.316120,0.316120,,,,899442902.4,false,true
2011,80,2.024733,1.882000,2.101723,,,,4237982003.0,false,true
2011,85,10.418985,9.538040,10.881958,,,,2594770185.0,false,true
2012,0,112.660351,86.305224,128.328104,272.500343,173.742473,289.714899,3043468546.6,true,true
2012,1,92.468780,65.928113,108.819028,261.092613,166.978744,277.265428,3493760997.0,true,true
2012,2,81.238470,54.757068,97.485287,244.241040,147.659217,260.954808,3526859809.1,true,true
2012,3,76.381239,48.336758,94.444186,252.967552,137.564664,272.925138,3319616483.2,true,true
2012,4,69.227485,40.590277,87.565895,238.720990,125.915788,258.627989,3642430923.5,true,true
2012,5,62.310303,38.181593,77.449246,256.150887,135.970157,277.077953,3316399663.1,true,true
2012,6,58.439355,33.439724,74.640916,242.913247,128.200712,263.099758,3616631890.0,true,true
2012,7,54.569614,33.007048,68.550148,248.703836,137.802001,268.061084,3443914984.4,true,true
2012,8,45.860619,26.862800,58.389142,242.330854,131.282121,261.901398,3710203645.4,true,true
2012,9,39.565136,22.791011,50.306891,249.362020,133.545975,270.040587,3591278454.1,true,true
2012,10,33.095171,20.055132,41.496300,229.511868,134.603795,246.195030,3662369367.5,true,true
2012,11,27.949520,16.969247,35.162869,202.273600,128.888424,215.006606,3845325682.8,true,true
2012,12,20.441213,11.532056,26.487618,219.888736,148.284180,232.341624,3878311820.0,true,true
2012,13,19.518832,12.132079,24.302592,,,,4080438184.4,false,true
2012,14,17.459395,11.439205,21.311689,,,,4436313465.4,false,true
2012,15,9.169467,5.976690,11.256523,,,,5405953976.2,false,true
2012,16,9.056933,5.904902,11.241489,,,,6177125411.8,false,true
2012,17,6.362983,4.189538,7.844963,,,,5974772369.8,false,true
2012,18,4.188970,3.205220,4.824650,,,,5413813434.7,false,true
2012,19,3.505215,2.234247,4.289282,,,,4755745132.7,false,true
2012,20,2.244483,1.767147,2.526979,,,,4764799283.7,false,true
2012,21,1.190546,0.847034,1.399744,,,,4383716157.7,false,true
2012,22,2.558851,1.458434,3.209878,,,,4144366893.6,false,true
2012,23,4.431256,2.343560,5.842083,,,,4459825865.3,false,true
2012,24,3.380906,2.284635,4.028558,,,,3901661821.6,false,true
2012,25,2.572231,1.506338,3.229815,,,,3864948645.7,false,true
2012,26,7.163473,4.815915,8.745399,,,,3246487483.5,false,true
2012,27,4.565068,2.229300,6.151102,,,,3353091500.1,false,true
2012,28,5.986404,3.973970,7.258321,,,,3296601078.8,false,true
2012,29,5.020815,2.602773,6.563921,,,,2869525206.3,false,true
2012,30,7.131419,4.495651,8.741137,,,,3181379034.9,false,true
2012,31,6.350570,3.768698,8.038347,,,,3260117500.3,false,true
2012,32,6.946385,3.976731,8.779945,,,,3317816370.8,false,true
2012,33,10.469398,5.765364,13.407290,,,,3080188014.1,false,true
2012,34,9.836618,6.108003,12.170686,,,,3287583466.3,false,true
2012,35,8.802568,5.464139,10.961341,,,,3003105268.3,false,true
2012,36,8.961991,5.176595,11.346947,,,,2787992894.8,false,true
2012,37,8.198716,4.439623,10.747868,,,,3124771685.6,false,true
2012,38,5.741172,3.549662,7.130073,,,,3302923994.6,false,true
2012,39,6.622075,3.817808,8.571815,,,,3495864267.3,false,true
2012,40,7.136964,3.700088,9.589851,,,,3783751982.6,false,true
2012,41,7.490967,5.148613,8.963483,,,,3634123336.3,false,true
2012,42,6.624008,4.351094,8.125394,,,,4123842126.1,false,true
2012,43,4.689273,3.166004,5.638759,,,,3593386725.3,false,true
2012,44,4.144842,2.764458,4.982415,,,,3704865213.1,false,true
2012,45,4.686440,3.429762,5.484081,,,,3656560415.0,false,true
2012,46,6.469974,4.742732,7.531544,,,,3626128112.1,false,true
2012,47,3.474449,2.604951,4.048574,,,,4304920105.9,false,true
2012,48,3.976381,3.326855,4.389332,,,,4287287482.0,false,true
2012,49,2.873459,1.796907,3.533370,,,,4502072318.9,false,true
2012,50,1.893201,1.305816,2.257273,,,,4669777210.4,false,true
2012,51,3.385782,3.039797,3.608266,,,,4728818456.5,false,true
2012,52,2.966705,2.455337,3.319046,,,,3961290251.3,false,true
2012,53,2.733029,2.311619,3.004986,,,,4368048333.6,false,true
2012,54,2.346828,2.014102,2.534923,,,,4218269836.2,false,true
2012,55,4.045270,2.733103,5.036252,,,,3343202006.9,false,true
2012,56,2.157097,1.918683,2.298248,,,,3927929624.4,false,true
2012,57,2.649691,2.361913,2.812619,,,,3275986389.9,false,true
2012,58,2.096611,1.737830,2.295174,,,,3048647950.2,false,true
2012,59,2.751528,2.455677,2.951006,,,,3074480466.9,false,true
2012,60,2.499902,2.054750,2.895653,,,,3119269995.3,false,true
2012,61,4.426081,3.599821,4.899870,,,,3209907519.3,false,true
2012,62,1.779949,1.386998,2.022921,,,,2726592071.7,false,true
2012,63,3.797815,3.760409,3.819742,,,,2662190712.1,false,true
2012,64,7.590236,6.283895,8.411092,,,,2717260807.2,false,true
2012,65,2.478843,2.473822,2.481481,,,,2665018276.5,false,true
2012,66,3.023586,2.795312,3.147104,,,,2021355605.6,false,true
2012,67,5.146379,4.908485,5.303034,,,,1945196888.5,false,true
2012,68,4.179144,4.096129,4.231226,,,,1868541366.6,false,true
2012,69,2.393684,2.387016,2.397188,,,,1981687224.2,false,true
2012,70,6.322647,6.124285,6.426894,,,,1690255536.2,false,true
2012,71,2.210753,2.113582,2.261820,,,,1499824033.8,false,true
2012,72,7.664073,7.395830,7.842496,,,,1518756939.6,false,true
2012,73,7.585800,7.502816,7.641059,,,,1334463203.5,false,true
2012,74,6.444779,6.163302,6.592706,,,,1528129686.6,false,true
2012,75,1.149842,0.891342,1.345647,,,,1194147075.8,false,true
2012,76,4.896887,4.737266,5.012646,,,,1264271383.4,false,true
2012,77,6.829722,6.771734,6.860197,,,,1442068620.1,false,true
2012,78,2.473710,2.462656,2.479520,,,,1135181945.1,false,true
2012,79,2.065720,2.065720,2.065720,,,,994008963.1,false,true
2012,80,2.665423,2.429691,2.883046,,,,4043193679.3,false,true
2012,85,11.783261,11.698577,11.833568,,,,2795723044.2,false,true
2013,0,111.646540,83.935189,128.272595,312.162110,205.546662,330.978469,2897996239.9,true,true
2013,1,98.171435,65.473239,118.366266,260.174447,153.758723,279.525988,3174044468.1,true,true
2013,2,83.821574,58.049129,99.515198,291.154978,177.133574,311.225586,3293658660.3,true,true
2013,3,70.872706,46.277086,86.106916,278.521652,151.766517,301.305093,3177223743.5,true,true
2013,4,71.016114,43.014819,88.765018,286.627617,157.402343,308.962454,3471666842.2,true,true
2013,5,67.720688,40.165208,85.270897,284.854688,146.446323,309.530670,3368599858.8,true,true
2013,6,53.662237,33.948232,66.370479,284.206236,149.288886,308.235127,3812932902.5,true,true
2013,7,50.820437,28.877996,64.862107,270.928577,143.611524,293.811821,3120783087.6,true,true
2013,8,48.495326,28.951378,61.098246,270.459432,145.652460,292.265831,3764154194.3,true,true
2013,9,40.736516,25.361861,50.546144,258.381452,138.506217,279.987168,3651884587.9,true,true
2013,10,40.023975,24.501041,49.986331,225.764952,132.361079,242.238058,3648395332.0,true,true
2013,11,30.505631,19.264716,37.612215,265.603558,165.120857,283.132847,3948644307.9,true,true
2013,12,27.747676,17.283166,34.581236,204.358675,126.222684,218.255031,3839917066.1,true,true
2013,13,20.403377,12.987796,25.111849,,,,4181757911.3,false,true
2013,14,18.465630,11.090140,23.298143,,,,3944149087.3,false,true
2013,15,13.658008,9.635663,16.312771,,,,4850688045.7,false,true
2013,16,10.213310,7.106516,12.158347,,,,5609966254.7,false,true
2013,17,4.874506,3.395391,5.819437,,,,5559720215.2,false,true
2013,18,2.851395,1.818126,3.546057,,,,4691692389.1,false,true
2013,19,2.839560,1.708797,3.614270,,,,4634661722.8,false,true
2013,20,2.540976,1.771859,3.034668,,,,4891333384.9,false,true
2013,21,2.382813,1.752488,2.804924,,,,4463756209.9,false,true
2013,22,2.362375,1.688741,2.735833,,,,4211691650.0,false,true
2013,23,2.330799,1.500751,2.856387,,,,5140972297.1,false,true
2013,24,2.734090,1.476447,3.504317,,,,4518433936.7,false,true
2013,25,5.037962,3.851663,5.839702,,,,3306433437.6,false,true
2013,26,4.241536,2.833215,5.141785,,,,3578944671.5,false,true
2013,27,5.488453,4.252132,6.231711,,,,3675405049.9,false,true
2013,28,8.523284,5.764895,10.256259,,,,3132207531.0,false,true
2013,29,6.397271,3.745146,8.031437,,,,3288852206.2,false,true
2013,30,11.313309,6.597183,14.257170,,,,3254832365.9,false,true
2013,31,9.535773,5.409032,12.223639,,,,3215366371.6,false,true
2013,32,8.540978,4.865033,10.937106,,,,3049299399.4,false,true
2013,33,11.478599,6.192255,14.812136,,,,2906521755.4,false,true
2013,34,10.899659,5.796881,14.388433,,,,2924835553.6,false,true
2013,35,10.887688,7.262259,13.243486,,,,3104268645.4,false,true
2013,36,6.840833,4.277883,8.416188,,,,3391857277.4,false,true
2013,37,10.394412,6.302809,13.011299,,,,2974433736.3,false,true
2013,38,6.545403,3.683633,8.410441,,,,3063032419.5,false,true
2013,39,6.970796,4.584086,8.456242,,,,3492807793.6,false,true
2013,40,6.332382,4.514927,7.427713,,,,3108384345.5,false,true
2013,41,5.297148,3.216519,6.572990,,,,3257946454.5,false,true
2013,42,5.692730,3.680416,7.041596,,,,3732693181.0,false,true
2013,43,4.230118,2.929706,5.053603,,,,3960989271.2,false,true
2013,44,6.152482,3.960338,7.591186,,,,3572720420.4,false,true
2013,45,2.536394,1.674638,3.084825,,,,3704124839.9,false,true
2013,46,6.049920,3.653646,7.677665,,,,3475032255.8,false,true
2013,47,4.942976,3.354399,5.922797,,,,3792880344.2,false,true
2013,48,6.185129,4.459947,7.165904,,,,3729956004.5,false,true
2013,49,3.809339,2.730573,4.452224,,,,4817605509.8,false,true
2013,50,1.548344,1.235279,1.740696,,,,4520909005.0,false,true
2013,51,6.541918,3.717802,8.564886,,,,4766262634.6,false,true
2013,52,6.828811,5.443319,7.677122,,,,4177326425.3,false,true
2013,53,3.567026,3.445163,3.643746,,,,4275032369.5,false,true
2013,54,2.058178,1.728980,2.259102,,,,4181679196.6,false,true
2013,55,4.251390,3.890706,4.468231,,,,3474617136.4,false,true
2013,56,4.360851,3.812942,4.678064,,,,3996719353.3,false,true
2013,57,3.791488,2.506870,4.531795,,,,4114296169.3,false,true
2013,58,2.173328,2.065978,2.243273,,,,3494014015.5,false,true
2013,59,1.527134,1.430085,1.587958,,,,3095573573.8,false,true
2013,60,4.061871,3.125223,4.804873,,,,3282211289.1,false,true
2013,61,3.260447,2.987752,3.456360,,,,3124715614.9,false,true
2013,62,5.438815,2.438930,7.590405,,,,2863831558.7,false,true
2013,63,5.306543,4.386751,5.924872,,,,2530916544.4,false,true
2013,64,4.692845,4.435358,4.860322,,,,2487577265.2,false,true
2013,65,14.189250,14.032936,14.318272,,,,2239086273.0,false,true
2013,66,1.506702,1.395446,1.571080,,,,2527765723.1,false,true
2013,67,6.066927,5.921945,6.165416,,,,2253206942.6,false,true
2013,68,3.540493,3.365623,3.640527,,,,1836535358.8,false,true
2013,69,6.107334,5.636428,6.391201,,,,1916031128.2,false,true
2013,70,2.329749,2.126271,2.447012,,,,1855462270.6,false,true
2013,71,4.653118,4.486279,4.765877,,,,1611938636.9,false,true
2013,72,3.030262,3.030262,3.030262,,,,1374815681.3,false,true
2013,73,2.217512,2.171098,2.241904,,,,1202858403.9,false,true
2013,74,4.731711,4.501125,4.852893,,,,1294684480.0,false,true
2013,75,5.979014,3.084151,7.830358,,,,1348621014.3,false,true
2013,76,4.201299,3.981797,4.340667,,,,934865567.7,false,true
2013,77,2.312781,2.260143,2.350863,,,,1181113808.7,false,true
2013,78,8.428625,8.276987,8.521797,,,,1051236183.7,false,true
2013,79,4.641515,4.641515,4.641515,,,,812571570.8,false,true
2013,80,2.858664,2.298027,3.212121,,,,4122845782.4,false,true
2013,85,10.190776,9.824215,10.395906,,,,3166489671.3,false,true
2014,0,110.809748,84.420320,126.805495,297.216871,198.115037,314.398539,3035029966.7,true,true
2014,1,95.056522,65.567841,112.914904,272.834063,171.601913,290.244022,3678410311.1,true,true
2014,2,77.712869,51.881684,93.633816,289.785510,174.926450,309.657076,3066296307.4,true,true
2014,3,75.263660,47.331728,92.352161,282.534771,161.031659,303.433523,3329508511.9,true,true
2014,4,63.365455,40.524553,77.914692,275.465263,164.199370,294.722435,3481726156.2,true,true
2014,5,57.524353,35.495853,71.510737,246.956405,126.240465,267.721347,3577350692.2,true,true
2014,6,62.024803,38.224568,76.924645,245.581272,134.321108,264.841607,3556200944.1,true,true
2014,7,51.082147,30.449314,64.424325,255.672774,136.790759,275.981120,3866000780.9,true,true
2014,8,51.222198,31.231493,63.960332,240.993617,136.573245,258.803911,3750056931.4,true,true
2014,9,35.882195,21.384728,45.194118,248.244073,149.572595,265.348354,3911892469.8,true,true
2014,10,36.369933,21.818496,45.802968,244.627610,147.719002,261.345526,3781645642.2,true,true
2014,11,31.973143,19.030180,40.618400,209.847736,130.229734,223.713804,3626891347.5,true,true
2014,12,28.778985,18.451135,35.471032,216.630842,135.677384,230.728547,3968451044.5,true,true
2014,13,21.024521,12.212781,26.973254,,,,4083387631.7,false,true
2014,14,18.806074,12.343118,23.138156,,,,4042712580.6,false,true
2014,15,11.965276,6.987180,15.386125,,,,4885465168.9,false,true
2014,16,8.831209,6.291477,10.542147,,,,5420477229.7,false,true
2014,17,5.547717,3.596644,6.860798,,,,5608612884.2,false,true
2014,18,3.487643,2.009720,4.570283,,,,4504936736.9,false,true
2014,19,2.246087,1.837825,2.468005,,,,4414085872.6,false,true
2014,20,1.484322,0.997889,1.805000,,,,4581408179.8,false,true
2014,21,3.396570,2.529337,3.884592,,,,4353485687.9,false,true
2014,22,1.315824,0.762588,1.651263,,,,4121961919.4,false,true
2014,23,1.760571,1.299349,2.036151,,,,4202711906.5,false,true
2014,24,2.215492,1.643876,2.526714,,,,4342821645.4,false,true
2014,25,6.930960,4.771509,8.243770,,,,3723735390.3,false,true
2014,26,5.775480,4.133466,6.789618,,,,3744162325.7,false,true
2014,27,5.911999,3.684244,7.195145,,,,2962707153.7,false,true
2014,28,5.839247,3.519903,7.296949,,,,3957243512.5,false,true
2014,29,7.403986,4.557751,9.117112,,,,3573749505.4,false,true
2014,30,6.787554,4.210968,8.330397,,,,3320413095.3,false,true
2014,31,7.624675,4.641807,9.534067,,,,3061479637.8,false,true
2014,32,12.782243,8.791740,15.267648,,,,3051083827.1,false,true
2014,33,9.989068,5.149816,13.108690,,,,3013358961.9,false,true
2014,34,9.083630,5.129960,11.584075,,,,3364568872.0,false,true
2014,35,9.097191,5.191326,11.504972,,,,3072410474.0,false,true
2014,36,10.946425,6.321700,13.864394,,,,3046114326.1,false,true
2014,37,10.378267,7.060476,12.429486,,,,3467646879.3,false,true
2014,38,7.058891,3.953077,9.119835,,,,3301858299.4,false,true
2014,39,5.276560,2.752469,7.136755,,,,3348756791.7,false,true
2014,40,8.067759,5.308084,9.750832,,,,3121510384.1,false,true
2014,41,7.245758,4.766401,8.761069,,,,3194138101.3,false,true
2014,42,9.154969,6.588398,10.835648,,,,3911476934.3,false,true
2014,43,8.807080,7.348946,9.763543,,,,3847486513.6,false,true
2014,44,3.915067,2.321878,4.912641,,,,3930859276.2,false,true
2014,45,4.225155,2.761716,5.188050,,,,3675374521.3,false,true
2014,46,2.233012,1.456238,2.714734,,,,3588681891.5,false,true
2014,47,3.970519,2.914077,4.594736,,,,3944506263.2,false,true
2014,48,3.538511,2.642684,4.071114,,,,3496168350.3,false,true
2014,49,2.837239,2.230940,3.230697,,,,3982011359.6,false,true
2014,50,2.535712,1.599619,3.089420,,,,4171477969.7,false,true
2014,51,3.994364,3.594165,4.215024,,,,4084032633.1,false,true
2014,52,7.153664,6.782638,7.372376,,,,4680914959.3,false,true
2014,53,4.782601,4.606310,4.879250,,,,4286116453.1,false,true
2014,54,4.389356,3.249625,5.161273,,,,4452570899.4,false,true
2014,55,2.764502,2.445608,2.954047,,,,4045041805.9,false,true
2014,56,1.222112,0.923627,1.388960,,,,3532191368.6,false,true
2014,57,3.078453,2.807084,3.240953,,,,4047675185.6,false,true
2014,58,2.512113,2.457590,2.557358,,,,3556319200.4,false,true
2014,59,2.909663,2.620627,3.079898,,,,3212161545.3,false,true
2014,60,4.857253,4.279811,5.295185,,,,3394200563.4,false,true
2014,61,2.687945,2.588670,2.741803,,,,2822652787.6,false,true
2014,62,4.341847,4.322221,4.352162,,,,2893642915.9,false,true
2014,63,6.608595,6.327381,6.779796,,,,2715590804.4,false,true
2014,64,3.778523,2.952958,4.349125,,,,2985500606.8,false,true
2014,65,2.429873,2.221095,2.587231,,,,2644327622.5,false,true
2014,66,4.903725,4.700445,5.037566,,,,2708018996.8,false,true
2014,67,4.182334,3.880077,4.365358,,,,2846422087.4,false,true
2014,68,6.032114,5.818820,6.164467,,,,1820762037.2,false,true
2014,69,2.573010,2.337600,2.762348,,,,1808002623.0,false,true
2014,70,4.383451,3.921660,4.726596,,,,1805868814.3,false,true
2014,71,3.102616,2.928907,3.252019,,,,1829697765.5,false,true
2014,72,9.263821,8.941454,9.471216,,,,1460023387.1,false,true
2014,73,5.324526,4.710662,5.745546,,,,1621314522.2,false,true
2014,74,3.420763,2.815743,3.836491,,,,1631968449.2,false,true
2014,75,4.350613,4.216552,4.421068,,,,1297223339.3,false,true
2014,76,3.735769,3.273390,3.980966,,,,1172459859.7,false,true
2014,77,2.157585,1.850602,2.352498,,,,1454479986.7,false,true
2014,78,3.837115,3.421449,4.194235,,,,1150563886.6,false,true
2014,79,8.595504,8.459607,8.666924,,,,1274046991.3,false,true
2014,80,6.639178,6.479160,6.723275,,,,4096526211.7,false,true
2014,85,9.437033,9.414945,9.448641,,,,2885192687.6,false,true
2015,0,115.858832,83.496453,135.151110,307.291908,184.797616,328.924630,2979042969.0,true,true
2015,1,101.273669,72.542582,118.767365,272.456940,172.419163,289.970306,3146472619.4,true,true
2015,2,86.542217,57.918787,104.180677,276.804842,160.020779,297.558373,3118324462.7,true,true
2015,3,73.565291,47.394513,89.767819,274.101591,146.892980,296.274929,2963400504.5,true,true
2015,4,66.572983,41.504260,82.096163,267.700313,152.575333,287.439867,3798434649.6,true,true
2015,5,59.752219,37.245430,73.876366,275.105306,145.969725,297.884384,3239303639.4,true,true
2015,6,53.885508,32.738993,67.294041,274.199388,148.135533,296.344863,3735610632.1,true,true
2015,7,54.901378,31.594133,70.072388,236.093014,131.324464,254.646622,3290857995.5,true,true
2015,8,45.517993,26.904322,57.169834,274.469787,150.335576,296.607509,3704297032.1,true,true
2015,9,45.472374,26.572883,57.700916,244.097641,140.411654,262.381251,3669498839.9,true,true
2015,10,38.339040,22.961294,48.338522,238.845891,150.233796,254.065132,3909885385.6,true,true
2015,11,32.118111,20.843174,39.516075,231.107527,139.694648,247.321479,3583746364.2,true,true
2015,12,25.135342,14.857693,31.958222,231.031676,160.957276,242.948252,3785898093.5,true,true
2015,13,22.064761,14.316077,27.129862,,,,4222435522.2,false,true
2015,14,18.545150,12.110269,22.858784,,,,3952848522.2,false,true
2015,15,8.496914,5.536484,10.425539,,,,5504956550.6,false,true
2015,16,6.935855,4.670332,8.555212,,,,5617452232.9,false,true
2015,17,9.616397,5.623918,12.324777,,,,5632778285.8,false,true
2015,18,4.528149,2.952646,5.417306,,,,4977659144.0,false,true
2015,19,1.486739,0.857365,1.880333,,,,4846681534.2,false,true
2015,20,2.741359,1.771874,3.388716,,,,4416603747.8,false,true
2015,21,2.215426,1.410196,2.696412,,,,4567545516.4,false,true
2015,22,0.932011,0.503854,1.255585,,,,4326978535.6,false,true
2015,23,1.142142,0.836422,1.307623,,,,4436126013.1,false,true
2015,24,2.520418,1.970401,2.871775,,,,4460523655.2,false,true
2015,25,3.464337,2.245453,4.195569,,,,3760649060.6,false,true
2015,26,5.770717,3.403946,7.285892,,,,3185603649.1,false,true
2015,27,2.092973,1.331673,2.538429,,,,3374934078.6,false,true
2015,28,6.526286,4.416686,7.777051,,,,3944315333.3,false,true
2015,29,4.590841,2.595241,5.765376,,,,3543170687.6,false,true
2015,30,11.721732,7.074105,14.505259,,,,3289107828.3,false,true
2015,31,6.313707,3.732590,7.971036,,,,3176202634.1,false,true
2015,32,10.088993,6.259347,12.477499,,,,3551870969.2,false,true
2015,33,8.564133,4.737108,10.896333,,,,3210994428.4,false,true
2015,34,12.596923,7.323581,15.899635,,,,3203301308.7,false,true
2015,35,7.680363,4.471996,9.776747,,,,3684960120.7,false,true
2015,36,8.199103,4.807164,10.460642,,,,3433173613.3,false,true
2015,37,11.260327,5.380971,15.305024,,,,2763804182.3,false,true
2015,38,9.568002,6.404743,11.596422,,,,2771215799.8,false,true
2015,39,7.114889,4.330668,8.904857,,,,3404374931.5,false,true
2015,40,8.055926,4.861227,10.093505,,,,3889563857.3,false,true
2015,41,7.445158,4.357257,9.411721,,,,3040605959.6,false,true
2015,42,6.435851,4.507299,7.734028,,,,3358023849.4,false,true
2015,43,3.698923,2.044343,4.824222,,,,3688479412.5,false,true
2015,44,4.860790,3.033646,5.989842,,,,3488305881.2,false,true
2015,45,4.340382,2.970572,5.237922,,,,3645346777.3,false,true
2015,46,3.890535,2.777260,4.524241,,,,3950435341.8,false,true
2015,47,2.783816,1.911582,3.359279,,,,3876927715.7,false,true
2015,48,3.636907,2.671194,4.194333,,,,4247958394.6,false,true
2015,49,2.905368,2.010852,3.438322,,,,3876951715.2,false,true
2015,50,4.495557,3.427222,5.207179,,,,4317447153.4,false,true
2015,51,4.716242,4.092209,5.085610,,,,4613853059.0,false,true
2015,52,2.816969,2.711747,2.873225,,,,3923311719.2,false,true
2015,53,2.713124,2.323197,2.948265,,,,4001232884.2,false,true
2015,54,2.947388,2.457738,3.265958,,,,4399825385.7,false,true
2015,55,1.957218,1.740841,2.097544,,,,4591764347.4,false,true
2015,56,2.425310,2.184068,2.553262,,,,3765752299.4,false,true
2015,57,8.335928,8.148931,8.445788,,,,3748034006.5,false,true
2015,58,4.113072,4.103408,4.118151,,,,3464841884.6,false,true
2015,59,7.259801,6.590502,7.736344,,,,3254731600.0,false,true
2015,60,4.294281,3.987395,4.469855,,,,3359546448.4,false,true
2015,61,3.892398,3.252771,4.281885,,,,3155510493.8,false,true
2015,62,4.655750,4.159951,5.041148,,,,2787380403.6,false,true
2015,63,5.590553,5.349278,5.777489,,,,2801178617.7,false,true
2015,64,4.192783,3.893476,4.382069,,,,2908908862.4,false,true
2015,65,4.673257,4.527040,4.757843,,,,2657324687.8,false,true
2015,66,2.209534,2.038095,2.305306,,,,2327014156.0,false,true
2015,67,2.165406,2.036982,2.242956,,,,2329652060.3,false,true
2015,68,5.058026,4.441409,5.427703,,,,2732941433.0,false,true
2015,69,5.720843,5.506766,5.885752,,,,2285331523.9,false,true
2015,70,5.349190,4.690976,5.695109,,,,1609676933.4,false,true
2015,71,4.135963,3.970296,4.230797,,,,1731046562.0,false,true
2015,72,7.624731,7.565870,7.655665,,,,1949839481.0,false,true
2015,73,6.595239,6.442077,6.675732,,,,1643519784.3,false,true
2015,74,6.499090,6.495951,6.500740,,,,1417129932.0,false,true
2015,75,2.329700,2.329700,2.329700,,,,1604986599.7,false,true
2015,76,5.127549,4.947632,5.222103,,,,1002727995.8,false,true
2015,77,8.673837,8.592088,8.725377,,,,1335950249.5,false,true
2015,78,5.095845,4.882543,5.207944,,,,924543274.9,false,true
2015,79,4.074929,4.074929,4.074929,,,,886309925.2,false,true
2015,80,8.493481,8.187817,8.697379,,,,4339456819.1,false,true
2015,85,7.029494,6.611404,7.274751,,,,3327909043.4,false,true
2016,0,116.705706,82.839970,137.194669,312.301644,201.785302,331.736152,3140400614.0,true,true
2016,1,91.832133,63.576662,108.812186,282.073300,169.898637,301.261186,3235249574.3,true,true
2016,2,78.936312,54.146564,94.336942,300.523246,183.956176,320.756045,3224277263.5,true,true
2016,3,75.989753,49.623361,92.232537,281.549093,151.933498,303.941208,3258126316.1,true,true
2016,4,65.176319,42.353381,79.558273,255.272622,137.543271,276.012240,3660948112.8,true,true
2016,5,63.684233,39.735506,79.053395,253.908306,135.631346,274.491288,3118253175.8,true,true
2016,6,56.664725,33.852426,71.258277,271.365969,148.074678,292.985349,3510427749.1,true,true
2016,7,54.323306,34.798592,66.453761,261.255332,141.742645,281.830618,3313622865.9,true,true
2016,8,42.818317,25.707450,53.643330,255.770378,144.101668,275.209814,3568252615.4,true,true
2016,9,45.150292,26.557032,57.034631,243.774432,133.378674,263.265930,3650941175.6,true,true
2016,10,34.064131,20.153890,43.172491,250.130111,149.305633,267.788825,3363540728.3,true,true
2016,11,32.644635,22.070626,39.286694,254.278513,170.581717,268.623613,3478061141.6,true,true
2016,12,21.327056,13.536742,26.453493,230.994966,142.913458,246.508876,4204297456.9,true,true
2016,13,20.683664,14.230970,24.625111,,,,3837160234.9,false,true
2016,14,18.224489,12.439007,21.927270,,,,4245050024.3,false,true
2016,15,9.910395,6.945083,11.743952,,,,5649431409.1,false,true
2016,16,7.993230,5.596940,9.491916,,,,5834418510.2,false,true
2016,17,6.958545,4.905606,8.214699,,,,5660208862.0,false,true
2016,18,5.328756,4.044772,6.163307,,,,5759184275.9,false,true
2016,19,2.703637,1.588397,3.456990,,,,4610133467.4,false,true
2016,20,2.527923,1.796076,2.985650,,,,4758622708.9,false,true
2016,21,4.508033,3.395023,5.185622,,,,4705787772.9,false,true
2016,22,2.405279,1.550185,2.955957,,,,3635850636.9,false,true
2016,23,1.808128,1.430586,2.019746,,,,3668718404.2,false,true
2016,24,4.526248,2.531790,5.766323,,,,3485918045.2,false,true
2016,25,5.689883,4.458497,6.422889,,,,3945125090.6,false,true
2016,26,3.076997,2.284008,3.524796,,,,4044548439.0,false,true
2016,27,3.922824,2.733017,4.630517,,,,4137716543.9,false,true
2016,28,5.464731,3.763530,6.430179,,,,3079631570.6,false,true
2016,29,8.761103,6.276056,10.281179,,,,3605483418.7,false,true
2016,30,9.996726,6.073379,12.359271,,,,3687689515.7,false,true
2016,31,8.266188,5.339505,10.080824,,,,3140164305.5,false,true
2016,32,8.524619,5.315925,10.508087,,,,3642481102.4,false,true
2016,33,12.663134,7.349873,15.876528,,,,3240536155.5,false,true
2016,34,10.058000,6.288742,12.379073,,,,3251269810.8,false,true
2016,35,14.452729,10.194354,17.110194,,,,3172551860.4,false,true
2016,36,9.468176,4.976656,12.467684,,,,3313554909.8,false,true
2016,37,8.734251,5.240053,10.961139,,,,3221071168.6,false,true
2016,38,9.653206,6.664284,11.494040,,,,3275623776.6,false,true
2016,39,7.433193,5.461740,8.617926,,,,3131123037.2,false,true
2016,40,10.678689,7.091629,13.018374,,,,3344116957.0,false,true
2016,41,9.416768,6.786598,11.053883,,,,3081928829.9,false,true
2016,42,6.286875,4.966071,7.122119,,,,3530482108.5,false,true
2016,43,5.483705,3.604162,6.697554,,,,3276298361.6,false,true
2016,44,7.590466,5.673576,8.868650,,,,3527581569.6,false,true
2016,45,4.362354,3.025426,5.185274,,,,4265134285.3,false,true
2016,46,5.529609,4.228823,6.311838,,,,3999272151.3,false,true
2016,47,3.813189,2.635455,4.491253,,,,3943878303.5,false,true
2016,48,5.621788,4.329829,6.438049,,,,4297037450.4,false,true
2016,49,3.731981,3.024148,4.125333,,,,3879391297.5,false,true
2016,50,3.440180,2.861727,3.820263,,,,3924751060.9,false,true
2016,51,2.989000,2.458915,3.299100,,,,4423891261.3,false,true
2016,52,3.016406,2.217679,3.496026,,,,4622180799.2,false,true
2016,53,2.653926,2.239759,2.949779,,,,4310802544.2,false,true
2016,54,3.992653,3.251044,4.470331,,,,3941209289.3,false,true
2016,55,2.492364,2.197547,2.662360,,,,3824112307.7,false,true
2016,56,2.599175,2.509121,2.650899,,,,3737196085.0,false,true
2016,57,2.795135,2.573273,2.932087,,,,4112280825.5,false,true
2016,58,1.674127,1.461178,1.803547,,,,3696850029.7,false,true
2016,59,3.057862,2.868101,3.179890,,,,3636670556.2,false,true
2016,60,5.492737,5.190314,5.668315,,,,3394690916.7,false,true
2016,61,2.785931,2.717818,2.829179,,,,3229960145.7,false,true
2016,62,4.105260,3.821975,4.261486,,,,3218317400.7,false,true
2016,63,1.534541,1.309207,1.652963,,,,3239137025.1,false,true
2016,64,4.235598,3.986961,4.366463,,,,3105150103.5,false,true
2016,65,2.896370,2.846547,2.926592,,,,2602629446.5,false,true
2016,66,9.275082,8.386602,9.871205,,,,2200965748.1,false,true
2016,67,2.035853,2.004101,2.054022,,,,2470254166.1,false,true
2016,68,14.530018,13.686801,15.024115,,,,2383977580.0,false,true
2016,69,5.457327,5.365410,5.510977,,,,2433021864.7,false,true
2016,70,4.416923,4.080344,4.632154,,,,1647558460.4,false,true
2016,71,7.956060,7.823580,8.040176,,,,1783579584.4,false,true
2016,72,8.287447,8.144867,8.370377,,,,1675846999.6,false,true
2016,73,6.430332,6.008764,6.735315,,,,1700962676.4,false,true
2016,74,4.695738,4.003777,5.069651,,,,1599429938.4,false,true
2016,75,3.399870,3.399870,3.399870,,,,1478433637.0,false,true
2016,76,3.427990,3.181432,3.584537,,,,1297887197.5,false,true
2016,77,5.066341,5.003095,5.106497,,,,1016030879.6,false,true
2016,78,6.140508,5.677697,6.383735,,,,1134848609.4,false,true
2016,79,0.704136,0.674730,0.719589,,,,1109490711.1,false,true
2016,80,6.261412,6.104187,6.347997,,,,4471379571.1,false,true
2016,85,12.333796,11.679904,12.710585,,,,3260579218.1,false,true
2017,0,118.121469,84.965294,138.325024,292.780720,185.643134,311.240261,3059959150.4,true,true
2017,1,93.355624,63.305080,111.486507,287.178135,173.707508,306.680317,3045073057.5,true,true
2017,2,91.071767,61.651247,109.325179,278.123696,171.330817,296.415185,3142648220.8,true,true
2017,3,84.477155,55.291471,102.701323,285.223691,162.210799,305.959711,3036536959.1,true,true
2017,4,78.715326,48.410768,97.599265,263.430383,136.853504,285.494019,3306524495.7,true,true
2017,5,60.321874,38.323805,74.125617,282.239707,155.401171,304.337307,3404053705.5,true,true
2017,6,53.691550,30.344133,68.882243,255.760450,139.271607,275.746533,3388507922.2,true,true
2017,7,52.296951,30.121558,66.370361,278.739902,147.305976,301.526352,3188012431.3,true,true
2017,8,50.396956,28.342599,64.738953,245.097309,135.122527,264.279008,3410775400.8,true,true
2017,9,39.890161,25.627777,49.134198,247.537166,147.515134,264.854294,3564437123.4,true,true
2017,10,35.555516,22.070320,44.433649,248.838032,160.068636,264.074803,3943945669.5,true,true
2017,11,23.561960,14.089254,29.669927,208.997706,135.290070,221.651215,3522252530.4,true,true
2017,12,23.239066,14.745436,28.950632,204.086108,136.069633,215.717902,4008664401.7,true,true
2017,13,21.599658,12.917360,27.275890,,,,3909705095.3,false,true
2017,14,18.169520,11.783906,22.296083,,,,3865636474.5,false,true
2017,15,10.039031,6.832377,12.207016,,,,4879930027.2,false,true
2017,16,11.230563,8.928645,12.792231,,,,5943650790.5,false,true
2017,17,6.261500,4.977994,7.107556,,,,5478084031.4,false,true
2017,18,2.295641,1.560295,2.780295,,,,4795774038.2,false,true
2017,19,1.138986,0.813893,1.327989,,,,4258895089.7,false,true
2017,20,5.248199,4.761609,5.566358,,,,4749799841.4,false,true
2017,21,1.518055,0.975292,1.886367,,,,3329696018.0,false,true
2017,22,3.343242,1.911532,4.222852,,,,4396986609.1,false,true
2017,23,2.831172,1.995185,3.294358,,,,3757047363.9,false,true
2017,24,2.907140,2.168050,3.352412,,,,4785689342.5,false,true
2017,25,3.603625,2.116090,4.509698,,,,3474748037.1,false,true
2017,26,2.649688,1.787808,3.132376,,,,4144260876.7,false,true
2017,27,4.179094,2.851831,4.958472,,,,3702491713.4,false,true
2017,28,11.368473,7.973800,13.359959,,,,3853185975.9,false,true
2017,29,5.857099,3.595457,7.206730,,,,3448049015.0,false,true
2017,30,5.929738,3.404235,7.499227,,,,3404011002.4,false,true
2017,31,5.734326,3.218499,7.288093,,,,3399356045.6,false,true
2017,32,7.329075,4.090219,9.373839,,,,3216072940.5,false,true
2017,33,12.661182,8.804199,15.011840,,,,3363487226.7,false,true
2017,34,9.683897,6.619851,11.655955,,,,3090026497.3,false,true
2017,35,12.029075,7.319210,14.985510,,,,3200464225.2,false,true
2017,36,9.395959,5.858240,11.715530,,,,3621365921.5,false,true
2017,37,7.671741,4.689753,9.562219,,,,3664755995.8,false,true
2017,38,6.584497,3.958817,8.250499,,,,3732837400.8,false,true
2017,39,12.349910,7.354109,15.587319,,,,2946558617.4,false,true
2017,40,7.335767,4.510712,9.072523,,,,3655421952.1,false,true
2017,41,7.871551,4.880113,9.742357,,,,3120071365.2,false,true
2017,42,5.830512,3.584085,7.294256,,,,3412732887.4,false,true
2017,43,7.113206,5.187608,8.381697,,,,3439079673.7,false,true
2017,44,6.459421,4.581483,7.576740,,,,3555272222.6,false,true
2017,45,5.040333,3.398532,6.118340,,,,3642911035.8,false,true
2017,46,3.197287,2.470714,3.651567,,,,4427971855.0,false,true
2017,47,5.843088,4.713785,6.517691,,,,3966945861.1,false,true
2017,48,5.165386,3.826663,6.137480,,,,4048313660.7,false,true
2017,49,4.212973,3.177296,4.827277,,,,3478973287.1,false,true
2017,50,2.981195,2.605562,3.226270,,,,4001269762.2,false,true
2017,51,3.841703,3.687876,3.931611,,,,3859342585.2,false,true
2017,52,3.564723,2.742833,4.017381,,,,4148410230.6,false,true
2017,53,3.321301,3.043524,3.480295,,,,4011926593.3,false,true
2017,54,2.656654,2.381194,2.822319,,,,4432540795.3,false,true
2017,55,2.684670,2.458769,2.830277,,,,4522604595.9,false,true
2017,56,2.037689,1.914574,2.104478,,,,3922949814.8,false,true
2017,57,7.028234,6.803739,7.165930,,,,3781958689.7,false,true
2017,58,1.393031,1.357442,1.411734,,,,4042662194.4,false,true
2017,59,2.860080,2.514768,3.045312,,,,3740594509.9,false,true
2017,60,2.118101,2.094416,2.130548,,,,3550773623.5,false,true
2017,61,5.326665,5.091713,5.510789,,,,3578180584.9,false,true
2017,62,5.157426,4.646792,5.477323,,,,3276588691.8,false,true
2017,63,1.609193,1.589197,1.619701,,,,2898633142.8,false,true
2017,64,3.650833,3.372166,3.839349,,,,2730737823.7,false,true
2017,65,6.349414,5.983148,6.604119,,,,2680552315.4,false,true
2017,66,4.798934,4.302216,5.116885,,,,2546577807.2,false,true
2017,67,5.190455,5.127628,5.223474,,,,2795427805.6,false,true
2017,68,4.261219,4.039698,4.394605,,,,2642498761.3,false,true
2017,69,1.915992,1.837390,1.965898,,,,2470913494.6,false,true
2017,70,3.560942,2.795216,4.037222,,,,2258046091.4,false,true
2017,71,3.270305,2.696863,3.587046,,,,1752087274.9,false,true
2017,72,1.633925,1.633925,1.633925,,,,1788212332.7,false,true
2017,73,3.854306,3.854306,3.854306,,,,1719532607.6,false,true
2017,74,4.421267,3.720244,4.864921,,,,1675012444.4,false,true
2017,75,0.884428,0.884428,0.884428,,,,1628166874.0,false,true
2017,76,6.440613,5.080200,7.155566,,,,1505276544.6,false,true
2017,77,5.552658,5.228197,5.802921,,,,1384834897.3,false,true
2017,78,7.410092,7.410092,7.410092,,,,1226187405.2,false,true
2017,79,6.483071,6.483071,6.483071,,,,1288941103.7,false,true
2017,80,9.949352,9.798127,10.036872,,,,4228262642.4,false,true
2017,85,10.263916,9.833904,10.497248,,,,2981160299.7,false,true
2018,0,120.640460,90.500846,138.950929,261.187434,157.220167,279.196072,2960715741.0,true,true
2018,1,86.005030,60.962372,101.187640,272.205419,168.531207,289.947411,2734825829.2,true,true
2018,2,85.618639,58.313614,102.860439,273.896416,161.364914,294.007538,3304457001.5,true,true
2018,3,75.490766,47.506865,92.754233,296.266330,161.750613,319.955868,2988567824.0,true,true
2018,4,74.191400,47.357957,90.758148,277.500733,161.232332,297.361038,2882857792.5,true,true
2018,5,70.616014,44.222916,87.373342,267.151786,139.754438,289.703315,3399877237.9,true,true
2018,6,54.215584,32.912733,67.845828,242.555032,127.695339,262.493573,3429742519.5,true,true
2018,7,62.131513,36.582494,78.338188,263.996384,142.697397,285.118652,3512414694.6,true,true
2018,8,42.237663,25.121767,53.131008,279.646838,160.861546,299.826853,3350086859.9,true,true
2018,9,41.871604,23.919186,53.520659,253.299228,142.469004,273.002264,3587943739.7,true,true
2018,10,35.141470,19.963517,45.091261,239.226901,142.700555,256.183659,4017683141.6,true,true
2018,11,33.061710,19.575984,41.871838,242.008980,155.126885,257.181540,4159440231.5,true,true
2018,12,24.675366,15.599248,30.426103,231.664737,151.114640,246.228300,4166072673.0,true,true
2018,13,21.454360,13.112600,26.826805,,,,4267867826.0,false,true
2018,14,20.203764,11.678050,25.823780,,,,4026437213.8,false,true
2018,15,9.314581,5.511493,11.729049,,,,4992188042.5,false,true
2018,16,6.435761,4.375047,7.861242,,,,6013325589.1,false,true
2018,17,7.066433,5.357667,8.155906,,,,6050881184.6,false,true
2018,18,3.985258,2.588140,4.904668,,,,5046271954.7,false,true
2018,19,2.043662,1.360281,2.521134,,,,4445518257.5,false,true
2018,20,4.047258,2.669909,4.840890,,,,4534327989.9,false,true
2018,21,2.375238,1.679882,2.799825,,,,5118941736.0,false,true
2018,22,0.641126,0.519413,0.723277,,,,4184455452.3,false,true
2018,23,5.983976,5.314059,6.421251,,,,4010559243.4,false,true
2018,24,3.499423,2.290606,4.191306,,,,3569283358.9,false,true
2018,25,3.618996,2.668519,4.223410,,,,3586018663.7,false,true
2018,26,4.724516,2.698193,5.951183,,,,3570251868.1,false,true
2018,27,5.134222,3.656566,6.001624,,,,3959430447.6,false,true
2018,28,4.929723,3.718458,5.705673,,,,3773358944.6,false,true
2018,29,4.349867,2.337804,5.596598,,,,3638308871.4,false,true
2018,30,4.748634,3.114662,5.717413,,,,3386025660.3,false,true
2018,31,10.929798,7.337183,13.118971,,,,3256014836.1,false,true
2018,32,10.149189,5.843421,12.941724,,,,3488794266.8,false,true
2018,33,10.104909,6.031898,12.700972,,,,3585434222.7,false,true
2018,34,9.962617,5.899352,12.542583,,,,2861658602.1,false,true
2018,35,11.522290,6.162575,14.867371,,,,3455885348.9,false,true
2018,36,12.157753,7.276705,15.196635,,,,3213954445.6,false,true
2018,37,10.913674,6.658959,13.672896,,,,3611454188.8,false,true
2018,38,5.079706,2.752898,6.606690,,,,3309537478.9,false,true
2018,39,6.391391,3.899608,8.027460,,,,3229117685.5,false,true
2018,40,7.248780,4.592849,8.976932,,,,3469449849.5,false,true
2018,41,6.807546,5.146070,7.899594,,,,3003463897.5,false,true
2018,42,7.253762,4.814441,8.827706,,,,3599449770.5,false,true
2018,43,4.330917,2.501286,5.509421,,,,3607625702.7,false,true
2018,44,5.900215,3.611162,7.319188,,,,3073439323.3,false,true
2018,45,4.421138,2.692641,5.483261,,,,3616009811.3,false,true
2018,46,8.547279,6.312937,9.771326,,,,3834559778.7,false,true
2018,47,6.042855,4.862434,6.759650,,,,4020079293.2,false,true
2018,48,3.140655,2.378945,3.610995,,,,4493699148.4,false,true
2018,49,8.524518,7.671716,9.058439,,,,3782901073.6,false,true
2018,50,3.738221,2.078232,4.861325,,,,4330527548.6,false,true
2018,51,5.046773,4.713114,5.247288,,,,3517697210.2,false,true
2018,52,7.185668,5.219844,8.526571,,,,3805102868.9,false,true
2018,53,5.130147,4.618845,5.470043,,,,4052903102.2,false,true
2018,54,0.693984,0.657387,0.716925,,,,4178665890.7,false,true
2018,55,2.379534,2.212866,2.480137,,,,3985571366.3,false,true
2018,56,3.273790,2.907903,3.492652,,,,3186713488.7,false,true
2018,57,1.795714,1.529021,1.943419,,,,3929518052.1,false,true
2018,58,6.028526,5.509097,6.334799,,,,3671399747.0,false,true
2018,59,5.988936,4.698497,6.667116,,,,4949485189.9,false,true
2018,60,4.533784,4.009198,4.857534,,,,3544679629.8,false,true
2018,61,3.326292,3.267187,3.367022,,,,3611661479.8,false,true
2018,62,3.205056,2.593759,3.607130,,,,3646041837.2,false,true
2018,63,6.869985,6.728827,6.952314,,,,3390185961.9,false,true
2018,64,10.321839,9.931310,10.595395,,,,2878610806.0,false,true
2018,65,10.294108,10.084439,10.427233,,,,3115948951.9,false,true
2018,66,14.947082,13.105661,15.955337,,,,2587254982.4,false,true
2018,67,7.416723,6.991294,7.710270,,,,2354566132.5,false,true
2018,68,11.677179,11.606623,11.714259,,,,2474408229.0,false,true
2018,69,3.889493,3.844189,3.913303,,,,2363233988.1,false,true
2018,70,4.036775,4.029378,4.042126,,,,2488045934.2,false,true
2018,71,6.938326,6.872419,6.972962,,,,2208541407.9,false,true
2018,72,3.090070,3.090070,3.090070,,,,1681787841.7,false,true
2018,73,9.575299,9.425601,9.653972,,,,1731947557.0,false,true
2018,74,0.708770,0.570681,0.781341,,,,1617341919.8,false,true
2018,75,2.748141,2.569596,2.890778,,,,1917141585.6,false,true
2018,76,8.190347,6.907100,9.090933,,,,1419663459.0,false,true
2018,77,3.504130,3.504130,3.504130,,,,1343554395.3,false,true
2018,78,4.049250,3.410304,4.483871,,,,1197381286.3,false,true
2018,79,1.894730,1.880310,1.906250,,,,1130082752.4,false,true
2018,80,7.451608,7.441370,7.456988,,,,4391145657.1,false,true
2018,85,6.301038,6.131910,6.389977,,,,3199922678.7,false,true
2019,0,127.486372,95.228676,146.864574,300.932248,200.126070,318.753458,2416662251.3,true,true
2019,1,98.012994,69.056171,115.125476,284.440646,176.886275,302.909862,2845995626.4,true,true
2019,2,97.279399,65.315770,116.905380,291.028628,168.510547,312.613385,2855282402.3,true,true
2019,3,68.395914,43.175060,83.806048,250.546426,150.287780,267.898079,3406684992.2,true,true
2019,4,74.932067,47.044418,92.082254,282.530943,160.478655,303.297857,3104006046.0,true,true
2019,5,65.372616,39.176208,82.020833,266.854256,137.781321,289.692955,3413114128.1,true,true
2019,6,58.810779,36.030162,73.334467,245.736436,131.495058,265.307146,2828153890.7,true,true
2019,7,57.007277,33.119367,72.190962,274.330282,147.994406,296.563885,3186992976.4,true,true
2019,8,40.516257,24.619232,50.617792,239.897052,135.421762,258.205896,3653126368.0,true,true
2019,9,45.453188,25.707786,58.504328,237.960026,132.197425,256.487826,3479432912.7,true,true
2019,10,30.118120,19.203649,36.949344,237.255216,144.463701,253.708303,3648617965.0,true,true
2019,11,29.939376,17.346311,38.179629,222.389919,139.854439,237.165359,4313609275.7,true,true
2019,12,22.017911,13.702092,27.373815,203.290707,131.155150,215.503202,4398350642.0,true,true
2019,13,21.743682,12.574617,27.543510,,,,4369872708.4,false,true
2019,14,11.208651,7.539479,13.607995,,,,3960067555.0,false,true
2019,15,10.327534,6.927092,12.551482,,,,5146175917.9,false,true
2019,16,8.150502,5.097807,10.216401,,,,5549304095.0,false,true
2019,17,4.926975,3.760771,5.597394,,,,5655786205.3,false,true
2019,18,2.737546,1.957120,3.208331,,,,5623818244.8,false,true
2019,19,3.210601,2.787186,3.509197,,,,4504192520.6,false,true
2019,20,1.697838,1.260030,1.942612,,,,4998120694.2,false,true
2019,21,1.418315,0.994436,1.655564,,,,4960851345.1,false,true
2019,22,6.686545,5.412661,7.553043,,,,4039522304.5,false,true
2019,23,2.375510,1.424602,2.913072,,,,2822308318.6,false,true
2019,24,2.852579,1.990927,3.359120,,,,4183040943.3,false,true
2019,25,2.526620,1.345683,3.296088,,,,4314087509.1,false,true
2019,26,4.991079,3.572116,5.848216,,,,3626430664.7,false,true
2019,27,5.078792,3.562998,6.039890,,,,3519647152.9,false,true
2019,28,7.541188,5.165138,8.905910,,,,3966530965.7,false,true
2019,29,7.311983,4.759424,8.798430,,,,3324554976.4,false,true
2019,30,6.437938,3.620173,8.267270,,,,3967429180.5,false,true
2019,31,8.277607,5.023025,10.252954,,,,3400912821.4,false,true
2019,32,9.236294,5.470155,11.637242,,,,3375677150.4,false,true
2019,33,8.761758,4.764210,11.319084,,,,3406387230.1,false,true
2019,34,10.724354,5.895014,13.707442,,,,2839690964.7,false,true
2019,35,8.981796,5.015206,11.424382,,,,3166422157.3,false,true
2019,36,9.178549,5.414236,11.597386,,,,3714719696.3,false,true
2019,37,6.737682,4.147263,8.341013,,,,3237164000.8,false,true
2019,38,9.910269,7.258789,11.546975,,,,3429207696.6,false,true
2019,39,11.123526,8.736088,12.622004,,,,3600805607.6,false,true
2019,40,5.300190,3.379435,6.482995,,,,3195281335.8,false,true
2019,41,7.051802,4.641880,8.621078,,,,3302628980.3,false,true
2019,42,7.405246,5.119691,8.854243,,,,3086355092.0,false,true
2019,43,3.797813,2.804908,4.401074,,,,3647849848.7,false,true
2019,44,3.970582,2.877630,4.685215,,,,3556642828.6,false,true
2019,45,3.939680,2.969299,4.490639,,,,3358657749.3,false,true
2019,46,4.051003,2.880674,4.785818,,,,3549935918.9,false,true
2019,47,3.310921,2.672265,3.722701,,,,4260928985.9,false,true
2019,48,2.446648,1.460996,3.055301,,,,4338167494.4,false,true
2019,49,2.416843,1.851150,2.721805,,,,4293963860.0,false,true
2019,50,1.735668,1.393215,1.965574,,,,4291537171.0,false,true
2019,51,3.071737,2.337742,3.468713,,,,4015912405.3,false,true
2019,52,3.608778,3.254472,3.810270,,,,3594406682.2,false,true
2019,53,4.234133,4.056994,4.350682,,,,3958434049.2,false,true
2019,54,1.393103,1.013287,1.612141,,,,4460203897.2,false,true
2019,55,5.710974,5.521911,5.820341,,,,4141295301.3,false,true
2019,56,4.515388,4.248571,4.677860,,,,3705976940.3,false,true
2019,57,6.018073,5.646319,6.285666,,,,3865044787.6,false,true
2019,58,3.506126,3.282777,3.643363,,,,3969237743.4,false,true
2019,59,3.266097,2.864659,3.563905,,,,3425148333.1,false,true
2019,60,8.952675,8.730147,9.114500,,,,3417317332.0,false,true
2019,61,4.294315,3.983976,4.474988,,,,3091257594.6,false,true
2019,62,1.562187,1.319611,1.706557,,,,3340696141.0,false,true
2019,63,4.732025,4.684630,4.760764,,,,3194855053.6,false,true
2019,64,4.389867,4.286727,4.444072,,,,3110690334.0,false,true
2019,65,3.580562,3.187413,3.822247,,,,2717232292.7,false,true
2019,66,4.105620,4.080267,4.121717,,,,2658857571.7,false,true
2019,67,7.713814,7.569004,7.805759,,,,2710488947.7,false,true
2019,68,8.675233,8.672771,8.676796,,,,2436744518.7,false,true
2019,69,3.040796,2.928389,3.103778,,,,2388528715.4,false,true
2019,70,2.257892,2.242701,2.265875,,,,1971777413.1,false,true
2019,71,4.005471,4.005471,4.005471,,,,2353578447.1,false,true
2019,72,4.059439,3.935251,4.141668,,,,2291703851.6,false,true
2019,73,4.251107,4.251107,4.251107,,,,1811000862.6,false,true
2019,74,3.544100,3.105965,3.774358,,,,1486566302.0,false,true
2019,75,7.621300,5.099576,9.222424,,,,1898460197.5,false,true
2019,76,5.177293,4.770750,5.529036,,,,1584879745.9,false,true
2019,77,5.692443,4.614724,6.376721,,,,1610502651.6,false,true
2019,78,6.256507,4.944237,7.082639,,,,1391152141.0,false,true
2019,79,5.442873,5.418308,5.455783,,,,1157985173.8,false,true
2019,80,7.943471,7.716614,8.094129,,,,4462379726.9,false,true
2019,85,4.457692,4.027570,4.800205,,,,2914143438.0,false,true
2020,0,110.740924,79.983238,129.185392,310.251699,197.662271,329.317927,2245685563.7,true,false
2020,1,113.435895,80.812822,132.750172,293.874083,186.103899,312.621099,2313239018.4,true,false
2020,2,82.913845,55.144526,99.656713,308.769425,166.253253,333.358292,2485553278.7,true,false
2020,3,103.321562,67.343741,126.799833,306.440457,171.128482,330.042994,3002994656.7,true,false
2020,4,82.344894,54.475697,99.447063,299.847395,162.224069,323.526480,2610138425.8,true,false
2020,5,73.057888,43.742567,92.819802,275.122171,143.718545,298.209346,2950472218.4,true,false
2020,6,67.347614,39.280163,85.852323,303.561277,169.720629,326.709127,2850030010.7,true,false
2020,7,62.248867,36.757250,79.397396,327.808914,188.299960,351.798250,3299901107.2,true,false
2020,8,53.890169,34.189429,66.484443,309.512427,168.582299,333.409410,2592791695.8,true,false
2020,9,44.572608,25.376625,57.802335,311.965342,181.436025,334.586976,2927259254.8,true,false
2020,10,39.878093,24.279408,50.548019,267.513012,167.834434,284.955758,3116196186.9,true,false
2020,11,31.921868,19.737306,40.390088,298.040366,201.494498,314.345140,3583710741.3,true,false
2020,12,19.297962,11.784968,24.231640,272.346348,176.368230,288.900334,3085270476.4,true,false
2020,13,17.803516,10.029336,23.274127,,,,3355618835.9,false,false
2020,14,21.877448,11.616946,29.871179,,,,3991679776.1,false,false
2020,15,11.855330,6.637834,15.889434,,,,3946144364.3,false,false
2020,16,8.366371,5.972647,9.888820,,,,4435791103.7,false,false
2020,17,4.508990,3.052077,5.432978,,,,5236148930.9,false,false
2020,18,2.384179,1.663424,2.819282,,,,3914421577.0,false,false
2020,19,9.381838,7.685352,10.387953,,,,3918279506.7,false,false
2020,20,4.406492,3.781241,4.915382,,,,3648347424.3,false,false
2020,21,6.895828,4.478069,8.242046,,,,3601775405.5,false,false
2020,22,9.566247,5.904667,11.558737,,,,3198071670.8,false,false
2020,23,1.064575,0.858617,1.178980,,,,3847470721.0,false,false
2020,24,2.255284,2.005652,2.396902,,,,3457785141.8,false,false
2020,25,4.908519,2.506931,6.378047,,,,3175840843.0,false,false
2020,26,1.456456,0.855047,1.819579,,,,2979323106.0,false,false
2020,27,3.584749,2.168176,4.448477,,,,2997010369.3,false,false
2020,28,4.966241,3.511059,5.907332,,,,3031424696.7,false,false
2020,29,8.706486,6.877820,9.810445,,,,3569004705.3,false,false
2020,30,5.315455,2.985988,6.801693,,,,3317570998.8,false,false
2020,31,5.519130,3.190494,6.974616,,,,3101996774.6,false,false
2020,32,9.065335,5.370194,11.301805,,,,2763141091.7,false,false
2020,33,11.952823,7.507613,14.599698,,,,3031845637.0,false,false
2020,34,9.059529,5.384362,11.314559,,,,2873040902.3,false,false
2020,35,10.576804,5.506717,13.972840,,,,3290404102.3,false,false
2020,36,8.756119,6.134302,10.392579,,,,2663994583.9,false,false
2020,37,10.190433,6.542549,12.511491,,,,3047303182.4,false,false
2020,38,8.047747,4.609299,10.260325,,,,3089031278.9,false,false
2020,39,8.156097,5.083353,10.157132,,,,3194861888.1,false,false
2020,40,10.782311,5.324360,15.020642,,,,2924385350.9,false,false
2020,41,4.196920,2.339285,5.354124,,,,3034649403.0,false,false
2020,42,5.080056,3.422852,6.207935,,,,2803566150.9,false,false
2020,43,5.862715,3.010816,8.503767,,,,2999075004.0,false,false
2020,44,3.281872,2.128925,4.023177,,,,3287497455.8,false,false
2020,45,11.471516,8.070060,13.435644,,,,3323643808.6,false,false
2020,46,3.173747,2.403553,3.684842,,,,3190917923.5,false,false
2020,47,2.928958,1.291092,4.718083,,,,3101509235.0,false,false
2020,48,3.532292,3.003482,3.843414,,,,3439187109.7,false,false
2020,49,1.549470,1.319097,1.699994,,,,3523066719.2,false,false
2020,50,2.787253,2.045210,3.201549,,,,3368912529.5,false,false
2020,51,1.839353,1.481585,2.041821,,,,3106905102.8,false,false
2020,52,1.565328,1.173388,1.772840,,,,3194518530.0,false,false
2020,53,2.928589,2.198670,3.463911,,,,3296585537.7,false,false
2020,54,1.480556,1.231227,1.651030,,,,3615384684.7,false,false
2020,55,2.710530,2.510340,2.850349,,,,3488083733.6,false,false
2020,56,6.244201,5.203931,6.898535,,,,3407394009.9,false,false
2020,57,1.872857,1.753953,1.957035,,,,3292145136.0,false,false
2020,58,5.506467,4.029271,6.421903,,,,3021395658.6,false,false
2020,59,4.403822,4.196233,4.535627,,,,3056291882.2,false,false
2020,60,0.469883,0.394868,0.521146,,,,2938777754.7,false,false
2020,61,3.942646,3.290273,4.371339,,,,2574268520.6,false,false
2020,62,5.139224,5.091292,5.169659,,,,2815233568.0,false,false
2020,63,4.112617,4.110018,4.113983,,,,2886903463.0,false,false
2020,64,3.636236,3.328201,3.839040,,,,3077128949.2,false,false
2020,65,4.806883,4.731207,4.852433,,,,2818732467.3,false,false
2020,66,3.284318,2.946575,3.467947,,,,1888817045.1,false,false
2020,67,15.280613,15.220885,15.312002,,,,2304403291.7,false,false
2020,68,6.835875,6.492690,7.052511,,,,2257174475.7,false,false
2020,69,2.521750,2.433620,2.585508,,,,2334950914.5,false,false
2020,70,5.792013,5.671766,5.855208,,,,2215752778.2,false,false
2020,71,4.500635,4.454884,4.529683,,,,1774771307.1,false,false
2020,72,1.876573,1.831079,1.905459,,,,1784773717.5,false,false
2020,73,2.977593,2.871699,3.033244,,,,1812630723.0,false,false
2020,74,5.076075,5.076075,5.076075,,,,1541575002.6,false,false
2020,75,0.537411,0.537411,0.537411,,,,1530334346.7,false,false
2020,76,4.595795,4.497749,4.647322,,,,1474304368.2,false,false
2020,77,3.799883,3.799883,3.799883,,,,1564505346.3,false,false
2020,78,5.476532,4.489525,6.030422,,,,1318714690.2,false,false
2020,79,1.867753,1.686475,1.982852,,,,1214301373.4,false,false
2020,80,3.159862,3.154047,3.162918,,,,4057038981.2,false,false
2020,85,4.910970,4.754318,4.993298,,,,2663707303.4,false,false
2021,0,115.578716,85.193755,133.704839,318.678007,204.903832,337.831764,2634954340.6,true,true
2021,1,95.747756,65.440272,114.749541,336.335782,214.209443,357.511236,3113044931.3,true,true
2021,2,88.107913,60.264907,105.073556,263.103710,159.035061,280.345001,2757521036.9,true,true
2021,3,87.740281,56.813050,107.349513,294.785214,173.484320,315.595008,2916516732.9,true,true
2021,4,76.973189,48.296481,94.848853,312.007525,174.111730,335.321584,2972880718.8,true,true
2021,5,64.718897,42.052758,78.601835,282.103604,156.550181,303.501425,3027309864.2,true,true
2021,6,64.940278,39.832057,81.127735,290.395184,166.276624,311.116231,3296372543.7,true,true
2021,7,53.844435,32.466264,67.392901,264.726489,143.254090,285.588232,3376790345.6,true,true
2021,8,49.770114,30.811351,61.931115,263.519404,142.920008,284.244630,3294979253.0,true,true
2021,9,36.934131,22.629191,45.949542,260.713778,153.517896,279.007484,3756377365.5,true,true
2021,10,31.244662,17.114685,40.542965,268.676223,166.953745,285.972055,3305922425.8,true,true
2021,11,31.938924,19.112285,40.380134,242.680687,157.925413,257.457158,4321425072.2,true,true
2021,12,22.008254,15.187766,26.465561,231.844845,153.481263,245.048457,3706624986.5,true,true
2021,13,18.968743,13.001037,22.817072,,,,3640169659.3,false,true
2021,14,18.092746,11.500896,22.603323,,,,4352753996.8,false,true
2021,15,5.335297,3.943865,6.199726,,,,5605114728.6,false,true
2021,16,6.141890,4.544193,7.224052,,,,5322161412.0,false,true
2021,17,7.288209,5.771961,8.224891,,,,5511861248.0,false,true
2021,18,1.767262,1.422379,1.987746,,,,5340702040.9,false,true
2021,19,1.129320,0.725925,1.374232,,,,4103924545.0,false,true
2021,20,0.745081,0.624044,0.816647,,,,5003868103.1,false,true
2021,21,1.213280,0.644900,1.604937,,,,4653396925.6,false,true
2021,22,1.849321,1.165619,2.314645,,,,4350429881.1,false,true
2021,23,1.160565,1.012990,1.247129,,,,4022697861.2,false,true
2021,24,6.222464,5.005909,6.868548,,,,3933535213.2,false,true
2021,25,4.598558,3.921776,4.977481,,,,3493515147.5,false,true
2021,26,1.907559,1.256914,2.281372,,,,3261955792.4,false,true
2021,27,2.458764,1.786046,2.829641,,,,4060130741.0,false,true
2021,28,6.957288,5.242350,7.949893,,,,3415766299.6,false,true
2021,29,8.619771,5.104357,10.670881,,,,3586602914.3,false,true
2021,30,8.593627,4.751738,10.999218,,,,3672262061.7,false,true
2021,31,7.996183,5.162502,9.682360,,,,3373114773.3,false,true
2021,32,10.215308,6.524501,12.497528,,,,3534025492.7,false,true
2021,33,10.523270,5.605367,13.760316,,,,3486199015.5,false,true
2021,34,10.797278,6.698508,13.355375,,,,3462305422.0,false,true
2021,35,11.097173,6.975144,13.834485,,,,3478131792.9,false,true
2021,36,11.396635,6.505866,14.565071,,,,3637187220.8,false,true
2021,37,9.796983,5.678441,12.403882,,,,3261794030.6,false,true
2021,38,11.127758,6.380936,14.225206,,,,3368965541.7,false,true
2021,39,6.005220,3.671271,7.479329,,,,3391315924.0,false,true
2021,40,7.345285,4.595028,9.116767,,,,3685075882.9,false,true
2021,41,7.829548,4.864529,9.684383,,,,3723288825.8,false,true
2021,42,7.196836,4.881463,8.684320,,,,3454250448.0,false,true
2021,43,6.792965,4.709909,8.110734,,,,3740487923.0,false,true
2021,44,5.389281,2.853970,6.953459,,,,3201692773.1,false,true
2021,45,3.035451,2.081168,3.602953,,,,3659310272.9,false,true
2021,46,2.066591,1.769775,2.238126,,,,3760438226.1,false,true
2021,47,5.609083,4.119679,6.511800,,,,3860662901.3,false,true
2021,48,6.063591,5.558885,6.349289,,,,3884180822.6,false,true
2021,49,2.515013,1.648227,3.104376,,,,4376122669.1,false,true
2021,50,6.014802,4.571221,6.837062,,,,3896903002.4,false,true
2021,51,1.687643,1.439398,1.830813,,,,3736024384.4,false,true
2021,52,2.598102,2.147773,2.882773,,,,4048786333.2,false,true
2021,53,1.910020,1.723146,2.045093,,,,4051178182.5,false,true
2021,54,4.734341,4.633636,4.792622,,,,3983544092.8,false,true
2021,55,8.104725,7.746095,8.311891,,,,3478114865.9,false,true
2021,56,2.863352,2.732114,2.944870,,,,4096987823.8,false,true
2021,57,2.372470,2.071075,2.558611,,,,3629956975.5,false,true
2021,58,3.054728,2.887453,3.160936,,,,3625975684.9,false,true
2021,59,0.650860,0.650860,0.650860,,,,3301423204.8,false,true
2021,60,2.553130,2.524734,2.568053,,,,3740258796.8,false,true
2021,61,5.789379,5.589867,5.896369,,,,3438581573.4,false,true
2021,62,1.905563,1.856622,1.931283,,,,3074923732.3,false,true
2021,63,3.135550,3.135550,3.135550,,,,3353692445.9,false,true
2021,64,5.074115,4.889246,5.191495,,,,3501824210.5,false,true
2021,65,3.845139,3.845139,3.845139,,,,2803245186.4,false,true
2021,66,6.370574,6.173669,6.493507,,,,2873847229.0,false,true
2021,67,6.019009,5.730734,6.178830,,,,2618926698.7,false,true
2021,68,4.746121,4.746121,4.746121,,,,2631146118.5,false,true
2021,69,4.968226,4.686017,5.208917,,,,2775706144.2,false,true
2021,70,4.129397,4.105512,4.146676,,,,2212808394.6,false,true
2021,71,2.974043,2.974043,2.974043,,,,1978736402.6,false,true
2021,72,6.084544,5.910648,6.194956,,,,2407011872.6,false,true
2021,73,4.872705,4.859639,4.881001,,,,2188615443.6,false,true
2021,74,5.612828,5.612828,5.612828,,,,2378970051.7,false,true
2021,75,3.902343,3.320025,4.210092,,,,1821972219.1,false,true
2021,76,3.749828,3.749828,3.749828,,,,1765546499.4,false,true
2021,77,1.638230,1.638230,1.638230,,,,1553470203.7,false,true
2021,78,7.207427,7.207427,7.207427,,,,1609742390.2,false,true
2021,79,2.683651,2.683651,2.683651,,,,1483924386.6,false,true
2021,80,5.470810,5.320300,5.601032,,,,5015691740.1,false,true
2021,85,9.074628,8.615943,9.371210,,,,3331148574.0,false,true
2022,0,124.878813,91.279189,145.361078,292.341839,189.910375,310.040969,2110530819.1,true,true
2022,1,79.658165,58.008759,92.726216,247.751235,154.794081,263.975450,2807934406.5,true,true
2022,2,82.581419,56.654402,98.617188,280.557546,170.997297,299.906866,3238291594.9,true,true
2022,3,78.510570,50.647890,95.701387,292.652406,160.992946,315.091414,2777394808.5,true,true
2022,4,77.495038,49.011246,95.025234,303.711046,170.779468,326.798730,2923137126.8,true,true
2022,5,59.745190,39.652973,72.259882,256.043334,142.465638,275.745640,3372992535.9,true,true
2022,6,57.787642,35.197890,71.735549,247.093139,128.990331,266.965613,3936682007.9,true,true
2022,7,62.777349,38.836562,77.691038,265.341751,137.410864,287.559027,3391450362.8,true,true
2022,8,38.985008,25.068700,47.769033,267.111268,146.870508,288.470311,3651521701.5,true,true
2022,9,34.188944,21.572485,42.161830,272.236462,149.795238,293.671703,3464241257.8,true,true
2022,10,34.823728,21.871782,42.958448,278.964312,174.019311,297.215710,3673808843.5,true,true
2022,11,28.244654,17.119172,35.656146,238.905880,148.796191,254.277699,4106287201.4,true,true
2022,12,21.532575,13.770269,26.388674,220.619769,141.198506,234.190587,3676493136.0,true,true
2022,13,17.976805,12.361198,21.637845,,,,4342550637.4,false,true
2022,14,14.886710,10.040672,17.969983,,,,4101989041.1,false,true
2022,15,8.796596,5.868909,10.565759,,,,5654094429.4,false,true
2022,16,7.482385,5.012984,9.068127,,,,5223716821.4,false,true
2022,17,5.286414,3.127907,6.749711,,,,6027233079.5,false,true
2022,18,3.635376,2.482926,4.360911,,,,5280637058.5,false,true
2022,19,1.603922,1.225049,1.904858,,,,4577814875.1,false,true
2022,20,1.534149,0.844222,1.975858,,,,5006416306.8,false,true
2022,21,1.483790,1.351248,1.553446,,,,4970259010.7,false,true
2022,22,3.666010,3.418123,3.796285,,,,4444406280.8,false,true
2022,23,2.905106,2.381479,3.192843,,,,3715069404.4,false,true
2022,24,1.935797,1.499700,2.182909,,,,3395881059.3,false,true
2022,25,4.613088,3.459605,5.416833,,,,3443911145.2,false,true
2022,26,5.136746,3.213008,6.312855,,,,3704859133.5,false,true
2022,27,3.969104,2.503065,4.921649,,,,3451292438.8,false,true
2022,28,3.531348,2.049992,4.451943,,,,3085641232.9,false,true
2022,29,7.790044,4.869980,9.501131,,,,3458808755.1,false,true
2022,30,4.030685,2.454954,5.000947,,,,3604830022.0,false,true
2022,31,6.764743,3.912186,8.437384,,,,3352950080.8,false,true
2022,32,3.738781,2.219515,4.724563,,,,3840749133.9,false,true
2022,33,9.834009,6.084895,12.178497,,,,3655293695.9,false,true
2022,34,8.471240,5.229790,10.570587,,,,3092586662.7,false,true
2022,35,12.680454,7.505832,15.703167,,,,3306402349.9,false,true
2022,36,13.054915,8.231453,16.156445,,,,3817276920.0,false,true
2022,37,8.042156,4.854806,10.047750,,,,3431674170.5,false,true
2022,38,7.287340,4.292620,9.154926,,,,3981346004.2,false,true
2022,39,4.763710,3.053835,5.806771,,,,4009685333.5,false,true
2022,40,6.678953,4.257651,8.191120,,,,3916613864.6,false,true
2022,41,9.438708,6.304343,11.466865,,,,3969273929.8,false,true
2022,42,4.858504,3.216722,5.911204,,,,4019627673.3,false,true
2022,43,6.456318,3.769796,8.170095,,,,4265284160.3,false,true
2022,44,4.906113,2.965501,6.179321,,,,3574840930.3,false,true
2022,45,5.626018,3.651667,6.905624,,,,3853580493.0,false,true
2022,46,2.115020,1.630087,2.395726,,,,3699415226.5,false,true
2022,47,5.228494,3.683745,6.129594,,,,3915514764.7,false,true
2022,48,3.595781,2.471160,4.274010,,,,4168907351.7,false,true
2022,49,2.333017,1.965867,2.542858,,,,3369844538.9,false,true
2022,50,2.588694,2.358908,2.726824,,,,4191126786.8,false,true
2022,51,2.092505,1.777687,2.284087,,,,3949000867.7,false,true
2022,52,5.501506,4.793553,5.878611,,,,3936390444.8,false,true
2022,53,3.082305,3.020589,3.114739,,,,3518843492.3,false,true
2022,54,2.303492,1.760192,2.778008,,,,3708183782.5,false,true
2022,55,4.505569,4.045832,4.750287,,,,3456031113.2,false,true
2022,56,1.597017,1.554578,1.619320,,,,3656694734.6,false,true
2022,57,5.692883,5.484640,5.803205,,,,3835219961.2,false,true
2022,58,3.239528,2.965633,3.387793,,,,3791670320.3,false,true
2022,59,7.334593,6.828873,7.802246,,,,3422580738.8,false,true
2022,60,5.882718,5.792547,5.930106,,,,3117329718.7,false,true
2022,61,6.556207,6.556207,6.556207,,,,3476321212.2,false,true
2022,62,7.134351,6.872960,7.323015,,,,3421668562.8,false,true
2022,63,3.208707,3.036416,3.344849,,,,3382920802.2,false,true
2022,64,1.391220,1.391220,1.391220,,,,3500682936.1,false,true
2022,65,3.095117,3.095117,3.095117,,,,2708729809.7,false,true
2022,66,1.504488,1.504488,1.504488,,,,3019484672.9,false,true
2022,67,3.716950,2.632760,4.405337,,,,2847008900.4,false,true
2022,68,2.711393,2.701115,2.716794,,,,3071116970.6,false,true
2022,69,2.419293,2.210668,2.528933,,,,2337095883.9,false,true
2022,70,24.566158,24.411538,24.664331,,,,2346706704.0,false,true
2022,71,4.965479,4.822256,5.045444,,,,2548991972.8,false,true
2022,72,6.734110,6.728851,6.736874,,,,2045520942.0,false,true
2022,73,4.459138,4.459138,4.459138,,,,2518339710.6,false,true
2022,74,4.946907,4.652726,5.128420,,,,1962110940.6,false,true
2022,75,1.741970,1.741970,1.741970,,,,2118269793.1,false,true
2022,76,2.380344,2.380344,2.380344,,,,1686237963.7,false,true
2022,77,3.485613,3.485613,3.485613,,,,1362934541.3,false,true
2022,78,1.955225,1.587972,2.148232,,,,1515537741.9,false,true
2022,79,2.653379,2.653379,2.653379,,,,1529572636.0,false,true
2022,80,6.551228,6.302884,6.681743,,,,4993569984.8,false,true
2022,85,16.383071,15.774568,16.724065,,,,3506440411.9,false,true
2023,0,127.461444,94.605196,147.173794,293.236063,195.513231,309.513969,2824551680.0,true,true
2023,1,104.080391,76.739739,120.258733,293.663827,179.075156,312.700356,2602571390.8,true,true
2023,2,110.606393,77.849597,130.290788,258.970905,161.577998,275.171907,2650575720.2,true,true
2023,3,89.917856,59.574038,108.444220,267.396836,157.280644,285.720904,2497167996.2,true,true
2023,4,71.709525,45.760411,87.505383,263.531613,146.657588,282.786353,3001981758.2,true,true
2023,5,65.284450,40.282810,80.918304,309.691272,174.130037,332.468016,2794170100.5,true,true
2023,6,75.225269,41.335276,98.255437,232.334590,123.575678,250.829200,2993152519.8,true,true
2023,7,48.828005,28.889276,61.630640,260.657459,146.018022,280.066106,3255770816.1,true,true
2023,8,44.380415,27.039454,55.198935,243.764407,146.333980,260.285908,3659500853.1,true,true
2023,9,42.954827,23.402700,56.458846,283.128165,164.337879,303.358684,3678756458.1,true,true
2023,10,39.036902,24.795834,48.374663,287.588457,173.838214,307.258160,3549779995.1,true,true
2023,11,27.675141,16.735831,35.096133,286.916854,207.804270,300.092512,3401912224.6,true,true
2023,12,23.261202,15.281034,28.412154,230.875031,152.663237,243.817726,3526453204.3,true,true
2023,13,19.796759,12.724419,24.354595,,,,4441405583.0,false,true
2023,14,17.507849,10.193260,22.497916,,,,4443336942.5,false,true
2023,15,11.356295,8.308675,13.353783,,,,5042867931.4,false,true
2023,16,7.905689,5.110562,9.778397,,,,6680973005.4,false,true
2023,17,5.572186,3.476932,7.024692,,,,5449467133.4,false,true
2023,18,3.692227,2.187538,4.675389,,,,5106011930.8,false,true
2023,19,4.716592,3.125107,5.940223,,,,4830933419.0,false,true
2023,20,4.492446,3.663240,5.151600,,,,4616068400.4,false,true
2023,21,2.249320,1.351442,2.761096,,,,5252130109.5,false,true
2023,22,2.011846,0.974761,2.817714,,,,4691825290.2,false,true
2023,23,0.526637,0.517213,0.533455,,,,3494176798.6,false,true
2023,24,5.637064,4.744189,6.196679,,,,3886188551.2,false,true
2023,25,4.334584,3.848921,4.641283,,,,3704719569.9,false,true
2023,26,1.376788,0.881095,1.669163,,,,4306368819.1,false,true
2023,27,4.922937,2.745659,6.297242,,,,3769049404.2,false,true
2023,28,17.073374,9.283803,22.645349,,,,3487453072.7,false,true
2023,29,4.831352,3.325634,5.728614,,,,3685229296.5,false,true
2023,30,9.196633,5.593017,11.359394,,,,3441971122.0,false,true
2023,31,9.019410,5.190186,11.499067,,,,3408931968.6,false,true
2023,32,10.938659,7.333793,13.025459,,,,3104901098.0,false,true
2023,33,8.513676,5.049203,10.689743,,,,3942906435.7,false,true
2023,34,8.399516,5.604829,10.028637,,,,3192757927.4,false,true
2023,35,12.481888,7.290184,15.558204,,,,3000104195.8,false,true
2023,36,11.762340,6.969385,15.115798,,,,3645808039.5,false,true
2023,37,11.082321,6.137368,14.501521,,,,3812922222.6,false,true
2023,38,9.929306,6.765028,11.992392,,,,3520064613.7,false,true
2023,39,5.122983,2.976015,6.447146,,,,4107730516.6,false,true
2023,40,4.844922,2.898765,6.048588,,,,3391753801.7,false,true
2023,41,6.710683,4.383696,8.179249,,,,3661074521.6,false,true
2023,42,5.719141,3.279386,7.389422,,,,3865353203.7,false,true
2023,43,4.258048,3.091856,4.966784,,,,3685818910.4,false,true
2023,44,6.386523,4.641956,7.519971,,,,3769111182.3,false,true
2023,45,3.279763,2.258623,3.941118,,,,4220195289.5,false,true
2023,46,4.533145,3.366274,5.264216,,,,3836083345.2,false,true
2023,47,4.666394,3.487372,5.415858,,,,3901598707.2,false,true
2023,48,2.858158,1.601685,3.639641,,,,3773181521.3,false,true
2023,49,4.721198,4.210791,5.056144,,,,3335720453.7,false,true
2023,50,2.351168,2.111579,2.493401,,,,3650059692.4,false,true
2023,51,8.449122,3.728295,12.185417,,,,3931518070.0,false,true
2023,52,3.662704,3.298082,3.921396,,,,4169141634.2,false,true
2023,53,4.088428,3.717910,4.313095,,,,4013322763.4,false,true
2023,54,2.250553,1.705436,2.603218,,,,4188503138.4,false,true
2023,55,1.911199,1.488774,2.203262,,,,3489802706.0,false,true
2023,56,1.815389,1.698965,1.920274,,,,3893782902.1,false,true
2023,57,5.682552,5.617514,5.716732,,,,2977459012.7,false,true
2023,58,3.884338,3.708396,3.979146,,,,3821351841.5,false,true
2023,59,2.231107,1.622753,2.600719,,,,3782039412.1,false,true
2023,60,6.233346,3.917364,7.872681,,,,3348350319.8,false,true
2023,61,1.650673,1.636252,1.658253,,,,3215561688.7,false,true
2023,62,4.687695,4.413024,4.832047,,,,3291037571.5,false,true
2023,63,3.913216,3.177406,4.412750,,,,3623849464.4,false,true
2023,64,2.237229,2.237229,2.237229,,,,3260992697.9,false,true
2023,65,6.110767,6.004707,6.166507,,,,3246311796.1,false,true
2023,66,12.100587,11.454297,12.593913,,,,2885938495.6,false,true
2023,67,2.574983,2.562111,2.584295,,,,2902488027.0,false,true
2023,68,4.585396,4.266432,4.753025,,,,2761083397.6,false,true
2023,69,5.516976,5.109678,5.731029,,,,2313488114.5,false,true
2023,70,6.448594,6.377197,6.486117,,,,2602717850.2,false,true
2023,71,5.063223,4.982411,5.105693,,,,2299521964.5,false,true
2023,72,6.403530,5.883342,6.676910,,,,2167106195.8,false,true
2023,73,8.826518,8.826518,8.826518,,,,2036319066.2,false,true
2023,74,4.126836,4.126836,4.126836,,,,2021246875.6,false,true
2023,75,6.684923,6.684923,6.684923,,,,2011343674.3,false,true
2023,76,4.547577,4.547577,4.547577,,,,1691874587.0,false,true
2023,77,3.749470,3.749470,3.749470,,,,1627090567.7,false,true
2023,78,3.611485,3.163830,3.919222,,,,1533553885.3,false,true
2023,79,8.769884,8.769884,8.769884,,,,1457869853.8,false,true
2023,80,4.532947,4.532947,4.532947,,,,4907943340.6,false,true
2023,85,9.406551,9.287049,9.473712,,,,3482392551.4,false,true
2024,0,136.307578,102.312625,155.884216,304.608574,199.488706,322.678354,2712907823.0,true,true
2024,1,91.511817,62.903172,109.367776,294.061545,181.220789,314.484225,2429807126.6,true,true
2024,2,122.504194,91.159148,141.526882,285.646273,177.065920,304.458875,2188018782.1,true,true
2024,3,104.949950,70.358367,126.199499,282.250864,163.564344,303.171176,2458695688.1,true,true
2024,4,74.105414,48.797473,89.559156,249.834847,137.857527,269.579844,3191159101.6,true,true
2024,5,72.637613,42.420428,92.862261,278.658841,146.336913,302.013315,3175004535.4,true,true
2024,6,49.569375,28.009408,63.646470,252.425003,136.994978,273.130553,3110460624.9,true,true
2024,7,50.329979,28.940387,63.859867,266.496883,155.737793,285.260907,3414835249.2,true,true
2024,8,43.834144,25.494790,55.992634,297.005824,153.761068,322.424559,2763485700.9,true,true
2024,9,39.986064,23.979460,50.603954,260.795334,151.886682,280.154492,4167963405.4,true,true
2024,10,36.895741,23.246783,45.497639,249.278701,145.792441,266.934128,3731971209.1,true,true
2024,11,35.115399,21.647309,44.330170,256.588901,166.096700,272.861610,3548934420.6,true,true
2024,12,26.313045,17.274149,32.051758,274.725410,189.968424,289.977001,3886106030.2,true,true
2024,13,23.549753,16.330379,28.273101,,,,3579492108.0,false,true
2024,14,17.415947,11.581210,21.335009,,,,3941789603.2,false,true
2024,15,10.532833,6.610499,13.259960,,,,5260156781.2,false,true
2024,16,10.152323,6.041486,12.941965,,,,6530897975.5,false,true
2024,17,9.202203,6.485278,10.883028,,,,4987834415.7,false,true
2024,18,3.532307,2.421061,4.220588,,,,4997250856.5,false,true
2024,19,2.064463,1.339542,2.575303,,,,4872093954.7,false,true
2024,20,2.807408,2.656912,2.916284,,,,4588928400.5,false,true
2024,21,1.605586,0.913997,2.099919,,,,4822911087.3,false,true
2024,22,5.714769,2.665509,8.166773,,,,4358461353.1,false,true
2024,23,5.027488,2.316504,7.275504,,,,5003130153.5,false,true
2024,24,1.754696,1.573293,1.850031,,,,3783417083.3,false,true
2024,25,8.598200,5.022741,11.459060,,,,4194329363.7,false,true
2024,26,4.161002,2.653383,5.028628,,,,3515794406.9,false,true
2024,27,3.303136,2.453175,3.771587,,,,3049419336.2,false,true
2024,28,7.720867,4.527539,9.672579,,,,3964313224.9,false,true
2024,29,5.389002,3.751145,6.540499,,,,3494747960.5,false,true
2024,30,5.334428,3.453605,6.440914,,,,3606880756.9,false,true
2024,31,9.299470,5.405819,11.776509,,,,3150861863.6,false,true
2024,32,16.005000,13.411745,17.610537,,,,3515667948.0,false,true
2024,33,8.959763,5.241742,11.273088,,,,3390169171.9,false,true
2024,34,10.213243,8.059485,11.532399,,,,3894343931.1,false,true
2024,35,12.997078,7.878166,16.122253,,,,3324434716.7,false,true
2024,36,9.328496,4.903953,12.372195,,,,3902385137.8,false,true
2024,37,8.178414,4.742204,10.310207,,,,3409991674.5,false,true
2024,38,8.166380,4.707583,10.512769,,,,3928908897.3,false,true
2024,39,5.831499,3.263745,7.483615,,,,3677467598.5,false,true
2024,40,6.257600,4.674019,7.296036,,,,3731173491.0,false,true
2024,41,6.932332,4.620646,8.486215,,,,3933016171.1,false,true
2024,42,6.820018,4.158159,8.437331,,,,3649751643.9,false,true
2024,43,9.754702,5.728854,12.864002,,,,3854186872.6,false,true
2024,44,4.028403,2.967084,4.681334,,,,4516245732.4,false,true
2024,45,4.491292,2.935547,5.484988,,,,4222418858.5,false,true
2024,46,4.916228,3.447858,5.726360,,,,4051293157.8,false,true
2024,47,7.077609,3.395335,10.184468,,,,4133276445.2,false,true
2024,48,5.251097,3.884184,6.019603,,,,3508158562.9,false,true
2024,49,4.205688,3.839014,4.444181,,,,3863730199.6,false,true
2024,50,4.205644,3.946289,4.363029,,,,4097998786.7,false,true
2024,51,3.781888,3.521312,3.934734,,,,4218581443.1,false,true
2024,52,3.638180,3.123658,3.989181,,,,3888855698.4,false,true
2024,53,2.781280,2.669933,2.848558,,,,4253527730.4,false,true
2024,54,4.537355,4.206514,4.749151,,,,3525586057.4,false,true
2024,55,2.453341,2.160780,2.607094,,,,3421949445.0,false,true
2024,56,2.034191,1.992807,2.058616,,,,3349637520.5,false,true
2024,57,3.205237,3.107276,3.276106,,,,3176265621.0,false,true
2024,58,2.155030,2.032589,2.252846,,,,3537240218.8,false,true
2024,59,6.270703,5.781580,6.538370,,,,3210647107.5,false,true
2024,60,1.700463,1.644131,1.745466,,,,3372105523.9,false,true
2024,61,2.586952,2.578696,2.591291,,,,3945154260.3,false,true
2024,62,3.461752,3.243429,3.576490,,,,3032478755.1,false,true
2024,63,1.434872,1.183216,1.567127,,,,3303880143.4,false,true
2024,64,3.390333,3.390333,3.390333,,,,3746656161.7,false,true
2024,65,4.770506,4.539656,4.933543,,,,2926567026.3,false,true
2024,66,3.893132,3.893132,3.893132,,,,3145621656.1,false,true
2024,67,5.156042,4.964222,5.333423,,,,3038242373.8,false,true
2024,68,2.228600,2.228600,2.228600,,,,2879975648.2,false,true
2024,69,9.707209,9.123664,10.064814,,,,2180671891.0,false,true
2024,70,5.074593,4.884933,5.249976,,,,3072855191.4,false,true
2024,71,7.015607,6.801672,7.187115,,,,2508803927.1,false,true
2024,72,5.033446,4.523825,5.360618,,,,2846530105.7,false,true
2024,73,8.403586,8.289676,8.480236,,,,2289590099.3,false,true
2024,74,1.963928,1.963928,1.963928,,,,2348675043.6,false,true
2024,75,3.347552,3.347552,3.347552,,,,1801432683.6,false,true
2024,76,3.342094,3.342094,3.342094,,,,2028359138.3,false,true
2024,77,3.632657,3.632657,3.632657,,,,2040119905.4,false,true
2024,78,0.743244,0.743244,0.743244,,,,1505461599.9,false,true
2024,79,2.238521,2.102375,2.310072,,,,1244097046.8,false,true
2024,80,8.071485,7.990762,8.113908,,,,4827194055.7,false,true
2024,85,9.514998,9.447900,9.550261,,,,3834285938.0,false,true
2025,0,146.170940,99.700724,173.486845,284.664042,198.146536,299.647986,2452724044.4,true,true
2025,1,99.926242,76.783438,113.754216,258.865563,169.558203,274.234179,2593118164.6,true,true
2025,2,91.789242,58.497501,112.352638,263.092358,149.862114,282.025041,2857496750.1,true,true
2025,3,70.997858,43.136915,88.261074,254.820363,131.483992,276.547159,2895198332.0,true,true
2025,4,77.629890,54.820300,91.835817,259.236799,154.161941,277.329844,2974753448.1,true,true
2025,5,70.758953,44.509183,86.717594,245.800678,130.433383,266.283044,3383616889.1,true,true
2025,6,64.828544,38.895065,81.671545,278.284504,156.107159,299.586657,3216892911.6,true,true
2025,7,48.995310,30.797062,60.405760,306.177861,182.470854,327.168222,2828361992.1,true,true
2025,8,53.911599,30.047507,69.087001,251.878761,137.084478,272.031963,2822213987.2,true,true
2025,9,39.380786,24.681537,48.970166,234.851577,121.344159,254.742876,3459377285.3,true,true
2025,10,39.033023,22.561194,49.948884,257.642310,172.244482,272.414392,3599436788.0,true,true
2025,11,28.986725,17.115387,37.145439,181.905207,111.911438,193.979649,3621297333.5,true,true
2025,12,24.592031,14.627721,30.862331,215.899389,139.336555,228.783517,3510456048.4,true,true
2025,13,19.471547,11.639996,24.493230,,,,3935265531.5,false,true
2025,14,17.903269,11.610156,21.984439,,,,5026635543.8,false,true
2025,15,9.103964,5.734910,11.327241,,,,5377354690.1,false,true
2025,16,7.331093,4.546737,9.150722,,,,6162316989.2,false,true
2025,17,7.438716,5.451249,8.756588,,,,6458688211.3,false,true
2025,18,2.758710,1.949477,3.383317,,,,5600222431.6,false,true
2025,19,0.481262,0.383299,0.537290,,,,5092486441.9,false,true
2025,20,3.297750,1.262553,4.856058,,,,5240803368.4,false,true
2025,21,1.068463,0.480469,1.487228,,,,4898541714.3,false,true
2025,22,0.430429,0.293742,0.547287,,,,4632627442.3,false,true
2025,23,2.902412,2.027453,3.370037,,,,4678932495.6,false,true
2025,24,4.022179,2.512017,5.011137,,,,4553611989.9,false,true
2025,25,1.482320,0.871751,1.897777,,,,4405705964.4,false,true
2025,26,1.831427,1.306226,2.143138,,,,4198878605.0,false,true
2025,27,5.074993,3.539356,5.930246,,,,3680355619.3,false,true
2025,28,6.253437,4.409329,7.323188,,,,3613132313.7,false,true
2025,29,6.075422,4.182062,7.254215,,,,2987737006.1,false,true
2025,30,4.576893,2.759382,5.676319,,,,2818030325.4,false,true
2025,31,9.493535,6.424505,11.234954,,,,2922327822.5,false,true
2025,32,8.098659,3.957279,10.845877,,,,3750779897.6,false,true
2025,33,14.408973,10.013446,17.142096,,,,3916083835.6,false,true
2025,34,6.933987,4.032915,8.673949,,,,3460164972.2,false,true
2025,35,10.542180,6.494121,13.212918,,,,3625874523.9,false,true
2025,36,10.472861,5.644957,13.437974,,,,3728479775.0,false,true
2025,37,6.368705,4.486838,7.582744,,,,3432173423.1,false,true
2025,38,10.801078,6.103470,13.676655,,,,3619223616.8,false,true
2025,39,6.453071,4.627614,7.592244,,,,4542520417.0,false,true
2025,40,8.394097,5.062796,10.476124,,,,3913766957.5,false,true
2025,41,9.521326,7.375343,10.758187,,,,3109348744.1,false,true
2025,42,7.661425,4.875345,9.731882,,,,3773737173.2,false,true
2025,43,11.580165,9.714044,12.668243,,,,4271544777.7,false,true
2025,44,4.351486,3.320421,4.990174,,,,4003958019.8,false,true
2025,45,7.058572,5.275093,8.162356,,,,4785265930.2,false,true
2025,46,3.445387,2.533475,4.021140,,,,3572137253.3,false,true
2025,47,2.848885,1.939257,3.440847,,,,4621614479.3,false,true
2025,48,1.634528,1.298463,1.866973,,,,4725447281.4,false,true
2025,49,5.580305,4.614453,6.089360,,,,4086903219.2,false,true
2025,50,3.625340,2.700635,4.208542,,,,3544846839.8,false,true
2025,51,1.750669,1.228951,2.171588,,,,3158033566.3,false,true
2025,52,2.449886,2.327506,2.520539,,,,3734367101.4,false,true
2025,53,3.995308,3.438862,4.303880,,,,4407096547.1,false,true
2025,54,3.534563,2.649223,4.090909,,,,3777647314.0,false,true
2025,55,1.791904,1.743418,1.826980,,,,4140642742.9,false,true
2025,56,6.628269,6.628269,6.628269,,,,3068809294.1,false,true
2025,57,0.986594,0.786345,1.091833,,,,3748953002.8,false,true
2025,58,1.499308,1.428967,1.543970,,,,3363583583.3,false,true
2025,59,1.469551,1.176778,1.623416,,,,3496848304.8,false,true
2025,60,1.489402,1.489402,1.489402,,,,2895845712.9,false,true
2025,61,1.696398,1.668670,1.710970,,,,3938511910.1,false,true
2025,62,2.927371,2.927371,2.927371,,,,3832068454.2,false,true
2025,63,3.679429,3.476378,3.819595,,,,3408792240.0,false,true
2025,64,7.250941,7.166099,7.304810,,,,3296329787.6,false,true
2025,65,2.862649,2.292168,3.297022,,,,2594538323.0,false,true
2025,66,4.123569,4.112815,4.130398,,,,3025691335.8,false,true
2025,67,8.515885,8.359638,8.640708,,,,3363179592.0,false,true
2025,68,6.739264,5.597597,7.343247,,,,2598556182.7,false,true
2025,69,3.901522,3.641044,4.040418,,,,3398663211.5,false,true
2025,70,2.905277,2.738705,2.992817,,,,2283702943.5,false,true
2025,71,3.596954,3.511904,3.641651,,,,2827257258.1,false,true
2025,72,4.537305,4.263402,4.681253,,,,2413564455.5,false,true
2025,73,34.350935,33.625291,34.875901,,,,2041567758.3,false,true
2025,74,4.390718,4.321244,4.434830,,,,2281568592.9,false,true
2025,75,3.081814,3.077008,3.084339,,,,2071150720.2,false,true
2025,76,5.285166,3.180092,6.958605,,,,1952329094.3,false,true
2025,77,4.209056,3.594686,4.639236,,,,1873977911.4,false,true
2025,78,2.995513,2.995513,2.995513,,,,1942433428.9,false,true
2025,79,5.490186,5.490186,5.490186,,,,1281526285.4,false,true
2025,80,4.076959,3.965806,4.147321,,,,5116358295.6,false,true
2025,85,11.472039,11.202767,11.641314,,,,3459691365.6,false,true
