constant,value,units,tag,tier,form,block,resolves_by,note
AGE_GROUPS,<dict: 4 keys>,relative eoh_weight (working_age = 1.0) and population fractions,CHOSEN,,the DIRECTION is structural — infants and elderly draw more caregiver labour than working-age adults. The 3.0 / 1.5 / 1.0 / 2.5 magnitudes and the 7/16/60/17 split are not.,EOH generation — personal domain,"ATUS ""caring for and helping household children/adults"" hours per care-recipient by recipient age, plus NHATS/HRS for hours of assistance to older adults with functional limitation; national census or UN WPP for the fractions. ATUS is now partly ingested (reference/atus_time_use.py) but has not been cut by care-recipient age, which is the cut this constant needs.","the age-weighted mean w = Σ(fraction × weight) = 1.475 is the bridge from per-working-age-EQUIVALENT to per-capita, and forgetting it is the age-weight trap scenarios/feasibility.py exists to catch."
ASSET_TYPES,<dict: 6 keys>,maint_rate fraction of capital/yr; threshold_age years; compound_exp dimensionless,CHOSEN,,"physics — post-threshold maintenance escalates as a power law rather than linearly, and the ORDERING across asset classes (software fastest to fail, stone slowest) is a defensible engineering claim. The exponents are not.",Capital and asset lifecycle,measured maintenance and failure curves by asset class. The infrastructure floor shows the route — a physical condition census in crew-hours rather than money (INFRA_TREATMENT_HOURS_*). Design lives here are order-of-magnitude right; nothing measures the compounding exponents.,
CAPITAL_MACHINE_PROFILES,<dict: 11 keys>,"EOH eliminated per TEH of capital per year; TEH per capita; years; condition ∈ [0,1]",CHOSEN,,,Capital and asset lifecycle,"measured EOH-elimination rates per capital class — the labour-hours a unit of each capital type actually displaces per year. This is the same instrument the food conservation test used at one stage (scenarios/food_conservation.py found a 62× collapse in production labour), so the method is proven and the coverage is what is missing. Note research/thermal_capital.py already treats the same inventory as dual-output; a measured pass should settle both fields at once.","CALIBRATED TO A TARGET, on its own admission — the tiers were set so that ""standard"" across all types totals ~2000 TEH/person (matching CAPITAL_STOCK_DEFAULT) and implies ε ≈ 0.18, with ""advanced"" implying ε ≈ 0.48, so the table brackets the mid-arc by construction. That makes ε emergent from a capital stock whose profile was chosen to produce the ε expected of it. The circularity is documented, not resolved."
COND_DECAY_SLOPE,0.7,fraction of condition (slope over full design life; floor level),CHOSEN,,"linear decay to a floor. Physics in one respect — an end-of-life asset is degraded but still operational, so the floor must be above zero (full write-down is a separate explicit event via execute_writedown). The linearity is a simplification; real condition curves are convex.",Capital and asset lifecycle,"measured condition ratings against age by asset class. Bridge inventories publish exactly this (the NBIS condition data behind INFRA_TREATMENT_HOURS_* is the same source), so this is reconcilable against data the repo already reaches for elsewhere.",
COND_DECAY_FLOOR,0.3,fraction of condition (slope over full design life; floor level),CHOSEN,,"linear decay to a floor. Physics in one respect — an end-of-life asset is degraded but still operational, so the floor must be above zero (full write-down is a separate explicit event via execute_writedown). The linearity is a simplification; real condition curves are convex.",Capital and asset lifecycle,"measured condition ratings against age by asset class. Bridge inventories publish exactly this (the NBIS condition data behind INFRA_TREATMENT_HOURS_* is the same source), so this is reconcilable against data the repo already reaches for elsewhere.",
ENV_MONITORING_SATURATION_TEH_PER_CAPITA,500.0,TEH per capita of environmental-monitoring capital,CHOSEN,,,Capital and asset lifecycle,"an observed relationship between monitoring investment and detected fraction of ecological deferral. This constant governs how much deferred ecological EOH is VISIBLE, so it sets what the ledger can see rather than what is there — the honest pointer is a detection-rate study, and until then monitoring capability is an assumption about the framework's own eyesight.",
ESSENTIAL_DOMAINS,<list: 7 items>,list of domain names,CHOSEN,,"physics-adjacent — a civilization does have a set of functions whose failure is not survivable, so the CATEGORY is structural. Which seven, and the fact that there are seven, is not.",Labor and Condition IV,"a criticality analysis for the jurisdiction being modelled — national critical-infrastructure sector designations are the nearest external analogue, and they do not agree with each other on the list either.",
COMPETENCY_THRESHOLD,0.155,fraction of workforce certified per essential domain,CHOSEN,,,Labor and Condition IV,"an observed relationship between practitioner density and recovery time from a domain outage. The Mission Statement asserts 15.5%; the three significant figures imply a precision nothing supplies, which is itself the tell. Workforce composition series plus outage post-mortems would settle it.",
H_MIN,260,hours per year,CHOSEN,,"5 h/wk × 52 wk. Below some floor a practitioner stops maintaining competency, which is structural; the level is the choice.",Labor and Condition IV,"measured skill-retention against practice hours by domain — the currency-of-practice literature in aviation and surgery measures exactly this and reports domain-specific thresholds, which is the point: one economy-wide 260 cannot be right for both a surgeon and a farmhand.",
H_MIN_ALLOCATION,<dict: 3 keys>,"fractions of H_MIN, summing to 1.0",CHOSEN,,,Labor and Condition IV,a charter decision on how the minimum obligation is apportioned. The three-way split is a policy design; nothing measures it.,
M_BAND_LOW,1.8,dimensionless multiplier,CHOSEN,,physics-adjacent in one respect only — a band must EXIST for Condition II to be checkable. Where its edges sit is not implied by that.,Multipliers — constitutional band (Condition II),"a charter decision on the tolerable spread of labour valuation. The measured route now exists and disagrees usefully: the O*NET/BLS reference multiplier (mult-5.1.0) produces a population-weighted mean from measured factors, and handoffs/multipliers-v5/FALSIFIABILITY.md records that the band PASS is a construction artifact of the normalization (±2.8× across normalizations) with no empirical content. So the band cannot be validated against the measurement — it can only be chosen and then honoured.",
M_BAND_HIGH,2.1,dimensionless multiplier,CHOSEN,,physics-adjacent in one respect only — a band must EXIST for Condition II to be checkable. Where its edges sit is not implied by that.,Multipliers — constitutional band (Condition II),"a charter decision on the tolerable spread of labour valuation. The measured route now exists and disagrees usefully: the O*NET/BLS reference multiplier (mult-5.1.0) produces a population-weighted mean from measured factors, and handoffs/multipliers-v5/FALSIFIABILITY.md records that the band PASS is a construction artifact of the normalization (±2.8× across normalizations) with no empirical content. So the band cannot be validated against the measurement — it can only be chosen and then honoured.",
M_BAND_TARGET,2.1,dimensionless multiplier,CHOSEN,,physics-adjacent in one respect only — a band must EXIST for Condition II to be checkable. Where its edges sit is not implied by that.,Multipliers — constitutional band (Condition II),"a charter decision on the tolerable spread of labour valuation. The measured route now exists and disagrees usefully: the O*NET/BLS reference multiplier (mult-5.1.0) produces a population-weighted mean from measured factors, and handoffs/multipliers-v5/FALSIFIABILITY.md records that the band PASS is a construction artifact of the normalization (±2.8× across normalizations) with no empirical content. So the band cannot be validated against the measurement — it can only be chosen and then honoured.",
M_MAX,6.0,dimensionless multiplier,CHOSEN,,"physics — a hard cap must exist, or TEH accumulation is unbounded in the tier dimension. Its LEVEL is the choice.",Multipliers — constitutional band (Condition II),"a charter decision on maximum permitted labour-valuation inequality. 6.0 is a 6:1 ratio against the floor; that is the substantive commitment and it should be argued as a distributional limit, not derived.",
ALPHA_SCALE,5.0,dimensionless (sum of the four alpha coefficients),derived,,"Σαᵢ = M_MAX − 1, so that perfect scores on all four factors land exactly on the cap. Genuinely computed from M_MAX rather than pinned — it moves when the cap moves.",Multipliers — constitutional band (Condition II),"n/a — it inherits M_MAX's standing, which is CHOSEN. Nothing additional is owed here beyond settling the cap.",
ALPHA_IMPACT_EOH_REDUCTION_WEIGHT,0.4,fraction,CHOSEN,,derived only in that the three weights are constrained to sum to 1.0.,Multipliers — constitutional band (Condition II),"nothing measures the relative importance of EOH reduction, domain breadth and reserve capacity against each other — it is a judgement about what the collective values in a role. Sweep it: scenarios/multiplier_sensitivity.py already provides the harness, and the shipped sweep is ±0.10 per weight.",
ALPHA_IMPACT_DOMAIN_COVERAGE_WEIGHT,0.35,fraction,CHOSEN,,derived only in that the three weights are constrained to sum to 1.0.,Multipliers — constitutional band (Condition II),"nothing measures the relative importance of EOH reduction, domain breadth and reserve capacity against each other — it is a judgement about what the collective values in a role. Sweep it: scenarios/multiplier_sensitivity.py already provides the harness, and the shipped sweep is ±0.10 per weight.",
ALPHA_IMPACT_RESILIENCE_WEIGHT,0.25,fraction,CHOSEN,,derived only in that the three weights are constrained to sum to 1.0.,Multipliers — constitutional band (Condition II),"nothing measures the relative importance of EOH reduction, domain breadth and reserve capacity against each other — it is a judgement about what the collective values in a role. Sweep it: scenarios/multiplier_sensitivity.py already provides the harness, and the shipped sweep is ±0.10 per weight.",
M_FLOOR,1.0,dimensionless multiplier,CHOSEN,,the constitutional floor of the geometric map — one hour of the least demanding registered labour mints exactly one TEH.,Multipliers — measured geometric map (mult-5.1.0),"a charter decision on the floor. It is arguably the framework's cleanest normative commitment (an hour is an hour at the floor) and needs no measurement — but it is a commitment, not a measured minimum.",
M_GEOMETRIC_R,3.2,dimensionless ratio,derived-then-FROZEN,,"solved once at the reference epoch from {M_FLOOR, the band, the measured composite distribution} so that the mapped mean lands in the band.",Multipliers — measured geometric map (mult-5.1.0),"an O*NET/BLS vintage refresh re-solves it mechanically. It is NOT a knob — re-deriving it per vintage restores the circularity the freeze exists to break. Note the consequence recorded in handoffs/multipliers-v5/ FALSIFIABILITY.md: because R is solved to make the band pass, the band pass carries no empirical content. The rank ordering and pairwise ratios do.",
M_COMPOSITE_Z_LO,0.153073096218,"composite score, dimensionless",derived-then-FROZEN,,"the observed composite range at the reference epoch, used to normalize z = clip((composite − Z_LO)/(Z_HI − Z_LO), 0, 1).",Multipliers — measured geometric map (mult-5.1.0),an O*NET/BLS vintage refresh. Frozen for the same reason as R.,
M_COMPOSITE_Z_HI,0.740198609448,"composite score, dimensionless",derived-then-FROZEN,,"the observed composite range at the reference epoch, used to normalize z = clip((composite − Z_LO)/(Z_HI − Z_LO), 0, 1).",Multipliers — measured geometric map (mult-5.1.0),an O*NET/BLS vintage refresh. Frozen for the same reason as R.,
M_FACTOR_WEIGHTS,"(0.3, 0.25, 0.2, 0.25)",fraction,CHOSEN,,,Multipliers — measured geometric map (mult-5.1.0),no measurement stands behind the split between the four assessment factors — it is what the collective decides a labour-hour's value turns on. Sweep ±0.10 each; scenarios/multiplier_sensitivity.py runs it and reports that rank ordering survives while absolute levels do not.,
M_IMPACT_SUBDOMAIN_WEIGHTS,"(0.3, 0.25, 0.25, 0.2)",fraction,CHOSEN,,,Multipliers — measured geometric map (mult-5.1.0),"as for M_FACTOR_WEIGHTS — a governance judgement, swept not fitted.",
M_IMPACT_COMPOSITE_LO,0.331749422563,"impact composite score, dimensionless",derived-then-FROZEN,,the observed impact-composite range at the reference epoch; the impact composite is affine outer-normalized against these bounds.,Multipliers — measured geometric map (mult-5.1.0),an O*NET/BLS vintage refresh.,
M_IMPACT_COMPOSITE_HI,0.751958294388,"impact composite score, dimensionless",derived-then-FROZEN,,the observed impact-composite range at the reference epoch; the impact composite is affine outer-normalized against these bounds.,Multipliers — measured geometric map (mult-5.1.0),an O*NET/BLS vintage refresh.,
M_EPOCH_WEIGHT_ANCHORS,<dict: 4 keys>,"fraction, per ε anchor",CHOSEN,,,Multipliers — measured geometric map (mult-5.1.0),"the ε-dependence of the weighting is a governance judgement, not a measurement. The DIRECTION is argued (training matters less as skills stop being scarce; impact matters more as fewer hours carry more consequence); the four anchor vectors are illustrative.",
GOVERNANCE_MIN_ASSESSORS,3,count of assessors,CHOSEN,,,Multiplier governance and anti-gaming safeguards,"a charter decision on panel size. Three is the smallest panel that can break a tie, which is an argument rather than a measurement; sortition literature on minimum panel size for stable outcomes would strengthen it.",
GOVERNANCE_IRR_WARN_THRESHOLD,0.7,inter-rater reliability coefficient,CHOSEN,,the WARN/CRIT pair on assessment agreement.,Multiplier governance and anti-gaming safeguards,"convention exists and is close at hand — these sit near the established Krippendorff/Cohen κ reading (≥0.80 good, 0.67–0.80 tentative, below that unreliable). Adopting a cited standard would move both to `convention`; as written they are the framework's own rounder numbers.",
GOVERNANCE_IRR_CRIT_THRESHOLD,0.5,inter-rater reliability coefficient,CHOSEN,,the WARN/CRIT pair on assessment agreement.,Multiplier governance and anti-gaming safeguards,"convention exists and is close at hand — these sit near the established Krippendorff/Cohen κ reading (≥0.80 good, 0.67–0.80 tentative, below that unreliable). Adopting a cited standard would move both to `convention`; as written they are the framework's own rounder numbers.",
SCARCITY_ROLLING_WINDOW,3,periods,CHOSEN,,"physics-adjacent — SOME smoothing is structurally required, because scarcity is endogenous to the multiplier that responds to it and an unsmoothed feedback oscillates. The window LENGTH is the choice.",Multiplier governance and anti-gaming safeguards,the observed autocorrelation of occupational vacancy series. BLS JOLTS measures exactly this and is not yet ingested; three periods is the framework's assertion about how long the oscillation is.,
SCARCITY_SUPPLY_LAG_YEARS,3,years,CHOSEN,,,Multiplier governance and anti-gaming safeguards,"measured time from a wage/valuation signal to a completed training pipeline, by occupation. Programme lengths are published (O*NET job-zone training times are already shipped in reference/data/), so this is one of the more readily settled constants in the block — and three years is implausibly uniform across occupations that range from weeks to a decade.",
SCARCITY_SEVERE_THRESHOLD,0.8,"normalized scarcity score ∈ [0,1]",CHOSEN,,,Multiplier governance and anti-gaming safeguards,"a charter decision on when scarcity becomes an emergency worth naming. It gates a label, not an allocation.",
TRAINING_VALIDATION_TOLERANCE,1.5,ratio of mandated to median observed training duration,CHOSEN,,the anti-gaming test — a credential mandating far more training than practitioners actually needed is rent extraction wearing a training claim.,Multiplier governance and anti-gaming safeguards,"the distribution of mandated-vs-actual training ratios across licensed occupations. O*NET training data plus licensure requirements would give the empirical spread, and the tolerance should sit at its upper tail rather than at a round 1.5.",
ARTIFICIAL_SCARCITY_PASS_RATE_FLOOR,0.3,fraction,CHOSEN,,the pass-rate floor and the quality differential that can excuse falling below it — a gate is artificial unless the failures are really unqualified.,Multiplier governance and anti-gaming safeguards,"observed licensure pass rates paired with a measured competency differential between passers and failers. Board pass rates are published; the competency half is the missing instrument, and without it the excuse cannot be tested — only asserted.",
ARTIFICIAL_SCARCITY_QUALITY_THRESHOLD,0.2,fraction,CHOSEN,,the pass-rate floor and the quality differential that can excuse falling below it — a gate is artificial unless the failures are really unqualified.,Multiplier governance and anti-gaming safeguards,"observed licensure pass rates paired with a measured competency differential between passers and failers. Board pass rates are published; the competency half is the missing instrument, and without it the excuse cannot be tested — only asserted.",
TIER_ASSESSMENT_INTERVAL_YEARS,5,years,CHOSEN,,"the sunset clock — a tier assessment that never expires becomes a property right, which is the failure mode notes/historical-autopsy.md names.",Multiplier governance and anti-gaming safeguards,"a charter decision on revalidation cadence, with abundant precedent in professional recertification cycles (commonly 2–10 years). Several other constants are pinned to it (CONTESTABILITY_VESTING_YEARS), so moving it moves them.",
DEFAULT_SEGMENTS,<list: 4 items>,fractions of workforce and dimensionless multipliers,CHOSEN,,,Multiplier governance and anti-gaming safeguards,"SUPERSEDED IN PRACTICE. reference/workforce.py ships measured workforce composition snapshots and scenarios/measured.py builds segments from the O*NET/BLS registry (751 occupations, 94.2% of US employment). This default survives as a self-contained fixture for tests and examples; prefer the measured path for any reported result.","CALIBRATED TO A TARGET — the segment means were set so the weighted mean lands on 2.10, the top of the constitutional band, at ε=0. Same class as the GUF_USE_* rates: a value reverse-engineered from a desired outcome."
CARE_SIGMOID_DEFAULTS,"{'start_share': 0.05, 'inflection': 0.45, 'rate': 8.0, 'saturation': 0.95}",start_share/saturation fractions; inflection in ε; rate dimensionless,CHOSEN,,"physics-adjacent in shape only — admission to a collective ledger plausibly follows slow onset, mid-range acceleration and saturation below 1.0 (some care stays informal at any automation level). Every one of the four numbers is asserted.",Registration sigmoids,"the measured formal/informal split of care labour against an automation index — the share of care hours that pass through a paid or recorded channel. ATUS separates household care from paid care and is now partly ingested (reference/atus_time_use.py), so the start_share is the most nearly reachable of the four; the inflection needs a cross-country panel.","docs/parameter_provenance.md's Registration table still lists start_share 0.30 and inflection 0.55 against the 0.05 and 0.45 shipped here — caught by this migration, corrected in the generated table."
PERSONAL_EOH_SURVIVAL,600.0,hours/year per working-age-equivalent,CHOSEN,,"S_a — the autarky-referenced SURVIVAL standard. Hard-bounded above by (L−R)/w = 627: a survival standard exceeding labour supply is extinction. Set independently and CHECKED rather than pinned to the bound, so scenarios/feasibility.py can still fail it — a constant that cannot fail its own test says nothing.",EOH generation — personal domain,"minimum-subsistence time-allocation studies covering only the components that kill you if unmet — food, water, shelter, warmth.",
PERSONAL_EOH_SUFFICIENCY,1500.0,hours/year per working-age-equivalent,CHOSEN,,"F_a — the autarky-referenced SUFFICIENCY standard. MAY exceed labour supply, and that gap is precisely why collectives form.",EOH generation — personal domain,"cross-cultural time allocation at a stated adequacy standard, plus the capital-inventory + time-use identity route. Cross-checks already in hand: the identity route gives F_c(modern) = 390–926, implying 38–74% abatement, and ""all needs met"" requires ~30% at ε=0.99 — 1500 sits mid-band against both.",
PERSONAL_EOH_COMPONENTS,<dict: 4 keys>,share = fraction of the personal obligation; abatability = fraction removable,CHOSEN,,"the shares are the original desk estimate's own four terms (208/156/208/936 over 1508), so they are internally consistent with PERSONAL_EOH_SUFFICIENCY rather than independent of it. The abatability ceilings are the per-component most that infrastructure can ever remove, and their ORDERING encodes the block's structural prediction: abatability and sufficiency are ANTI-CORRELATED, because what infrastructure removes is survival-shaped work and what it cannot remove is care (the Baumol case). That prediction is TESTED in TestAntiCorrelationPrediction, not asserted here — changing these weights falsifies it.",EOH generation — personal domain,"per-component pointers are on each line below. a_max = Σ share × abatability = 0.4483 is DERIVED from this table, so it is not a free parameter; the table is where the judgement lives.",
ABATEMENT_HALF_CAPITAL_TEH,1000.0,TEH of capital per capita,CHOSEN,,"K_half in a(K) = a_max · K/(K + K_half). It sets the PACE of abatement along the arc, not its ceiling.",EOH generation — personal domain,"the identity route run at two or more capital levels — B(K) measured at matched (inventory, time-use) pairs pins a_max and K_half together.","THE LEAST-GROUNDED CONSTANT IN BLOCK II, and the only new free parameter the block introduced. Report the sensitivity alongside any abatement figure until it is measured."
PERSONAL_EOH_BASE,1000.0,hours/year per working-age-equivalent,CHOSEN,,"the ABATEMENT-COLLAPSED operating value — one number standing in for F_a × (1 − a(K)) at an unstated point on the arc. 1000 ≈ 1500 × (1 − 1/3), and a ≈ 33% sits mid-range between the 10% ""all needs met"" requires at ε = 0.40 and the 38–74% the identity route implies at modern capital. Retired when abatement becomes the default generation path.",EOH generation — personal domain,"the capital-inventory + time-use identity, NOT time-use data alone — see the circularity section in docs/parameter_provenance.md. Partial progress: core/eoh_generation.personal_statutory_floor() now builds a currency-free floor from physical quantities, but only one of seven basket components is priced (nutrition production, 330.9 h/person·yr), so coverage is 6.9% and the floor cannot yet falsify this value.","THE SINGLE MOST LEVERAGED CONSTANT IN THE MODEL. Personal EOH is 91–97% of total EOH at every ε, so this effectively sets the denominator of ε. Repriced 1500 → 1000 on 2026-08-06 (author decision) to the HIGH end of the evidence band, on an asymmetric-loss argument: too low hides a real shortfall (model reports feasible, capital under-built, deficit paid in unserved biological obligation), too high only over-builds capital. Erring high is the mortality-minimising error. Per working-age-EQUIVALENT: × w = 1.475 gives the per-capita claim of 1,475 h/person·yr."
INFRA_MAINT_RATE,0.025,"fraction of capital stock, as EOH-hours per year",CHOSEN,,,EOH generation — infrastructure domain,"it cites a 2–4% band and picks a point inside it. The statutory floor below is the better instrument and supersedes this in practice — a physical condition census in crew-hours, with no money→hours step.",
INFRA_AGE_FACTOR_MAX,2.0,dimensionless multiplier at end of design life,CHOSEN,,physics — maintenance burden really is convex in age. The DOUBLING is not.,EOH generation — infrastructure domain,"measured maintenance hours against age for a single asset class, which the NBIS condition data behind INFRA_TREATMENT_HOURS_* could supply.",
INFRA_STATUTORY_INTERVAL_MONTHS_DEFAULT,24.0,months between routine inspections,convention,,"the statutory routine inspection interval, adopted from 23 CFR 650 (US National Bridge Inspection Standards). A stated regulatory basis rather than a claim about the world, which is what `convention` marks.",EOH generation — infrastructure domain,"the governing standard for the jurisdiction being modelled — the interval is whatever that jurisdiction's code says, and adopting a different code changes it legitimately.",
INFRA_TREATMENT_HOURS_GOOD,8.0,labour-hours per asset unit per year,CHOSEN,,"task-normative — hours/unit/year = (12 / inspection_interval_months) × crew_hours_per_visit, currency-free by construction. This is the measured, auditable half of infrastructure EOH; discretionary maintenance ambition above it is a policy choice and enters the fiscal layer, never the floor.",EOH generation — infrastructure domain,"state DOT maintenance-activity manuals and inspection timesheets, which record the real per-condition crew-hours. This is the nearest-to-closed CHOSEN debt in the file: the instrument exists, is public, and the units match.",the reason this stream exists — the monetized capital_stock_teh path is convention-dominated 10.26× while every physical knob on this path reads ×1.000 (scenarios/infrastructure_floor.doctrine_floor_invariance). The floor is ~5.9× better determined and its residual is timesheet-measurable.
INFRA_TREATMENT_HOURS_FAIR,20.0,labour-hours per asset unit per year,CHOSEN,,"task-normative — hours/unit/year = (12 / inspection_interval_months) × crew_hours_per_visit, currency-free by construction. This is the measured, auditable half of infrastructure EOH; discretionary maintenance ambition above it is a policy choice and enters the fiscal layer, never the floor.",EOH generation — infrastructure domain,"state DOT maintenance-activity manuals and inspection timesheets, which record the real per-condition crew-hours. This is the nearest-to-closed CHOSEN debt in the file: the instrument exists, is public, and the units match.",the reason this stream exists — the monetized capital_stock_teh path is convention-dominated 10.26× while every physical knob on this path reads ×1.000 (scenarios/infrastructure_floor.doctrine_floor_invariance). The floor is ~5.9× better determined and its residual is timesheet-measurable.
INFRA_TREATMENT_HOURS_POOR,48.0,labour-hours per asset unit per year,CHOSEN,,"task-normative — hours/unit/year = (12 / inspection_interval_months) × crew_hours_per_visit, currency-free by construction. This is the measured, auditable half of infrastructure EOH; discretionary maintenance ambition above it is a policy choice and enters the fiscal layer, never the floor.",EOH generation — infrastructure domain,"state DOT maintenance-activity manuals and inspection timesheets, which record the real per-condition crew-hours. This is the nearest-to-closed CHOSEN debt in the file: the instrument exists, is public, and the units match.",the reason this stream exists — the monetized capital_stock_teh path is convention-dominated 10.26× while every physical knob on this path reads ×1.000 (scenarios/infrastructure_floor.doctrine_floor_invariance). The floor is ~5.9× better determined and its residual is timesheet-measurable.
ECOLOGICAL_BASE_RATE,500000.0,hours/year at pristine ecosystem health (relative anchor),CHOSEN,,,EOH generation — ecological domain,"a stewardship-hours census on an absolute footing — agency FTEs per hectare, or the GUF parcel inventory × measured crew-hours.","THE DOMAIN-BALANCE DEFECT LIVES HERE. This is documented as a RELATIVE anchor — ""does not represent an absolute ecosystem-specific count"" — but it is SUMMED with absolute counts in total_eoh() and then divided into ε. At defaults it contributes 0.03% of total EOH (0.71 h/person·yr against personal's 2,213), so the ecological domain cannot move ε and the thermal obligation books at ~1.8 h/person·yr. Do not quote this domain's SHARE of total EOH until it is on an absolute footing. Either this is low by 2–3 orders, or CDR_LABOR_HOURS_PER_TONNE is, or both; nothing in current data settles it."
ECOLOGICAL_THRESHOLD,0.4,"ecosystem health index ∈ [0,1]",CHOSEN,,"physics — ecological regime shifts are established, so a threshold below which burden escalates nonlinearly is structural. Where 0.40 falls on THIS index is a mapping, not a measurement.",EOH generation — ecological domain,an ecological time series relating a defined health index to observed regime shift. GUF_EOH_ACCUMULATION_THRESHOLD makes the same class of claim on the deferral rate rather than the state; both resolve from one series.,
KNOWLEDGE_EOH_BASE,381962855.27,"embodied knowledge-hours (STOCK) at the ε=0 reference, at KNOWLEDGE_REFERENCE_POPULATION",derived-then-FROZEN,,"recovered from the O*NET 30.3 / BLS spine already shipped in reference/data/ by inverting the documented log-minmax normalization of f_training: 11,001.3 h/worker embodied training stock over 751 occupations → 5,501.0 h/person at E/P = 0.500 → de-anchored to ε=0 by ÷ kbs(ε*)·cpu(ε*). Anchor and base are solved TOGETHER at the fixed point ε* = 0.4522 (scenarios/knowledge_base.epsilon_ref_fixed_point, 8 damped iterations), because a one-shot anchor cannot be self-consistent when the constant it sets sits inside the quantity that checks it. Frozen at the reference epoch so it stays comparable across data vintages.",EOH generation — knowledge domain,an O*NET/BLS vintage refresh moves it mechanically; the ANCHOR resolves by whatever settles Finding B. The capital-inventory route is unusable (Finding A).,"THE ANCHORING ASSUMPTION IS THE UNCERTAINTY, NOT THE MEASUREMENT. Across ε_ref ∈ [0.2, 0.6] the constant moves 7.13×, against only 1.20× from the per-capita route. What the fixed point does NOT fix: the anchor is still 937.3 h/person·yr of US PAID labour, so it removes the self-inconsistency, not the US-specificity or the paid-labour convention — and the full-labour reading has no solution at all (supply exceeds the whole obligation; Finding B). tests/test_knowledge_base.py asserts the frozen value still matches the live derivation, so a registry refresh fails loudly rather than drifting."
KNOWLEDGE_EPS_EXPONENT,2.0,dimensionless exponent,CHOSEN,,"physics — knowledge EOH grows superlinearly with ε, because complexity compounds. The exponent is asserted.",EOH generation — knowledge domain,"measured knowledge-maintenance hours against an automation index at three or more points, which is what distinguishes an exponent from a slope.",
KNOWLEDGE_REFERENCE_POPULATION,1000000.0,persons,convention,,"a stated denominator, not a claim about the world — the population KNOWLEDGE_EOH_BASE is quoted at. It exists because knowledge EOH was population-INVARIANT: the same absolute number came back at 1M and at 300M, so the domain's share of total EOH fell as 1/population while every other domain scaled. 1e6 is the repo-wide default population, so this reproduces prior output exactly at the default.",EOH generation — knowledge domain,"n/a — a convention is settled by declaring it, which this does.",
SKILL_DECAY_RATE,0.1,fraction of the knowledge stock renewed per year,CHOSEN,,"DEPRECATED as of Block K-IV — retained, not deleted, per the additive-not-destructive rule. Nothing defaults to it; the default renewal rate is SKILL_TRANSMISSION_RATE. Kept because it is the value every pre-K-IV result in this repo was produced at, so reproducing an old figure means passing it explicitly rather than guessing what it was.",EOH generation — knowledge domain,"superseded — see SKILL_TRANSMISSION_RATE and SKILL_CPD_RATE, whose sum is 0.0277 against this 0.10. That gap is a finding, not an error to reconcile away.","IT WAS NEVER A RENEWAL RATE. At 0.10 against the measured 11,001 h/worker stock it implies 1,100 h/worker·yr — 55% of the H_REF work-year spent forever re-acquiring knowledge already held. No time-use or training series reports anything close. It was also CONFLATING two rates that Block K-III separates: transmission (cohort turnover) and CPD (staying current while working)."
SKILL_WORKING_LIFE_YEARS,40.0,"years, entry to retirement",CHOSEN,,,EOH generation — knowledge domain,"BLS Employee Tenure, or cohort exit rates from the labour force.","the only input to transmission, and weakly held — but halving or doubling it moves transmission 2×, against ε_ref's 7.13× lever on KNOWLEDGE_EOH_BASE, so it is not where the uncertainty lives."
SKILL_TRANSMISSION_RATE,0.025,fraction of the knowledge stock renewed per year,derived,,"1 / SKILL_WORKING_LIFE_YEARS = 0.025. Transmission is the stock being re-created as cohorts retire — knowledge dies with people, which is the entropy this domain measures (framing accepted by the author 2026-08-08). Adopted as the default renewal rate in Block K-IV because it is the LOWER of the two credible doctrines and the only one containing no CHOSEN component.",EOH generation — knowledge domain,n/a — it inherits SKILL_WORKING_LIFE_YEARS's standing.,
SKILL_CPD_RATE,0.0027,fraction of stock renewed per year by continuing practice,CHOSEN,,"the recurring hours a WORKING practitioner spends staying current — the term O*NET structurally cannot supply, because it measures the hours to REACH competency, never the hours to HOLD it. ~30 h/worker·yr economy-wide against an 11,001 h stock gives 0.0027, from the licensure scale (US state boards mandate 20–50 h per two-year cycle for licensed occupations, ~a quarter of employment) and Eurostat CVTS (~25 h per participating employee·yr at ~40% participation).",EOH generation — knowledge domain,"Eurostat CVTS (paid training hours per employee, all sectors), the single public series that measures this term directly.","THE LEAST-GROUNDED NUMBER IN BLOCK K-III, and EXCLUDED FROM THE DEFAULT — not denied. skill_renewal_rate() still returns the sum and a caller who wants the fuller obligation passes it. The adopted default therefore UNDERSTATES renewal by ~10.8%, deliberately, so no CHOSEN number rides in the shipped arc — the same posture the thermal layer takes when it withholds a budget whose sign is undetermined."
H_REF,2000,hours/year per worker,convention,,"a stated normalizer — 50 weeks × 40 h. Used to convert workforce-hours to TEH, not a claim about how long anyone works.",Reference and workforce,"n/a as a convention. If it were read as a measurement of actual hours worked it would be wrong in most jurisdictions (OECD average annual hours run ~1,400–2,200), which is precisely why it is tagged as the denominator it is.",
CAPITAL_FAILURE_RATE,0.005,fraction of capital stock per year,CHOSEN,,"catastrophic failure beyond recoverability, triggering D1 write-down.",TEH destruction and ε-scaling,"observed catastrophic-failure rates by asset class. Insurance and asset-registry loss data measure this directly; ASSET_TYPES in this file already carries per-class threshold ages, so a measured pass should produce a per-class rate rather than one economy-wide 0.5%.",
CAPITAL_WRITEDOWN_MONITORING_SLOPE,0.3,fraction of the failure rate removable at ε=1,CHOSEN,,"better monitoring at high ε reduces catastrophic failure — structurally right in direction (detected degradation is repairable degradation), asserted in magnitude.",TEH destruction and ε-scaling,measured failure-rate reduction attributable to condition monitoring. Note this shares the framework's monitoring-eyesight assumption with ENV_MONITORING_SATURATION_TEH_PER_CAPITA and neither is measured.,
LABOR_INCOME_MIN_TEH,100000000.0,TEH per period (at the 1M reference population),CHOSEN,,"a numerical guard, not an economic claim — it keeps period labour income from reaching zero and producing division-by-zero at high ε, which the ε-coherence rule requires every function to survive.",TEH destruction and ε-scaling,"n/a as a floor; it should ideally be derived from WORKFORCE_FRACTION_MIN × H_REF × the mean multiplier rather than pinned, which would make the guard consistent with the quantities it guards.",
WORKFORCE_FRACTION_MIN,0.05,fraction of population in the workforce,CHOSEN,,"the minimum workforce retained at any automation level. Structural in direction — full automation still needs someone, which Condition IV asserts as distributed competency — and asserted in level.",TEH destruction and ε-scaling,"the minimum staffing that holds ESSENTIAL_DOMAINS above COMPETENCY_THRESHOLD; that makes it derivable from two other constants in this file rather than independent, and it is currently set independently of both.",
ANNUAL_DEATH_RATE,0.01,fraction of population per year,CHOSEN,,"crude death rate. EXOGENOUS — nothing in the model links mortality to the deferred personal-EOH deficit that core/eoh_fulfillment.py now tracks, so a severe unserved survival obligation and this rate are independent. That is a known limit, stated because the deficit reports HOURS, not outcomes.",TEH destruction and ε-scaling,"national vital statistics or UN WPP for the jurisdiction being modelled. 1%/yr is a plausible developed-world crude rate and directly measurable, making this one of the cheaper CHOSEN debts to close.",
ESTATE_INHERITANCE_FRACTION,0.35,fraction of the excess above reserve,CHOSEN,,"the D5 split on death — inherited (circulatory), levied to Trust (circulatory), and the remainder written down. Note the three shares are a distributional design, and RECAL_ESTATE_CAPITAL_ESCHEAT_SHARE deliberately reuses the 0.15 levy fraction so capital estates get the same treatment as TEH estates rather than a new rule.",TEH destruction and ε-scaling,"a charter decision on inheritance. There is no measurement of what fraction of an estate SHOULD pass to heirs; comparative inheritance-tax schedules give precedent for the range, not the value.",
ESTATE_LEVY_FRACTION,0.15,fraction of the excess above reserve,CHOSEN,,"the D5 split on death — inherited (circulatory), levied to Trust (circulatory), and the remainder written down. Note the three shares are a distributional design, and RECAL_ESTATE_CAPITAL_ESCHEAT_SHARE deliberately reuses the 0.15 levy fraction so capital estates get the same treatment as TEH estates rather than a new rule.",TEH destruction and ε-scaling,"a charter decision on inheritance. There is no measurement of what fraction of an estate SHOULD pass to heirs; comparative inheritance-tax schedules give precedent for the range, not the value.",
ESTATE_PERSONAL_RESERVE_YEARS,10.0,years of basket cost,CHOSEN,,the unconditionally preserved personal reserve — the part of an estate D5 never touches.,TEH destruction and ε-scaling,a charter decision. It is a commitment about how much security a person may hold beyond their own lifetime without it being reclaimed.,
ACCUMULATION_CEILING_MULTIPLIER,3.5,multiple of base lifetime earnings,CHOSEN,,the D6 accumulation ceiling above which excess TEH is committed to capital formation rather than sitting in perpetual savings. Disabled by default.,TEH destruction and ε-scaling,"a charter decision on the maximum permitted accumulation — the framework's most direct statement about tolerable wealth concentration, and it belongs in deliberation. Note it interacts with M_MAX: a 6× multiplier cap and a 3.5× accumulation cap are two different answers to the same question and have not been reconciled.",
BASE_LIFETIME_EARNINGS_TEH,87360.0,TEH over a career,derived,,"2080 TEH/yr × 42-yr career at a 1× multiplier = 87,360. Note the 2080 differs from H_REF's 2000 (2080 = 40 h × 52 wk, with no leave), so the repo carries two work-year conventions; this one is the FTE-hours convention the multiplier registry also uses.",TEH destruction and ε-scaling,n/a — arithmetic from a stated career length and work-year. The career length (42 yr) is close to SKILL_WORKING_LIFE_YEARS (40) and should probably be bound to it rather than restated.,
SUFF_LEVY_RATE,0.0125,fraction of labor income,CHOSEN,,,Fiscal architecture,"min_levy_for_solvency() in core/fiscal.py already derives the rate the guarantee requires at a given ε, so the honest route is to REPLACE this default with that derivation rather than measure it. Recorded finding: at canonical ε=0.40 this rate raises ≈6.2M TEH/yr against a 307M TEH guarantee — it does not fund the guarantee and was never sized to; the Trust dividend does.",
SUFF_GUARANTEE_EPS_DECAY,0.5,"fraction, per ε unit",CHOSEN,,,Fiscal architecture,"nothing measures how fast a guarantee floor should shrink as automation rises; it is a distributional commitment about who carries the transition. Argue it, do not fit it.",
TRUST_BASE_TEH,35000000000.0,TEH (at the 1M reference population),CHOSEN,,,Fiscal architecture,"a real capital inventory in TEH for the jurisdiction being modelled. research/epsilon_inverse.capital_for_epsilon() is the tool that makes an inventory-first reading possible, and the constant should follow the inventory rather than the obligation it is required to cover.","THE CRITICAL SOLVENCY KNOB, and it is sized backwards — chosen so the annual dividend (Trust × DEP_RATE × DIV_RATE = 630M TEH) covers the stewardship, ecological and guarantee obligations at mid-arc. Calibrated to a target, like GUF_USE_* and DEFAULT_SEGMENTS."
DEP_RATE,0.045,fraction of Trust per year,CHOSEN,,"physics — the capital the Trust represents really does deteriorate, so a depreciation term must exist. The RATE is not structural.",Fiscal architecture,"a weighted mean design life over the actual capital inventory. FORMATION_DEPRECIATION_RATE (0.05) in this file derives exactly that from CAPITAL_MACHINE_PROFILES design lives — so the repo holds two aggregate depreciation rates, 0.045 and 0.05, on the same physical quantity. They should be reconciled to one derivation.",
DIV_RATE,0.4,fraction of annual depreciation,CHOSEN,,the dividend/renewal split. That a split exists is structural — pay out everything and the Trust erodes; retain everything and it never circulates.,Fiscal architecture,"a charter decision on the payout ratio. It is the framework's central distributional lever and belongs in deliberation, not measurement.",
MEANINGFUL_ACTIVITY_TEH_BASE,120.0,TEH per recipient per year (at ε=0),CHOSEN,,"base × (1 + scale × ε²) — quadratic so non-participants gain real purchasing power as the labour pool shrinks. Also serves as the sufficiency basket cost at ε=0, so basket_price(0) = 120 TEH/yr.",Fiscal architecture,"a charter decision on discretionary provision above biological reimbursement — this is what a collective thinks a life beyond subsistence costs, which is the same question PERSONAL_EOH_SUFFICIENCY asks in hours. The two should be reconciled; at present they are set independently.",
MEANINGFUL_ACTIVITY_TEH_SCALE,1.5,TEH per recipient per year (at ε=0),CHOSEN,,"base × (1 + scale × ε²) — quadratic so non-participants gain real purchasing power as the labour pool shrinks. Also serves as the sufficiency basket cost at ε=0, so basket_price(0) = 120 TEH/yr.",Fiscal architecture,"a charter decision on discretionary provision above biological reimbursement — this is what a collective thinks a life beyond subsistence costs, which is the same question PERSONAL_EOH_SUFFICIENCY asks in hours. The two should be reconciled; at present they are set independently.",
CAPITAL_STOCK_DEFAULT,2000000000.0,TEH (at the 1M reference population),CHOSEN,,,Fiscal architecture,"a capital inventory for the jurisdiction being modelled, via research/epsilon_inverse.capital_for_epsilon(). Note this is 2,000 TEH/capita and Block III established that the ε=0 endpoint carries NO apparatus, so this default describes a mid-arc collective, not a subsistence one — callers supplying it at low ε are asserting capital the arc says is not there.",
BASKET_EOH_CONTENT,1000.0,personal EOH hours per sufficiency basket,derived,,DEFINED equal to PERSONAL_EOH_BASE — one basket covers one person-year. Was a literal 1500.0 duplicating it; bound to the constant on 2026-08-06 so the two cannot drift apart under repricing.,Fiscal architecture,"n/a — it inherits PERSONAL_EOH_BASE's standing by construction, and the binding is the point: this is the repricing-hazard fix, not a free value.",
ELDERLY_EOH_EPSILON_FACTOR,0.05,fraction shift per ε unit,CHOSEN,,"automation improves medicine, so lives lengthen and the elderly fraction grows. Direction is arguable; the magnitude is asserted, and it is secondary to the dominant ε effect in the fulfillment split.",Human capital and population,a longitudinal life-expectancy series against a measured automation index.,
INFANT_EOH_EPSILON_FACTOR,0.1,fraction shift per ε unit,CHOSEN,,"infant personal EOH declines with automation — formula feeding, monitoring and sanitation displace caregiver hours. This is the abatement claim of Block II applied to one age group, and note it runs OPPOSITE to care's low abatability; the two have not been reconciled.",Human capital and population,"ATUS childcare hours per child against a capital index, which is the same cut AGE_GROUPS needs.",
HUMAN_CAPITAL_NATURAL_DECAY,0.005,fraction of condition per year,CHOSEN,,"annual health-condition decay, higher for the elderly. Direction is biological; the 3× ratio between them is asserted.",Human capital and population,"measured functional-decline rates by age — NHATS/HRS carry exactly this and are already named as the pointer for the AGE_GROUPS care weights, so one dataset closes both.",
HUMAN_CAPITAL_ELDERLY_DECAY,0.015,fraction of condition per year,CHOSEN,,"annual health-condition decay, higher for the elderly. Direction is biological; the 3× ratio between them is asserted.",Human capital and population,"measured functional-decline rates by age — NHATS/HRS carry exactly this and are already named as the pointer for the AGE_GROUPS care weights, so one dataset closes both.",
MATURATION_AUTO_LEVERAGE,0.3,dimensionless leverage coefficient per ε unit,CHOSEN,,automation amplifies the return on education — leverage = 1 + factor × ε.,Human capital and population,"measured returns to schooling against an automation index. The direction is contested in the literature (automation may raise the return to skill or hollow the middle), so the sign is not safe to assume either.",
CANONICAL_CAPITAL_GROWTH_SLOPE,2.0,"mixed — see each line; slopes are per ε unit, bases are in the governed quantity's own units",CHOSEN,,"these define the IDEAL ARC, not a prediction. A real simulation diverges from it, and divergence is the point of modelling — canonical_physical_state(ε) exists for arc testing and cross-sectional analysis, so these constants are a deliberately smooth reference rather than a claim about any actual trajectory. That is why they are one family: they share a single epistemic status.",Canonical trajectory,"nothing, and by design — an ideal arc is a reference frame, not a measurement. What CAN be measured is how far an actual trajectory sits from it, which is what the scenario layer reports. Treat these as the axis, not the data.","the capital path was corrected in Block III to 2.0B × (1 + slope) × ε so that ε=0 carries NO apparatus — a collective with infrastructure and no automation contradicts ε's own definition. Only the intercept moved; ε=1 is still 3× the base. DELIBERATE DIVERGENCE: effective_capital_from_epsilon(base, ε) was NOT changed, because it scales a caller-supplied ε=0 baseline and zeroing it would destroy the caller's input."
CANONICAL_MONITORING_CAPABILITY_BASE,0.5,"mixed — see each line; slopes are per ε unit, bases are in the governed quantity's own units",CHOSEN,,"these define the IDEAL ARC, not a prediction. A real simulation diverges from it, and divergence is the point of modelling — canonical_physical_state(ε) exists for arc testing and cross-sectional analysis, so these constants are a deliberately smooth reference rather than a claim about any actual trajectory. That is why they are one family: they share a single epistemic status.",Canonical trajectory,"nothing, and by design — an ideal arc is a reference frame, not a measurement. What CAN be measured is how far an actual trajectory sits from it, which is what the scenario layer reports. Treat these as the axis, not the data.","the capital path was corrected in Block III to 2.0B × (1 + slope) × ε so that ε=0 carries NO apparatus — a collective with infrastructure and no automation contradicts ε's own definition. Only the intercept moved; ε=1 is still 3× the base. DELIBERATE DIVERGENCE: effective_capital_from_epsilon(base, ε) was NOT changed, because it scales a caller-supplied ε=0 baseline and zeroing it would destroy the caller's input."
CANONICAL_MONITORING_CAPABILITY_SLOPE,0.5,"mixed — see each line; slopes are per ε unit, bases are in the governed quantity's own units",CHOSEN,,"these define the IDEAL ARC, not a prediction. A real simulation diverges from it, and divergence is the point of modelling — canonical_physical_state(ε) exists for arc testing and cross-sectional analysis, so these constants are a deliberately smooth reference rather than a claim about any actual trajectory. That is why they are one family: they share a single epistemic status.",Canonical trajectory,"nothing, and by design — an ideal arc is a reference frame, not a measurement. What CAN be measured is how far an actual trajectory sits from it, which is what the scenario layer reports. Treat these as the axis, not the data.","the capital path was corrected in Block III to 2.0B × (1 + slope) × ε so that ε=0 carries NO apparatus — a collective with infrastructure and no automation contradicts ε's own definition. Only the intercept moved; ε=1 is still 3× the base. DELIBERATE DIVERGENCE: effective_capital_from_epsilon(base, ε) was NOT changed, because it scales a caller-supplied ε=0 baseline and zeroing it would destroy the caller's input."
CANONICAL_KNOWLEDGE_COMPLEXITY_SLOPE,9.0,"mixed — see each line; slopes are per ε unit, bases are in the governed quantity's own units",CHOSEN,,"these define the IDEAL ARC, not a prediction. A real simulation diverges from it, and divergence is the point of modelling — canonical_physical_state(ε) exists for arc testing and cross-sectional analysis, so these constants are a deliberately smooth reference rather than a claim about any actual trajectory. That is why they are one family: they share a single epistemic status.",Canonical trajectory,"nothing, and by design — an ideal arc is a reference frame, not a measurement. What CAN be measured is how far an actual trajectory sits from it, which is what the scenario layer reports. Treat these as the axis, not the data.","the capital path was corrected in Block III to 2.0B × (1 + slope) × ε so that ε=0 carries NO apparatus — a collective with infrastructure and no automation contradicts ε's own definition. Only the intercept moved; ε=1 is still 3× the base. DELIBERATE DIVERGENCE: effective_capital_from_epsilon(base, ε) was NOT changed, because it scales a caller-supplied ε=0 baseline and zeroing it would destroy the caller's input."
CANONICAL_KNOWLEDGE_COMPLEXITY_EXP,2.0,"mixed — see each line; slopes are per ε unit, bases are in the governed quantity's own units",CHOSEN,,"these define the IDEAL ARC, not a prediction. A real simulation diverges from it, and divergence is the point of modelling — canonical_physical_state(ε) exists for arc testing and cross-sectional analysis, so these constants are a deliberately smooth reference rather than a claim about any actual trajectory. That is why they are one family: they share a single epistemic status.",Canonical trajectory,"nothing, and by design — an ideal arc is a reference frame, not a measurement. What CAN be measured is how far an actual trajectory sits from it, which is what the scenario layer reports. Treat these as the axis, not the data.","the capital path was corrected in Block III to 2.0B × (1 + slope) × ε so that ε=0 carries NO apparatus — a collective with infrastructure and no automation contradicts ε's own definition. Only the intercept moved; ε=1 is still 3× the base. DELIBERATE DIVERGENCE: effective_capital_from_epsilon(base, ε) was NOT changed, because it scales a caller-supplied ε=0 baseline and zeroing it would destroy the caller's input."
CANONICAL_CAPITAL_AGE_DRIFT,0.2,"mixed — see each line; slopes are per ε unit, bases are in the governed quantity's own units",CHOSEN,,"these define the IDEAL ARC, not a prediction. A real simulation diverges from it, and divergence is the point of modelling — canonical_physical_state(ε) exists for arc testing and cross-sectional analysis, so these constants are a deliberately smooth reference rather than a claim about any actual trajectory. That is why they are one family: they share a single epistemic status.",Canonical trajectory,"nothing, and by design — an ideal arc is a reference frame, not a measurement. What CAN be measured is how far an actual trajectory sits from it, which is what the scenario layer reports. Treat these as the axis, not the data.","the capital path was corrected in Block III to 2.0B × (1 + slope) × ε so that ε=0 carries NO apparatus — a collective with infrastructure and no automation contradicts ε's own definition. Only the intercept moved; ε=1 is still 3× the base. DELIBERATE DIVERGENCE: effective_capital_from_epsilon(base, ε) was NOT changed, because it scales a caller-supplied ε=0 baseline and zeroing it would destroy the caller's input."
CANONICAL_ECOSYSTEM_HEALTH_BASE,0.9,"mixed — see each line; slopes are per ε unit, bases are in the governed quantity's own units",CHOSEN,,"these define the IDEAL ARC, not a prediction. A real simulation diverges from it, and divergence is the point of modelling — canonical_physical_state(ε) exists for arc testing and cross-sectional analysis, so these constants are a deliberately smooth reference rather than a claim about any actual trajectory. That is why they are one family: they share a single epistemic status.",Canonical trajectory,"nothing, and by design — an ideal arc is a reference frame, not a measurement. What CAN be measured is how far an actual trajectory sits from it, which is what the scenario layer reports. Treat these as the axis, not the data.","the capital path was corrected in Block III to 2.0B × (1 + slope) × ε so that ε=0 carries NO apparatus — a collective with infrastructure and no automation contradicts ε's own definition. Only the intercept moved; ε=1 is still 3× the base. DELIBERATE DIVERGENCE: effective_capital_from_epsilon(base, ε) was NOT changed, because it scales a caller-supplied ε=0 baseline and zeroing it would destroy the caller's input."
CANONICAL_ECOSYSTEM_HEALTH_DRIFT,-0.2,"mixed — see each line; slopes are per ε unit, bases are in the governed quantity's own units",CHOSEN,,"these define the IDEAL ARC, not a prediction. A real simulation diverges from it, and divergence is the point of modelling — canonical_physical_state(ε) exists for arc testing and cross-sectional analysis, so these constants are a deliberately smooth reference rather than a claim about any actual trajectory. That is why they are one family: they share a single epistemic status.",Canonical trajectory,"nothing, and by design — an ideal arc is a reference frame, not a measurement. What CAN be measured is how far an actual trajectory sits from it, which is what the scenario layer reports. Treat these as the axis, not the data.","the capital path was corrected in Block III to 2.0B × (1 + slope) × ε so that ε=0 carries NO apparatus — a collective with infrastructure and no automation contradicts ε's own definition. Only the intercept moved; ε=1 is still 3× the base. DELIBERATE DIVERGENCE: effective_capital_from_epsilon(base, ε) was NOT changed, because it scales a caller-supplied ε=0 baseline and zeroing it would destroy the caller's input."
GUF_PSI_A,0.8,dimensionless,CHOSEN,,NLSA Eq. 18 — the framework's own claim that land's labour-content cost peaks mid-arc and is low at both extremes.,Ground Use Fee (land/guf.py),"a ground-fee-vs-automation panel across jurisdictions at differing automation levels. Nothing in the repo constrains the rise and fall speeds independently of one another, so sweep them jointly until it does.",
GUF_PSI_B,1.2,dimensionless,CHOSEN,,NLSA Eq. 18 — the framework's own claim that land's labour-content cost peaks mid-arc and is low at both extremes.,Ground Use Fee (land/guf.py),"a ground-fee-vs-automation panel across jurisdictions at differing automation levels. Nothing in the repo constrains the rise and fall speeds independently of one another, so sweep them jointly until it does.",
GUF_PSI_FLOOR,0.02,fraction of the reference fee,CHOSEN,,,Ground Use Fee (land/guf.py),"the lowest ground-use fee observed in a highly-automated jurisdiction that still levies one. The floor asserts the fee never reaches zero, which is a policy commitment awaiting an observed analogue.",
GUF_PSI_NORM,4.0,dimensionless,CHOSEN,,"derived — the normalization that puts Ψ's peak at ≈1.0 given a+b≈2.0. It is PINNED here rather than computed, so it goes stale if either speed moves.",Ground Use Fee (land/guf.py),"computing it from GUF_PSI_A/GUF_PSI_B instead of pinning it. The debt here is in the wiring, not in the data — no measurement is owed.",
GUF_ALPHA_ZETA,0.8,dimensionless,CHOSEN,,NLSA Eq. 19–20 — labour content declines with automation to an irreducible human-judgment floor.,Ground Use Fee (land/guf.py),measured labour-hours per parcel-administration task against an automation index. The O*NET/BLS spine already shipped in reference/data/ covers the occupations but has never been cut to land administration.,
GUF_ALPHA_FLOOR,0.05,dimensionless,CHOSEN,,NLSA Eq. 19–20 — labour content declines with automation to an irreducible human-judgment floor.,Ground Use Fee (land/guf.py),measured labour-hours per parcel-administration task against an automation index. The O*NET/BLS spine already shipped in reference/data/ covers the occupations but has never been cut to land administration.,
GUF_LVI_W_CENTRALITY,0.35,fraction,CHOSEN,,NLSA Eq. 3 — the four weights are constrained to sum to 1.0. The split between them is constrained by nothing.,Ground Use Fee (land/guf.py),"a hedonic regression of parcel transaction values on the four sub-indices for the jurisdiction being modelled. These weights ARE that regression's coefficients, so the pointer is a well-defined study rather than an aspiration — this is the standard land-valuation method.",
GUF_LVI_W_TRANSIT,0.3,fraction,CHOSEN,,NLSA Eq. 3 — the four weights are constrained to sum to 1.0. The split between them is constrained by nothing.,Ground Use Fee (land/guf.py),"a hedonic regression of parcel transaction values on the four sub-indices for the jurisdiction being modelled. These weights ARE that regression's coefficients, so the pointer is a well-defined study rather than an aspiration — this is the standard land-valuation method.",
GUF_LVI_W_SERVICES,0.2,fraction,CHOSEN,,NLSA Eq. 3 — the four weights are constrained to sum to 1.0. The split between them is constrained by nothing.,Ground Use Fee (land/guf.py),"a hedonic regression of parcel transaction values on the four sub-indices for the jurisdiction being modelled. These weights ARE that regression's coefficients, so the pointer is a well-defined study rather than an aspiration — this is the standard land-valuation method.",
GUF_LVI_W_NATURAL_AMENITY,0.15,fraction,CHOSEN,,NLSA Eq. 3 — the four weights are constrained to sum to 1.0. The split between them is constrained by nothing.,Ground Use Fee (land/guf.py),"a hedonic regression of parcel transaction values on the four sub-indices for the jurisdiction being modelled. These weights ARE that regression's coefficients, so the pointer is a well-defined study rather than an aspiration — this is the standard land-valuation method.",
GUF_USE_RESIDENTIAL_PRIMARY,10.0,"TEH per Standard Land Unit per year, at ε=0.40",CHOSEN,,NLSA Eq. 9 — midpoints of the manual's per-category ranges.,Ground Use Fee (land/guf.py),"a stewardship-cost census — collective labour-hours per year actually attributable to servicing each use category (roads, utilities, inspection, dispute resolution), divided by land area. That measures the quantity the fee is DEFINED as, so it settles the levels and the ratios in one instrument rather than calibrating one against the other.","CALIBRATED TO A TARGET, and retagged on that basis (2026-08-09). These were scaled ×100 from the template's abstract unit values so that aggregate GUF over a 1M-population inventory (~400k residential + 20k commercial parcels) lands co-equal with levy revenue at mid-arc: residential ≈ 9.3M TEH/yr, commercial ≈ 4.1M, total ≈ 13.4M against levy ≈ 6.2M (≈2.2×). A value reverse-engineered from a desired outcome is CHOSEN under this scheme's own precedent — _ECOLOGICAL_SPIKE_INTENSITY was retagged for the same reason on 2026-08-05 — whatever the ratios between categories rest on."
GUF_USE_RESIDENTIAL_SECONDARY,21.5,"TEH per Standard Land Unit per year, at ε=0.40",CHOSEN,,NLSA Eq. 9 — midpoints of the manual's per-category ranges.,Ground Use Fee (land/guf.py),"a stewardship-cost census — collective labour-hours per year actually attributable to servicing each use category (roads, utilities, inspection, dispute resolution), divided by land area. That measures the quantity the fee is DEFINED as, so it settles the levels and the ratios in one instrument rather than calibrating one against the other.","CALIBRATED TO A TARGET, and retagged on that basis (2026-08-09). These were scaled ×100 from the template's abstract unit values so that aggregate GUF over a 1M-population inventory (~400k residential + 20k commercial parcels) lands co-equal with levy revenue at mid-arc: residential ≈ 9.3M TEH/yr, commercial ≈ 4.1M, total ≈ 13.4M against levy ≈ 6.2M (≈2.2×). A value reverse-engineered from a desired outcome is CHOSEN under this scheme's own precedent — _ECOLOGICAL_SPIKE_INTENSITY was retagged for the same reason on 2026-08-05 — whatever the ratios between categories rest on."
GUF_USE_AGRICULTURAL_ACTIVE,2.0,"TEH per Standard Land Unit per year, at ε=0.40",CHOSEN,,NLSA Eq. 9 — midpoints of the manual's per-category ranges.,Ground Use Fee (land/guf.py),"a stewardship-cost census — collective labour-hours per year actually attributable to servicing each use category (roads, utilities, inspection, dispute resolution), divided by land area. That measures the quantity the fee is DEFINED as, so it settles the levels and the ratios in one instrument rather than calibrating one against the other.","CALIBRATED TO A TARGET, and retagged on that basis (2026-08-09). These were scaled ×100 from the template's abstract unit values so that aggregate GUF over a 1M-population inventory (~400k residential + 20k commercial parcels) lands co-equal with levy revenue at mid-arc: residential ≈ 9.3M TEH/yr, commercial ≈ 4.1M, total ≈ 13.4M against levy ≈ 6.2M (≈2.2×). A value reverse-engineered from a desired outcome is CHOSEN under this scheme's own precedent — _ECOLOGICAL_SPIKE_INTENSITY was retagged for the same reason on 2026-08-05 — whatever the ratios between categories rest on."
GUF_USE_AGRICULTURAL_FALLOW,5.0,"TEH per Standard Land Unit per year, at ε=0.40",CHOSEN,,NLSA Eq. 9 — midpoints of the manual's per-category ranges.,Ground Use Fee (land/guf.py),"a stewardship-cost census — collective labour-hours per year actually attributable to servicing each use category (roads, utilities, inspection, dispute resolution), divided by land area. That measures the quantity the fee is DEFINED as, so it settles the levels and the ratios in one instrument rather than calibrating one against the other.","CALIBRATED TO A TARGET, and retagged on that basis (2026-08-09). These were scaled ×100 from the template's abstract unit values so that aggregate GUF over a 1M-population inventory (~400k residential + 20k commercial parcels) lands co-equal with levy revenue at mid-arc: residential ≈ 9.3M TEH/yr, commercial ≈ 4.1M, total ≈ 13.4M against levy ≈ 6.2M (≈2.2×). A value reverse-engineered from a desired outcome is CHOSEN under this scheme's own precedent — _ECOLOGICAL_SPIKE_INTENSITY was retagged for the same reason on 2026-08-05 — whatever the ratios between categories rest on."
GUF_USE_COMMERCIAL_RETAIL,30.0,"TEH per Standard Land Unit per year, at ε=0.40",CHOSEN,,NLSA Eq. 9 — midpoints of the manual's per-category ranges.,Ground Use Fee (land/guf.py),"a stewardship-cost census — collective labour-hours per year actually attributable to servicing each use category (roads, utilities, inspection, dispute resolution), divided by land area. That measures the quantity the fee is DEFINED as, so it settles the levels and the ratios in one instrument rather than calibrating one against the other.","CALIBRATED TO A TARGET, and retagged on that basis (2026-08-09). These were scaled ×100 from the template's abstract unit values so that aggregate GUF over a 1M-population inventory (~400k residential + 20k commercial parcels) lands co-equal with levy revenue at mid-arc: residential ≈ 9.3M TEH/yr, commercial ≈ 4.1M, total ≈ 13.4M against levy ≈ 6.2M (≈2.2×). A value reverse-engineered from a desired outcome is CHOSEN under this scheme's own precedent — _ECOLOGICAL_SPIKE_INTENSITY was retagged for the same reason on 2026-08-05 — whatever the ratios between categories rest on."
GUF_USE_COMMERCIAL_OFFICE,22.5,"TEH per Standard Land Unit per year, at ε=0.40",CHOSEN,,NLSA Eq. 9 — midpoints of the manual's per-category ranges.,Ground Use Fee (land/guf.py),"a stewardship-cost census — collective labour-hours per year actually attributable to servicing each use category (roads, utilities, inspection, dispute resolution), divided by land area. That measures the quantity the fee is DEFINED as, so it settles the levels and the ratios in one instrument rather than calibrating one against the other.","CALIBRATED TO A TARGET, and retagged on that basis (2026-08-09). These were scaled ×100 from the template's abstract unit values so that aggregate GUF over a 1M-population inventory (~400k residential + 20k commercial parcels) lands co-equal with levy revenue at mid-arc: residential ≈ 9.3M TEH/yr, commercial ≈ 4.1M, total ≈ 13.4M against levy ≈ 6.2M (≈2.2×). A value reverse-engineered from a desired outcome is CHOSEN under this scheme's own precedent — _ECOLOGICAL_SPIKE_INTENSITY was retagged for the same reason on 2026-08-05 — whatever the ratios between categories rest on."
GUF_USE_INDUSTRIAL_LIGHT,17.0,"TEH per Standard Land Unit per year, at ε=0.40",CHOSEN,,NLSA Eq. 9 — midpoints of the manual's per-category ranges.,Ground Use Fee (land/guf.py),"a stewardship-cost census — collective labour-hours per year actually attributable to servicing each use category (roads, utilities, inspection, dispute resolution), divided by land area. That measures the quantity the fee is DEFINED as, so it settles the levels and the ratios in one instrument rather than calibrating one against the other.","CALIBRATED TO A TARGET, and retagged on that basis (2026-08-09). These were scaled ×100 from the template's abstract unit values so that aggregate GUF over a 1M-population inventory (~400k residential + 20k commercial parcels) lands co-equal with levy revenue at mid-arc: residential ≈ 9.3M TEH/yr, commercial ≈ 4.1M, total ≈ 13.4M against levy ≈ 6.2M (≈2.2×). A value reverse-engineered from a desired outcome is CHOSEN under this scheme's own precedent — _ECOLOGICAL_SPIKE_INTENSITY was retagged for the same reason on 2026-08-05 — whatever the ratios between categories rest on."
GUF_USE_INDUSTRIAL_HEAVY,37.5,"TEH per Standard Land Unit per year, at ε=0.40",CHOSEN,,NLSA Eq. 9 — midpoints of the manual's per-category ranges.,Ground Use Fee (land/guf.py),"a stewardship-cost census — collective labour-hours per year actually attributable to servicing each use category (roads, utilities, inspection, dispute resolution), divided by land area. That measures the quantity the fee is DEFINED as, so it settles the levels and the ratios in one instrument rather than calibrating one against the other.","CALIBRATED TO A TARGET, and retagged on that basis (2026-08-09). These were scaled ×100 from the template's abstract unit values so that aggregate GUF over a 1M-population inventory (~400k residential + 20k commercial parcels) lands co-equal with levy revenue at mid-arc: residential ≈ 9.3M TEH/yr, commercial ≈ 4.1M, total ≈ 13.4M against levy ≈ 6.2M (≈2.2×). A value reverse-engineered from a desired outcome is CHOSEN under this scheme's own precedent — _ECOLOGICAL_SPIKE_INTENSITY was retagged for the same reason on 2026-08-05 — whatever the ratios between categories rest on."
GUF_USE_INSTITUTIONAL,1.0,"TEH per Standard Land Unit per year, at ε=0.40",CHOSEN,,NLSA Eq. 9 — midpoints of the manual's per-category ranges.,Ground Use Fee (land/guf.py),"a stewardship-cost census — collective labour-hours per year actually attributable to servicing each use category (roads, utilities, inspection, dispute resolution), divided by land area. That measures the quantity the fee is DEFINED as, so it settles the levels and the ratios in one instrument rather than calibrating one against the other.","CALIBRATED TO A TARGET, and retagged on that basis (2026-08-09). These were scaled ×100 from the template's abstract unit values so that aggregate GUF over a 1M-population inventory (~400k residential + 20k commercial parcels) lands co-equal with levy revenue at mid-arc: residential ≈ 9.3M TEH/yr, commercial ≈ 4.1M, total ≈ 13.4M against levy ≈ 6.2M (≈2.2×). A value reverse-engineered from a desired outcome is CHOSEN under this scheme's own precedent — _ECOLOGICAL_SPIKE_INTENSITY was retagged for the same reason on 2026-08-05 — whatever the ratios between categories rest on."
GUF_USE_CONSERVATION_CREDIT,-6.0,"TEH per Standard Land Unit per year, at ε=0.40",CHOSEN,,NLSA Eq. 9 — midpoints of the manual's per-category ranges.,Ground Use Fee (land/guf.py),"a stewardship-cost census — collective labour-hours per year actually attributable to servicing each use category (roads, utilities, inspection, dispute resolution), divided by land area. That measures the quantity the fee is DEFINED as, so it settles the levels and the ratios in one instrument rather than calibrating one against the other.","CALIBRATED TO A TARGET, and retagged on that basis (2026-08-09). These were scaled ×100 from the template's abstract unit values so that aggregate GUF over a 1M-population inventory (~400k residential + 20k commercial parcels) lands co-equal with levy revenue at mid-arc: residential ≈ 9.3M TEH/yr, commercial ≈ 4.1M, total ≈ 13.4M against levy ≈ 6.2M (≈2.2×). A value reverse-engineered from a desired outcome is CHOSEN under this scheme's own precedent — _ECOLOGICAL_SPIKE_INTENSITY was retagged for the same reason on 2026-08-05 — whatever the ratios between categories rest on."
GUF_DEMAND_ETA_RESIDENTIAL,0.15,dimensionless elasticity,CHOSEN,,"NLSA Eq. 11–13 — fee sensitivity to occupancy pressure, by land class.",Ground Use Fee (land/guf.py),measured fee-to-occupancy elasticity by land class — vacancy and turnover response in a jurisdiction that has actually varied its ground fees.,
GUF_DEMAND_ETA_COMMERCIAL,0.25,dimensionless elasticity,CHOSEN,,"NLSA Eq. 11–13 — fee sensitivity to occupancy pressure, by land class.",Ground Use Fee (land/guf.py),measured fee-to-occupancy elasticity by land class — vacancy and turnover response in a jurisdiction that has actually varied its ground fees.,
GUF_DEMAND_D_MAX,1.8,dimensionless multiplier,CHOSEN,,"NLSA Eq. 11–13 — a constitutional CEILING on D(p), not an estimate of it.",Ground Use Fee (land/guf.py),"a charter decision, not a measurement. It bounds how far demand pressure may lift a fee above its reference; 1.80 is the framework's own judgement about tolerable variation and should be argued, not fitted.",
GUF_ZONE_MIN,0.8,dimensionless multiplier,CHOSEN,,"NLSA §2.4.1 — the permitted band for a collective's local zone adjustment: governance headroom, not an estimated quantity.",Ground Use Fee (land/guf.py),"a charter decision on how much local discretion the schedule allows. No measurement settles a permitted range — the honest pointer is the deliberation, and pretending otherwise would be the error.",
GUF_ZONE_MAX,1.25,dimensionless multiplier,CHOSEN,,"NLSA §2.4.1 — the permitted band for a collective's local zone adjustment: governance headroom, not an estimated quantity.",Ground Use Fee (land/guf.py),"a charter decision on how much local discretion the schedule allows. No measurement settles a permitted range — the honest pointer is the deliberation, and pretending otherwise would be the error.",
GUF_ECO_KAPPA_WATER_FILTRATION,1.65,"TEH per megalitre per year, at ε=0.40",CHOSEN,,NLSA Eq. 14–15.,Ground Use Fee (land/guf.py),"crew-hours to operate treatment capacity delivering equivalent filtration — a plant staffing schedule, not a valuation study.",
GUF_ECO_KAPPA_FLOOD_ATTENUATION,0.006,"TEH per cubic metre of retention per year, at ε=0.40",CHOSEN,,NLSA Eq. 14–15.,Ground Use Fee (land/guf.py),"crew-hours to build and maintain engineered retention of equal volume, amortized over its design life.",
GUF_ECO_KAPPA_CARBON,0.6,"TEH per tonne CO₂-equivalent per year, at ε=0.40",measured,D,"adopted EQUAL to CDR_LABOR_HOURS_PER_TONNE — labour-hours per tonne removed, from operator staffing disclosures. Supersedes the NLSA Eq. 14–15 midpoint.",Ground Use Fee (land/guf.py),"operator staffing disclosures, jointly with the thermal layer. Tier D — one plant, and the sink-reversal question above is unresolved.",
GUF_ECO_KAPPA_AIR_QUALITY,5.5,"TEH per tonne particulate per year, at ε=0.40",CHOSEN,,NLSA Eq. 14–15.,Ground Use Fee (land/guf.py),operating hours for filtration capacity of equal removal rate.,
GUF_ECO_KAPPA_POLLINATION,1.0,"TEH per hectare-equivalent per year, at ε=0.40",CHOSEN,,NLSA Eq. 14–15.,Ground Use Fee (land/guf.py),"measured hand-pollination labour per hectare, which is the one service in this table with a directly observed human-substitute cost (Sichuan pear orchards, Maoxian).",
GUF_ECO_KAPPA_BIODIVERSITY,0.35,"TEH per Habitat Quality Unit per year, at ε=0.40",CHOSEN,,NLSA Eq. 14–15.,Ground Use Fee (land/guf.py),"nothing yet, and this is the weakest of the seven — a Habitat Quality Unit is a framework construct, so the pointer has to define the unit before it can price it. Managed-reserve staffing per unit area is the nearest observable.",
GUF_ECO_KAPPA_THERMAL,0.03,"TEH per cooling-degree-day per year, at ε=0.40",CHOSEN,,NLSA Eq. 14–15.,Ground Use Fee (land/guf.py),operating and maintenance hours for mechanical cooling delivering the same degree-day offset. Note the thermal layer treats this quantity as a physical budget rather than a service (research/thermal.py) — the two readings have not been reconciled.,
GUF_ECO_BETA_WATER_FILTRATION,0.8,dimensionless exponent,CHOSEN,,"NLSA Eq. 15 — how fast each service's replacement cost falls with automation. The ORDERING is an argument the framework makes (physical treatment automates readily; pollination and biodiversity resist it, the same Baumol logic that bounds care abatability in Block II); the magnitudes are not constrained by anything.",Ground Use Fee (land/guf.py),per-service labour intensity of the replacement task measured at two or more automation levels. Until then the ordering is the claim and the values are placeholders that happen to encode it.,
GUF_ECO_BETA_FLOOD_ATTENUATION,0.7,dimensionless exponent,CHOSEN,,"NLSA Eq. 15 — how fast each service's replacement cost falls with automation. The ORDERING is an argument the framework makes (physical treatment automates readily; pollination and biodiversity resist it, the same Baumol logic that bounds care abatability in Block II); the magnitudes are not constrained by anything.",Ground Use Fee (land/guf.py),per-service labour intensity of the replacement task measured at two or more automation levels. Until then the ordering is the claim and the values are placeholders that happen to encode it.,
GUF_ECO_BETA_CARBON,0.9,dimensionless exponent,CHOSEN,,"NLSA Eq. 15 — how fast each service's replacement cost falls with automation. The ORDERING is an argument the framework makes (physical treatment automates readily; pollination and biodiversity resist it, the same Baumol logic that bounds care abatability in Block II); the magnitudes are not constrained by anything.",Ground Use Fee (land/guf.py),per-service labour intensity of the replacement task measured at two or more automation levels. Until then the ordering is the claim and the values are placeholders that happen to encode it.,
GUF_ECO_BETA_AIR_QUALITY,1.0,dimensionless exponent,CHOSEN,,"NLSA Eq. 15 — how fast each service's replacement cost falls with automation. The ORDERING is an argument the framework makes (physical treatment automates readily; pollination and biodiversity resist it, the same Baumol logic that bounds care abatability in Block II); the magnitudes are not constrained by anything.",Ground Use Fee (land/guf.py),per-service labour intensity of the replacement task measured at two or more automation levels. Until then the ordering is the claim and the values are placeholders that happen to encode it.,
GUF_ECO_BETA_POLLINATION,0.6,dimensionless exponent,CHOSEN,,"NLSA Eq. 15 — how fast each service's replacement cost falls with automation. The ORDERING is an argument the framework makes (physical treatment automates readily; pollination and biodiversity resist it, the same Baumol logic that bounds care abatability in Block II); the magnitudes are not constrained by anything.",Ground Use Fee (land/guf.py),per-service labour intensity of the replacement task measured at two or more automation levels. Until then the ordering is the claim and the values are placeholders that happen to encode it.,
GUF_ECO_BETA_BIODIVERSITY,0.7,dimensionless exponent,CHOSEN,,"NLSA Eq. 15 — how fast each service's replacement cost falls with automation. The ORDERING is an argument the framework makes (physical treatment automates readily; pollination and biodiversity resist it, the same Baumol logic that bounds care abatability in Block II); the magnitudes are not constrained by anything.",Ground Use Fee (land/guf.py),per-service labour intensity of the replacement task measured at two or more automation levels. Until then the ordering is the claim and the values are placeholders that happen to encode it.,
GUF_ECO_BETA_THERMAL,0.8,dimensionless exponent,CHOSEN,,"NLSA Eq. 15 — how fast each service's replacement cost falls with automation. The ORDERING is an argument the framework makes (physical treatment automates readily; pollination and biodiversity resist it, the same Baumol logic that bounds care abatability in Block II); the magnitudes are not constrained by anything.",Ground Use Fee (land/guf.py),per-service labour intensity of the replacement task measured at two or more automation levels. Until then the ordering is the claim and the values are placeholders that happen to encode it.,
GUF_ECO_KAPPA_FLOOR_FRACTION,0.1,fraction of the reference κ,CHOSEN,,,Ground Use Fee (land/guf.py),the residual human oversight hours in the most automated environmental-management operation observable. Same structural claim as GUF_ALPHA_FLOOR and PERSONAL_EOH_COMPONENTS' care abatability ceiling — that judgment does not automate to zero — reached here for a third time and still without a measurement behind any of the three.,
GUF_INFRA_MU_TRANSIT,0.5,per kilometre,CHOSEN,,NLSA Eq. 16 — exponential decay of infrastructure benefit with distance.,Ground Use Fee (land/guf.py),"measured catchment gradients — transit ridership, utility connection cost, and park usage against distance. All three are routinely measured by transport and planning agencies; none has been ingested here.",
GUF_INFRA_MU_UTILITIES,0.2,per kilometre,CHOSEN,,NLSA Eq. 16 — exponential decay of infrastructure benefit with distance.,Ground Use Fee (land/guf.py),"measured catchment gradients — transit ridership, utility connection cost, and park usage against distance. All three are routinely measured by transport and planning agencies; none has been ingested here.",
GUF_INFRA_MU_PUBLIC_SPACE,0.8,per kilometre,CHOSEN,,NLSA Eq. 16 — exponential decay of infrastructure benefit with distance.,Ground Use Fee (land/guf.py),"measured catchment gradients — transit ridership, utility connection cost, and park usage against distance. All three are routinely measured by transport and planning agencies; none has been ingested here.",
GUF_CHI_EXTERNAL,0.3,fraction of infrastructure burden attributed externally,CHOSEN,,NLSA Eq. 25b.,Ground Use Fee (land/guf.py),"a federation cost-allocation study — the share of a parcel's infrastructure benefit physically supplied by a neighbouring collective. In the polycentric model (research/coasean.py) this is a settlement question between collectives, so it resolves by agreement as much as by measurement.",
GUF_REVIEW_CYCLE_CAP,0.1,fraction increase per 5-year review cycle,CHOSEN,,NLSA Eq. 21.,Ground Use Fee (land/guf.py),"a charter decision. A rate cap is a commitment about how fast a leaseholder can be asked to absorb change, which is deliberation, not measurement. Precedent exists in statutory rent-review caps.",
GUF_SUBSIDY_LOWER_THRESHOLD,0.4,fraction,CHOSEN,,NLSA Eq. 24 — a taper from a lower income threshold to a floor rate.,Ground Use Fee (land/guf.py),"a charter decision on the subsidy schedule. Distributional thresholds are political commitments; the measurable input is the income distribution they are applied to, not the thresholds themselves.",
GUF_SUBSIDY_FLOOR_RATE,0.25,fraction,CHOSEN,,NLSA Eq. 24 — a taper from a lower income threshold to a floor rate.,Ground Use Fee (land/guf.py),"a charter decision on the subsidy schedule. Distributional thresholds are political commitments; the measurable input is the income distribution they are applied to, not the thresholds themselves.",
GUF_AFFORDABILITY_THRESHOLD,0.25,fraction of income,CHOSEN,,NLSA Eq. 24 — the accessibility test on a primary residence.,Ground Use Fee (land/guf.py),"a charter decision, with a strong external analogue: 25% mirrors the housing-cost-burden convention in national housing statistics (the US 30% burden threshold is the better-known variant). Adopting a published threshold explicitly would move this to `convention`.",
GUF_SOIL_CREDIT_RATE,0.05,TEH per Standard Land Unit per unit Soil Health Index gain,CHOSEN,,NLSA Eq. 26.,Ground Use Fee (land/guf.py),"measured labour-hours of soil-building practice (cover cropping, reduced tillage, amendment) per unit index gain — an agronomic trial with a labour diary. Agricultural extension services run the trials; the labour column is the part usually missing.",
GUF_WRITEDOWN_AMORTIZATION_YEARS,50.0,years,CHOSEN,,"NLSA Eq. 28 — Y_r, the design life over which replacement infrastructure is amortized.",Ground Use Fee (land/guf.py),"engineering design lives for the specific replacement asset class. ASSET_TYPES in this file already carries measured-order threshold ages for comparable classes, so this one is reconcilable against a table we ship.",
GUF_EOH_ACCUMULATION_THRESHOLD,0.3,fraction of ecological EOH left unfulfilled,CHOSEN,,NLSA §9.8 — the preventive monitoring trigger.,Ground Use Fee (land/guf.py),"an observed relationship between deferred stewardship and ecosystem regime shift. ECOLOGICAL_THRESHOLD in this file makes the same class of claim on the state variable rather than the deferral rate, and neither is measured; both would resolve from the same ecological time series.",
DEFERRED_RATIO_WARN,0.1,fraction of EOH deferred,CHOSEN,,,Dashboard health thresholds,"an observed relationship between deferral and unrecoverable degradation — the point past which deferred maintenance stops being catch-up work and becomes replacement. scenarios/recovery.py models the recovery side, so the crossover is derivable in-model rather than needing new data.",
DEFERRED_RATIO_CRIT,0.25,fraction of EOH deferred,CHOSEN,,,Dashboard health thresholds,"an observed relationship between deferral and unrecoverable degradation — the point past which deferred maintenance stops being catch-up work and becomes replacement. scenarios/recovery.py models the recovery side, so the crossover is derivable in-model rather than needing new data.",
REGISTRATION_WARN,0.35,registration share (fraction of human EOH admitted to the ledger),CHOSEN,,,Dashboard health thresholds,"a charter decision on the minimum ledger coverage that keeps TEH circulating meaningfully. Note these are ε-INVARIANT while total_registration_share(ε) is low by design at low ε, so at subsistence the indicator reads RED for a state the framework considers correct.",
REGISTRATION_CRIT,0.2,registration share (fraction of human EOH admitted to the ledger),CHOSEN,,,Dashboard health thresholds,"a charter decision on the minimum ledger coverage that keeps TEH circulating meaningfully. Note these are ε-INVARIANT while total_registration_share(ε) is low by design at low ε, so at subsistence the indicator reads RED for a state the framework considers correct.",
COMPOUNDING_WARN,0.2,fraction of original EOH added by compounding,CHOSEN,,,Dashboard health thresholds,"the compounding rate at which ASSET_TYPES' power-law escalation outruns any feasible maintenance response — derivable from that table plus a labour-supply constraint, so this is a wiring debt rather than a data debt.",
COMPOUNDING_CRIT,0.5,fraction of original EOH added by compounding,CHOSEN,,,Dashboard health thresholds,"the compounding rate at which ASSET_TYPES' power-law escalation outruns any feasible maintenance response — derivable from that table plus a labour-supply constraint, so this is a wiring debt rather than a data debt.",
PP_INDEX_WARN,1.05,purchasing-power index (1.0 = parity),CHOSEN,,"the threshold is ε-scaled, threshold = 1 + slope × ε, because purchasing power is expected to RISE across the arc — so a flat 1.05 would pass trivially at high ε.",Dashboard health thresholds,a charter decision on how much purchasing-power gain the arc is expected to deliver before the absence of it counts as a warning.,
PP_INDEX_WARN_SLOPE,0.125,purchasing-power index per ε unit,derived,,(PP_INDEX_WARN − 1.0) / 0.40 — the slope through the ε=0.40 reference point that makes the threshold 1.0 at ε=0.,Dashboard health thresholds,n/a — it inherits PP_INDEX_WARN's standing by construction.,
LEVY_SUFFICIENCY_WARN,0.02,fraction of the sufficiency guarantee covered by levy,CHOSEN,,,Dashboard health thresholds,"a charter decision on the minimum share of the guarantee that current labour should fund, rather than the Trust dividend. That is a real solvency question and deserves a threshold argued independently of the default.","set at 2%, and the shipped SUFF_LEVY_RATE covers ≈2% of the guarantee at canonical defaults — so this indicator is calibrated to sit just at the value it watches. It will not warn about the configuration it was drawn around."
CARE_ADMISSION_GREEN_FRAC,0.2,fraction of care-registration saturation,CHOSEN,,,Dashboard health thresholds,a charter decision on how much care must be on the ledger before admission counts as working. The quantity watched resolves with CARE_SIGMOID_DEFAULTS; the thresholds are the framework's own bar.,
CARE_ADMISSION_YELLOW_FRAC,0.1,fraction of care-registration saturation,CHOSEN,,,Dashboard health thresholds,a charter decision on how much care must be on the ledger before admission counts as working. The quantity watched resolves with CARE_SIGMOID_DEFAULTS; the thresholds are the framework's own bar.,
CONTESTABILITY_K0_TEH,1800.0,TEH per person,CHOSEN,,K_entry(0) — the founding cost of a viable alternative collective at ε=0. Set at ≈1.2× the annual sufficiency guarantee per person.,Contestability (reconciliation §8),"observed founding capitalization of real cooperatives and intentional communities per member. Mondragon and the Italian co-op sector (already cited in this file for COASEAN_COMMONS_TITHE and the indivisible reserve) both publish enough to bound it, which makes this one of the more closable debts here.",
CONTESTABILITY_K_SLOPE,1.6,fraction of K₀ per ε unit,CHOSEN,,the ADVERSARIAL increasing-returns regime — K_entry rises with automation because incumbents' capital advantage compounds. Chosen as the default because it is the hostile case; the replicable regime is the optimistic one.,Contestability (reconciliation §8),measured entry costs in an industry across an automation transition.,"the regime is the honest uncertainty, not the slope (reconciliation §8.5). Nothing in the data settles which regime a real automation arc follows, and the two give opposite answers about whether exit stays viable."
CONTESTABILITY_K_FLOOR_FRACTION,0.1,fraction of K₀,CHOSEN,,"in the replicable regime K_entry falls, but not to zero — there is always some minimum founding cost. Structural in that respect, asserted in level.",Contestability (reconciliation §8),"the cheapest observed viable founding, which is the empirical floor.",
CONTESTABILITY_CHI_WARN,1.2,dimensionless χ ratio,CHOSEN,,"CRIT at 1.00 is definitional, not chosen — χ < 1 means the portable endowment cannot cover entry, so exit is notional rather than substantive. WARN at 1.20 is an early-warning margin and is chosen.",Contestability (reconciliation §8),"n/a — SUPERSEDED. §8.9 replaced the ratio with a TIME (t_exit ≤ one vesting period), because a stock target against a flow yields a time, not a ratio. core/dashboard.py now demotes χ to a YELLOW advisory when exit_financeable is supplied.",
CONTESTABILITY_CHI_CRIT,1.0,dimensionless χ ratio,CHOSEN,,"CRIT at 1.00 is definitional, not chosen — χ < 1 means the portable endowment cannot cover entry, so exit is notional rather than substantive. WARN at 1.20 is an early-warning margin and is chosen.",Contestability (reconciliation §8),"n/a — SUPERSEDED. §8.9 replaced the ratio with a TIME (t_exit ≤ one vesting period), because a stock target against a flow yields a time, not a ratio. core/dashboard.py now demotes χ to a YELLOW advisory when exit_financeable is supplied.",
CONTESTABILITY_PHI_FLOOR,0.1,fraction of automation value held in common,CHOSEN,,φ(0) — even at subsistence some automation value is commonly held (the Trust baseline).,Contestability (reconciliation §8),n/a in the adopted model — §8.9b makes φ(ε) emerge from the charter formation share under a stated policy (dilution / target / escalated) rather than from a floor plus a power law. Kept for the superseded arm.,
CONTESTABILITY_PHI_EXPONENT,1.5,dimensionless power,CHOSEN,,"sub-linear growth of commonization early in the arc (ε^1.5 rather than ε), asserting that political-economy constraints make rapid commonization hard.",Contestability (reconciliation §8),"n/a — superseded by the charter-formation model, as above.",
CONTESTABILITY_G_PRIV,0.03,fraction per year,CHOSEN,,"g_priv, the private capital growth rate. The Piketty-inversion condition requires dτ/dε ≥ 0, i.e. the Trust must grow faster than private capital.",Contestability (reconciliation §8),real capital returns net of depreciation for the jurisdiction being modelled; Piketty's r series is the standard source and gives 4–5% historically.,"at canonical defaults the levy-alone path to that condition is infeasible (levy_fraction ≫ 1) — the adversarial finding of reconciliation §8.3, and §8.9 showed the failure was the miscalibrated cash-Trust frame rather than the levy. §8.9c then found endogenous g_priv turns NEGATIVE past ε≈0.5, so this fixed 3% is not the operative reading in the adopted model."
CONTESTABILITY_CAPITAL_YIELD_RATE,0.1,fraction per year,CHOSEN,,"the annual yield on automated capital, used to compute automated_output_teh = ε × capital_stock × yield.",Contestability (reconciliation §8),"1/RECAL_CAPITAL_OUTPUT_RATIO − FORMATION_DEPRECIATION_RATE = 0.20 is the same quantity derived elsewhere in this file, against 0.10 here. A 2× disagreement between two capital-yield constants in one repo; they should be reconciled to one derivation.",
CONTESTABILITY_VESTING_YEARS,5.0,years of federation tenure,CHOSEN,,"linear vesting of the Trust dividend. Tenure is FEDERATION-wide (reconciliation §8.7b): moving between collectives never resets the clock or forfeits vested balance, and the sufficiency floor never vests at all — it is membership-independent (§8.1). Matches TIER_ASSESSMENT_INTERVAL_YEARS.",Contestability (reconciliation §8),"a charter decision. Shorter vesting strengthens the marginal member's exit directly, so this is the cheapest lever on contestability the framework has — which is exactly why it belongs in deliberation and not in a data pointer.",
COASEAN_N_MAX,20,number of collectives,CHOSEN,,"N(0) — the collective count at maximum fragmentation, consolidating toward N=1 as ε→1 (the existing single-ledger model is that limit case).",Coasean federation (reconciliation §§6–7),an institutional study of collective scale against coordination technology — the empirical form of Coase's boundary-of-the-firm question.,"a working hypothesis from reconciliation §6, explicitly NOT derived from institutional data. The real count depends on governance, geography and transaction-cost structure, which is the Coasean question the block is named for."
COASEAN_BOUNDARY_EXPONENT,1.0,dimensionless exponent,CHOSEN,,"N(ε) = max(1, round(N_max × (1−ε)^exp)). Linear by default: the count consolidates in proportion to automation. Higher values front-load consolidation.",Coasean federation (reconciliation §§6–7),"as for COASEAN_N_MAX — the same study settles both, and neither is independently identifiable without it.",
COASEAN_RESERVE_FRACTION,0.1,fraction of period TEH creation,CHOSEN,,"each collective's inter-collective reserve, consumed by settlement_check() for imbalance settlement. Analogous to a central-bank FX reserve ratio.",Coasean federation (reconciliation §§6–7),"observed reserve ratios in monetary unions and clearing systems, which is a real and well-documented comparator.",
COASEAN_IMBALANCE_CEILING,0.5,fraction of the debtor collective's reserve,CHOSEN,,"the bilateral net-flow credit ceiling (the paper's bilateral-imbalance-ceiling sketch, reconciliation §9-item-4). Within it trade continues on credit; beyond it settlement from reserve is required.",Coasean federation (reconciliation §§6–7),"observed bilateral credit limits in real clearing unions — the European Payments Union and regional ACUs set exactly this parameter, so the precedent is concrete.",
COASEAN_DEPRECIATION_SLOPE,0.2,dimensionless slope,CHOSEN,,"factor = 1/(1 + slope × excess_ratio) — exchange-rate depreciation per unit of unsettled imbalance beyond the ceiling. Makes over-issuance a visible exchange rate movement, which is reconciliation §7's transition-regime claim: inflation between collectives shows up as FX, not as a broken price identity.",Coasean federation (reconciliation §§6–7),"a proposed functional form, not calibrated from anything. Observed depreciation against payment-imbalance data would settle the slope; the FORM is the substantive claim and it is the part worth arguing.",
COASEAN_COMMONS_TITHE,0.03,fraction of each collective's common-fund levy revenue,convention,,"the tithe passed up to the federation commons (reconciliation §8.7a). Adopted from Italian Law 59/1992, which requires cooperatives to contribute 3% of annual surplus to the mutualistic funds — a real statutory rate, and the only real-world calibration point for a federation-level mutual levy. Tagged `convention` rather than CHOSEN because it names a specific external instrument.",Coasean federation (reconciliation §§6–7),n/a as a convention. Departing from 3% would make it CHOSEN and require its own argument.,"honest adversarial finding, reported not tuned — at 3% the commons floor coverage is tiny, so the federation commons cannot carry the sufficiency floor at the precedent rate."
COASEAN_INDIVISIBLE_RESERVE_FRACTION,0.3,fraction of a collective's trust,convention,,"the unallocated (indivisible) share, credited to no individual capital account, escheating to the federation commons on merger/split/dissolution (reconciliation §8.7c). Adopted from Italian co-op law's statutory ~30% indivisible legal reserve. The allocated remainder follows members' accounts.",Coasean federation (reconciliation §§6–7),"n/a as a convention, per COASEAN_COMMONS_TITHE.","the model tracks no individual accounts, so a named fraction is the minimal honest allocated/unallocated split — a tenure-derived fraction would be false precision. Adversarial finding: consolidation escheat drains per-collective dividends, so the worst marginal χ worsens toward ε→1 even as total τ holds."
CONTESTABILITY_MIN_VIABLE_POPULATION,5000.0,persons,CHOSEN,,"the smallest population that can staff a viable alternative collective — run the four-domain EOH pipeline with a full age distribution and a governance quorum. Deliberately far below Coasean-efficient scale at any ε: a viable alternative need only clear MINIMUM scale, accepting a coordination-cost disadvantage. Requiring optimal scale would make the entry threat vacuous at high ε, because the ""alternative"" would have to be the whole economy.",Coasean federation (reconciliation §§6–7),derive it from this repo's own machinery rather than measure it — COMPETENCY_THRESHOLD × ESSENTIAL_DOMAINS with a full age distribution gives a minimum headcount directly. UNCALIBRATED research placeholder until that is wired.,
CONTESTABILITY_UNDERWRITE_FRACTION,0.5,fraction of the federation commons per period,CHOSEN,,"the ceiling on entry underwriting (§8.8 M2). The remainder stays as the sufficiency-floor backstop (§8.7a) — underwriting must never empty the fund that backs the floor. Underwritten capital moves commons → new collective trust, staying commonized and indivisible (§8.7c), never becoming a personal claim.",Coasean federation (reconciliation §§6–7),"a charter decision on the split between underwriting and backstop. It is a prudential limit, so it resolves by argument — but the ARGUMENT can be made quantitative: the backstop needs to cover the floor at the worst modelled drawdown, which is computable from the fiscal layer.",
RECAL_CAPITAL_OUTPUT_RATIO,4.0,years (capital stock per unit annual output),convention,,"ν in K(ε) = K₀ + ν·Y(ε). Adopted from Piketty's β (national capital / national income), observed at ≈4–6 across economies; the LOW end is taken as the adversarially-cheap-capital posture, because a smaller commons weakens the underwriting arm. Tagged `convention` because it names a specific measured external series and then picks its conservative edge.",Recalibration and charter formation (§8.9),"the capital/income ratio for the jurisdiction being modelled. Moving to the middle of the observed range would strengthen the commons, so the choice is deliberately unflattering to the framework's own result.","this fixed §8.8 open item 3 at the root — the old frame held an ε=0-era stock fixed while ε rose, giving τ = 17.5 for a quantity DEFINED as a share ≤ 1."
RECAL_EPSILON_RATE_PER_YEAR,0.02,ε per year,CHOSEN,,"arc speed dε/dt — a ~50-year subsistence→post-scarcity transition. Converts per-ε acquisition needs into per-year flows, and faster arcs tighten acquisition feasibility LINEARLY, so this is a real lever on every §8.9 result.",Recalibration and charter formation (§8.9),"UNCALIBRATED placeholder. It could be derived rather than chosen: research/formation.py already produces a realized pace from financed capacity (canonical ≈47 yr under the null anchor), so the endogenous arc speed exists in the repo and this constant should follow it.",
RECAL_FOUNDING_FRACTION,0.666666666667,fraction of PERSONAL_EOH_BASE,CHOSEN,,"the share of a person's entropy obligation that a floor-backed founder can redirect into building an alternative collective. Two-thirds leaves a third for their own personal EOH, which the sufficiency floor is meanwhile covering.",Recalibration and charter formation (§8.9),time-use data on discretionary hours available to recipients of an unconditional floor. The cash-transfer and basic-income literature measures exactly this — how recipients reallocate time — and would replace the fraction with an observed one.,
RECAL_FOUNDING_LABOR_HOURS,666.666666667,hours per year,derived,,"RECAL_FOUNDING_FRACTION × PERSONAL_EOH_BASE = 666.67 h/yr. The sufficiency floor is what frees this labour — the floor IS the entry finance of the low-ε arc, which is the substantive §8.9 claim.",Recalibration and charter formation (§8.9),"n/a — it inherits PERSONAL_EOH_BASE's and RECAL_FOUNDING_FRACTION's standing, both CHOSEN.","was a literal 1,000.0, which the 2026-08-06 reprice orphaned from its own stated derivation (see the block comment above). Binding it means a future reprice of PERSONAL_EOH_BASE moves it, as the rationale always implied."
RECAL_EXIT_HORIZON_YEARS,5.0,years,CHOSEN,,"exit must be financeable within one vesting period (= CONTESTABILITY_VESTING_YEARS): a member who joins can accumulate the means to leave by the time they fully vest. THIS IS THE RC4 FIX — a stock target (K_entry) against a flow (savable income) yields a TIME, not a ratio, and the retired χ = P/K_entry demanded the founding stock be covered by ONE year of flow, which made the invariant nearly unclosable.",Recalibration and charter formation (§8.9),"a charter decision, bound to the vesting period rather than set independently. The substantive commitment is ""within one vesting period"", not the number 5 — so this resolves whenever CONTESTABILITY_VESTING_YEARS does.",
RECAL_ACCOUNT_CREDIT_SHARE,0.5,fraction of the annual per-capita dividend,convention,,"the share credited to the member's individual capital account (a stock, per §8.7b) rather than paid as cash. Zero-interest per Condition III: the account is a sum of credits, never compounded. Adopted from Mondragon's internal capital accounts, which retain a share of each year's surplus to member accounts.",Recalibration and charter formation (§8.9),"n/a as a convention — but the 0.50 is rounder than Mondragon's actual practice, so the precedent supports the MECHANISM more strongly than the level.",
RECAL_ESTATE_CAPITAL_ESCHEAT_SHARE,0.15,fraction of a decedent's private capital estate,derived,,"set EQUAL to ESTATE_LEVY_FRACTION — capital estates are treated exactly like TEH estates, so this is the existing D5 doctrine extended to capital rather than a new rule. That is the whole point of the value, and it should be bound to ESTATE_LEVY_FRACTION rather than restated as a literal.",Recalibration and charter formation (§8.9),n/a — it inherits ESTATE_LEVY_FRACTION's standing (a charter decision).,
RECAL_ESCALATION_ESTATE_SHARE,1.0,fraction of a capital estate,CHOSEN,,full generational conversion while a §8.9b charter escalation is active (Piketty's inheritance-tax instrument). No living holder is ever divested; conversion happens at mortality speed.,Recalibration and charter formation (§8.9),"a charter decision — the maximum is definitionally 1.0, so the only question is whether full conversion is the right escalation, not what number it is.","even at 1.0 the private-capital half-life is ≈69 years at the 1%/yr death rate, so φ → target is asymptotic over generations and the exit invariant never depends on reaching it. At canonical defaults the escalation NEVER fires."
RECAL_ESCALATION_CAPACITY_FLOOR,10.0,number of foundings financeable per period,CHOSEN,,"the underwriting capacity below which the charter escalates (with the adversarial regime observed) — the commons must always be able to finance about an order of magnitude more foundings than one, because a commons that can fund exactly one alternative is not a credible entry threat.",Recalibration and charter formation (§8.9),a charter decision on the credible-threat margin.,"UNCALIBRATED placeholder. At canonical defaults capacity stays ≈145–280, so the trigger never fires and this constant has never been exercised by a shipped run."
FORMATION_DEPRECIATION_RATE,0.05,fraction per year,derived,,"derived from CAPITAL_MACHINE_PROFILES design lives (≈20 yr → δ ≈ 1/20) — the aggregate counterpart of the per-asset lifecycle in core/capital.py. Gross return on capital = 1/ν − δ = 0.25 − 0.05 = 0.20 at defaults, and the commons replacement cost δ·T_K is a ≈20–24% haircut on the gross dividend.",Formation feedback (§8.9c),"n/a — it inherits CAPITAL_MACHINE_PROFILES' standing, which is CHOSEN. See DEP_RATE (0.045) for the same physical quantity derived a second way; the two should be reconciled to one.",
FORMATION_HURDLE_RATE_MIN,0.02,net return per year,CHOSEN,,"the linear private-supply curve — no formation below the hurdle rate, all needed formation supplied at or above the full-supply rate, heterogeneous hurdle rates in between. Implies the incentive-compatible charter share s* = 1 − 0.10/0.20 = 0.50.",Formation feedback (§8.9c),"UNCALIBRATED placeholders. No observed economy runs at zero interest with an accumulation ceiling, so there is no series to read these off — the counterfactual is the argument and the sensitivity is the honest output.","THE HURDLE IS LOW BECAUSE OF CONDITION III, and that is the finding, not an assumption: idle TEH earns zero interest and leaks via the accumulation ceiling (D6) and estate dissolution (D5), so the opportunity cost of investing is uniquely small and only risk compensation remains. A fiat-like 0.18 full-supply rate gives s* ≈ 0.10 — i.e. zero interest is what makes the charter affordable, quantified. Raising the hurdle toward fiat levels IS the Condition III counterfactual."
FORMATION_FULL_SUPPLY_RATE,0.1,net return per year,CHOSEN,,"the linear private-supply curve — no formation below the hurdle rate, all needed formation supplied at or above the full-supply rate, heterogeneous hurdle rates in between. Implies the incentive-compatible charter share s* = 1 − 0.10/0.20 = 0.50.",Formation feedback (§8.9c),"UNCALIBRATED placeholders. No observed economy runs at zero interest with an accumulation ceiling, so there is no series to read these off — the counterfactual is the argument and the sensitivity is the honest output.","THE HURDLE IS LOW BECAUSE OF CONDITION III, and that is the finding, not an assumption: idle TEH earns zero interest and leaks via the accumulation ceiling (D6) and estate dissolution (D5), so the opportunity cost of investing is uniquely small and only risk compensation remains. A fiat-like 0.18 full-supply rate gives s* ≈ 0.10 — i.e. zero interest is what makes the charter affordable, quantified. Raising the hurdle toward fiat levels IS the Condition III counterfactual."
MEMBERSHIP_VESTING_WARN_YEARS,10.0,years,derived,,2 × CONTESTABILITY_VESTING_YEARS — a dividend held hostage for twice the vesting period thins the marginal member's exit without formally breaching χ. Should be BOUND to that constant rather than restated as 10.0.,Membership-terms audit thresholds (§8.7e),n/a — inherits CONTESTABILITY_VESTING_YEARS' standing.,
MEMBERSHIP_EXIT_NOTICE_WARN_YEARS,1.0,years of exit notice,CHOSEN,,"WARN at one year (friction accumulating), CRIT at three. The CRIT is close to definitional under reconciliation §8.1: exit deferred three years is nominal, not substantive, so the term itself breaches the invariant whatever χ reads.",Membership-terms audit thresholds (§8.7e),"a charter decision, with real precedent — cooperative and partnership withdrawal-notice periods are documented and would give an observed distribution to place these against.",
MEMBERSHIP_EXIT_NOTICE_CRIT_YEARS,3.0,years of exit notice,CHOSEN,,"WARN at one year (friction accumulating), CRIT at three. The CRIT is close to definitional under reconciliation §8.1: exit deferred three years is nominal, not substantive, so the term itself breaches the invariant whatever χ reads.",Membership-terms audit thresholds (§8.7e),"a charter decision, with real precedent — cooperative and partnership withdrawal-notice periods are documented and would give an observed distribution to place these against.",
MEMBERSHIP_MIN_HOURS_WARN_FRACTION,0.5,fraction of PERSONAL_EOH_BASE,CHOSEN,,"WARN above half the personal entropy load, CRIT at or above the whole of it. The CRIT is definitional rather than chosen: an obligation equal to a person's entire entropy load is compulsion, not a membership term (§9-item-7).",Membership-terms audit thresholds (§8.7e),a charter decision on the maximum obligation membership may impose.,"THESE ARE FRACTIONS, SO THEY MOVED WITH THE REPRICE. At PERSONAL_EOH_BASE = 1000 they are 500 and 1,000 h/yr; docs/parameter_provenance.md still printed the pre-reprice 750 and 1500. Caught by this migration and corrected — and the reason the gate now includes a curated test over prose-restated derived figures, which a value-equality check cannot see."
MEMBERSHIP_MIN_HOURS_CRIT_FRACTION,1.0,fraction of PERSONAL_EOH_BASE,CHOSEN,,"WARN above half the personal entropy load, CRIT at or above the whole of it. The CRIT is definitional rather than chosen: an obligation equal to a person's entire entropy load is compulsion, not a membership term (§9-item-7).",Membership-terms audit thresholds (§8.7e),a charter decision on the maximum obligation membership may impose.,"THESE ARE FRACTIONS, SO THEY MOVED WITH THE REPRICE. At PERSONAL_EOH_BASE = 1000 they are 500 and 1,000 h/yr; docs/parameter_provenance.md still printed the pre-reprice 750 and 1500. Caught by this migration and corrected — and the reason the gate now includes a curated test over prose-restated derived figures, which a value-equality check cannot see."
MEMBERSHIP_DIVIDEND_POLICY_WARN,0.25,fraction of the pro-rata dividend,CHOSEN,,"distributing less than a quarter of the pro-rata dividend to accounts → WARN, because retention rebuilds the undistributed-commons honeypot INSIDE the collective that the indivisible-reserve escheat rule exists to defuse.",Membership-terms audit thresholds (§8.7e),a charter decision on minimum distribution.,
A_EARTH_M2,5.101e+14,m²,physics,,Earth surface area. Definitional geometry.,Thermal sink — budget chain (P0),,
SIGMA_SB,5.670374419e-08,W·m⁻²·K⁻⁴,physics,,the Stefan–Boltzmann constant. A physical constant of nature.,Thermal sink — budget chain (P0),,
SECONDS_PER_YEAR,31557600.0,seconds,convention,,"Δt_s for a one-year period — 365.25 d, the Julian year. A stated denominator; the choice between Julian, tropical and calendar years is a convention and matters at the 4th significant figure.",Thermal sink — budget chain (P0),,
THERMAL_LAMBDA_FEEDBACK,1.2,W·m⁻²·K⁻¹,CHOSEN,C,"the EQUILIBRIUM climate feedback parameter. FRAME DISCIPLINE: it pairs only with the equilibrium budget λ·ΔT − F. The historical 1.492 pairs with a transient reading the framework rejects; mixing them inflates the allowance ~6×, and thermal_lambda.budget_forcing_headroom() refuses it.",Thermal sink — budget chain (P0),"an assessed ECS with uncertainty — an EXTERNAL input, not a rearrangement of what we already hold.","BEST GUESS, AND IT STAYS ONE (checked 2026-08-05): λ_equilibrium CANNOT be assessed from the shipped data. Two independent estimators of the HISTORICAL feedback agree — 1.492 (ratio) and 1.693 ± 0.472 (regression, 53 yr) — but converting historical to equilibrium needs the pattern effect, which requires pattern-forced model experiments or paleoclimate constraints. Neither is derivable from ERF, EEI and GMST. The value is unchanged but its POSITION is now derived: it sits below the AR6-implied 1.310 (ECS 3.0 K) and below the historical energy-budget estimate, so 1.2 is the CONSERVATIVE side — a lower λ means a smaller budget and a LARGER obligation, and it was not flattering the result. SENSITIVITY IS FIRST-CLASS: across AR6's likely ECS range the budget runs from ZERO (ECS 5 K) to ~11× the shipped case. Never publish a ψ*-derived figure without λ and that band."
THERMAL_F_GHG,3.0,W·m⁻²,CHOSEN,C,"anthropogenic well-mixed GHG forcing, at the order of AR6. Lowering it raises the budget, which is finding F3: decarbonization and automation headroom trade against each other.",Thermal sink — budget chain (P0),"a published forcing assessment — already done, see the Path C block.","SUPERSEDED IN PRACTICE by the Path C measured values (THERMAL_F_WMGHG_ERF = 3.585, IGCC 2025a, Tier A). This P0 constant is retained for the scaffolding bound."
THERMAL_F_ALB,0.0,W·m⁻²,CHOSEN,D,"net anthropogenic albedo forcing. Defaults to ZERO, which is a placeholder standing in for a quantity that is not zero — land-use albedo change is a real forcing term (IGCC assesses it at roughly −0.2 W·m⁻²).",Thermal sink — budget chain (P0),the land-use albedo term from the same IGCC synthesis already shipped in reference/data/ for the other forcing constants — reachable from data in hand.,"the default understates the budget rather than overstating it, so it errs toward a larger obligation, which is the framework's preferred direction of error."
THERMAL_DT_LO,2.0,K,CHOSEN,D,the assessed habitability threshold.,Thermal sink — budget chain (P0),a habitability assessment naming the variable that actually binds — not a GMST round number.,"THE SINGLE MOST LEVERAGED INPUT IN THE WHOLE THERMAL LAYER. It sets the overage, the drawdown job and the obligation, and it is the framework's own judgment rather than a measurement. 2.0 K is adopted because it keeps results stable and lands inside the indeterminate band, NOT because it is assessed. It may well be judged too HIGH later, and every downward revision ENLARGES the obligation (1.5 K is ~1.5× the job). Assess in land extremes and convert by ÷THERMAL_TXX_PER_GMST per C6."
THERMAL_COMMONS_RESERVE,0.2,fraction of the thermal budget,CHOSEN,,"r — the share held in reserve rather than allocated. RATCHETED DOWN ONLY, which is the governance property that matters more than the level: a reserve that can be raised again is not a commitment.",Thermal sink — budget chain (P0),a charter decision on precautionary margin. No measurement settles how much of a planetary budget to leave unspent.,
THERMAL_ANTHROPOGENIC_DISSIPATION_W,2e+13,W (global total),measured,C,"the present Φ_other reference — anthropogenic heat dissipation not attributable to modelled automation capital, ~0.04 W·m⁻² when spread over A_EARTH_M2.",Thermal sink — budget chain (P0),a global energy-balance inventory. The order is well established from primary energy consumption; the split between Φ_other and Φ_auto is the framework's own partition and is where the uncertainty sits.,
THERMAL_IOTA_FLOOR_PERSONAL,360000.0,joules per EOH fulfilled,CHOSEN,D,"the per-domain thermodynamic MINIMUM joules to fulfill one EOH by machine (E27). Ordering follows the handoff: personal and infrastructure carry real caloric and enthalpy floors, while knowledge's Landauer floor is astronomically lower (finding F6). One EOH is one hour of entropy-obligation-equivalent, and the J/EOH mapping is the open quantity.",Thermal sink — budget chain (P0),"measured ι via the handoff §13.1 ladder D→C→B. Path C (research/thermal_path_c.py) already bypasses these entirely — ι and EOH_total cancel in ε_max = ε_current · budget / Φ_auto — so the measured route exists and these are retained for the provable bound, not for reported results.","THE GATING UNCERTAINTY OF THE P0 LAYER, and a floor-based bound can only OVERSTATE ε_max (real ι ≥ ι_floor) — so a floor bound < 1 would be CONCLUSIVE (F2), while a bound ≥ 1 is inconclusive and points to the measured-ι ladder rather than to changing these numbers. At non-degenerate constants the bound comes back ε_max ≫ 1 → INCONCLUSIVE, which is the honest P0 result: the thermodynamic floor is too low to bind automation."
THERMAL_IOTA_FLOOR_INFRASTRUCTURE,360000.0,joules per EOH fulfilled,CHOSEN,D,"the per-domain thermodynamic MINIMUM joules to fulfill one EOH by machine (E27). Ordering follows the handoff: personal and infrastructure carry real caloric and enthalpy floors, while knowledge's Landauer floor is astronomically lower (finding F6). One EOH is one hour of entropy-obligation-equivalent, and the J/EOH mapping is the open quantity.",Thermal sink — budget chain (P0),"measured ι via the handoff §13.1 ladder D→C→B. Path C (research/thermal_path_c.py) already bypasses these entirely — ι and EOH_total cancel in ε_max = ε_current · budget / Φ_auto — so the measured route exists and these are retained for the provable bound, not for reported results.","THE GATING UNCERTAINTY OF THE P0 LAYER, and a floor-based bound can only OVERSTATE ε_max (real ι ≥ ι_floor) — so a floor bound < 1 would be CONCLUSIVE (F2), while a bound ≥ 1 is inconclusive and points to the measured-ι ladder rather than to changing these numbers. At non-degenerate constants the bound comes back ε_max ≫ 1 → INCONCLUSIVE, which is the honest P0 result: the thermodynamic floor is too low to bind automation."
THERMAL_IOTA_FLOOR_ECOLOGICAL,36000.0,joules per EOH fulfilled,CHOSEN,D,"the per-domain thermodynamic MINIMUM joules to fulfill one EOH by machine (E27). Ordering follows the handoff: personal and infrastructure carry real caloric and enthalpy floors, while knowledge's Landauer floor is astronomically lower (finding F6). One EOH is one hour of entropy-obligation-equivalent, and the J/EOH mapping is the open quantity.",Thermal sink — budget chain (P0),"measured ι via the handoff §13.1 ladder D→C→B. Path C (research/thermal_path_c.py) already bypasses these entirely — ι and EOH_total cancel in ε_max = ε_current · budget / Φ_auto — so the measured route exists and these are retained for the provable bound, not for reported results.","THE GATING UNCERTAINTY OF THE P0 LAYER, and a floor-based bound can only OVERSTATE ε_max (real ι ≥ ι_floor) — so a floor bound < 1 would be CONCLUSIVE (F2), while a bound ≥ 1 is inconclusive and points to the measured-ι ladder rather than to changing these numbers. At non-degenerate constants the bound comes back ε_max ≫ 1 → INCONCLUSIVE, which is the honest P0 result: the thermodynamic floor is too low to bind automation."
THERMAL_IOTA_FLOOR_KNOWLEDGE,1e-06,joules per EOH fulfilled,CHOSEN,D,"the per-domain thermodynamic MINIMUM joules to fulfill one EOH by machine (E27). Ordering follows the handoff: personal and infrastructure carry real caloric and enthalpy floors, while knowledge's Landauer floor is astronomically lower (finding F6). One EOH is one hour of entropy-obligation-equivalent, and the J/EOH mapping is the open quantity.",Thermal sink — budget chain (P0),"measured ι via the handoff §13.1 ladder D→C→B. Path C (research/thermal_path_c.py) already bypasses these entirely — ι and EOH_total cancel in ε_max = ε_current · budget / Φ_auto — so the measured route exists and these are retained for the provable bound, not for reported results.","THE GATING UNCERTAINTY OF THE P0 LAYER, and a floor-based bound can only OVERSTATE ε_max (real ι ≥ ι_floor) — so a floor bound < 1 would be CONCLUSIVE (F2), while a bound ≥ 1 is inconclusive and points to the measured-ι ladder rather than to changing these numbers. At non-degenerate constants the bound comes back ε_max ≫ 1 → INCONCLUSIVE, which is the honest P0 result: the thermodynamic floor is too low to bind automation."
A_LAND_CLAIMED_M2,1.35e+14,m²,measured,B,"land area ex-Antarctica — the denominator for land-allocated ψ*. Geographic rather than a free parameter, but the EXCLUSION of Antarctica is a framework decision about what land can bear an allocation, not a measurement.",Thermal sink — Path C measured inputs,"a standard geographic dataset; the figure is not in dispute. What is in dispute is the exclusion rule, which ETA_LAND_MASK_THRESHOLD also touches.",
THERMAL_F_NET_ERF,3.366,W·m⁻²,measured,A,"TOTAL effective radiative forcing, IGCC 2025a p50 at time = 2025 — the BUDGET basis per C4, because natural forcing consumes the habitability allowance regardless of cause. Verified 2026-08-03 against the shipped synthesis timeseries (`total` column). Correction C5 replaced AR6 2019-baseline Tier C values; the recalled 2.72 was right for the wrong year.",Thermal sink — Path C measured inputs,"an annual IGCC refresh. Guardrail I quantity — measured, published with uncertainty, never negotiated.",
THERMAL_F_NET_ERF_P05,2.602,W·m⁻²,measured,A,the IGCC 2025a p05/p95 bounds on total ERF. This band is what makes the determinacy map computable — the layer withholds a budget where its sign is undetermined across the band rather than reporting the p50 alone.,Thermal sink — Path C measured inputs,an annual IGCC refresh.,
THERMAL_F_NET_ERF_P95,4.102,W·m⁻²,measured,A,the IGCC 2025a p05/p95 bounds on total ERF. This band is what makes the determinacy map computable — the layer withholds a budget where its sign is undetermined across the band rather than reporting the p50 alone.,Thermal sink — Path C measured inputs,an annual IGCC refresh.,
THERMAL_F_ANTHRO_ERF,3.104,W·m⁻²,measured,A,"anthropogenic ERF alone, including aerosol cooling — the REMOVABLE forcing, hence the defensible F3 gain basis. Carried separately from the budget basis because decarbonization gain and budget consumption are different questions: only the anthropogenic part is removable by labour.",Thermal sink — Path C measured inputs,an annual IGCC refresh.,
THERMAL_F_WMGHG_ERF,3.585,W·m⁻²,measured,A,well-mixed GHG ERF alone (IGCC 2025a `wmghg`) — the forward-looking basis as aerosol cooling declines.,Thermal sink — Path C measured inputs,an annual IGCC refresh.,
CO2_FORCING_COEFFICIENT,5.645,W·m⁻² per ln(C/C₀),measured,A,DERIVED by OLS of the IGCC 2025a CO₂ ERF series on ln(concentration) over 350–426 ppm (n=38) — the range a drawdown actually traverses. Self-validating: the fitted intercept implies C₀ = 279.8 ppm against the accepted pre-industrial 278. Myhre's classic 5.35 runs 5.2% low over this range.,Thermal sink — drawdown chain,an IGCC vintage refresh re-fits it. Moved from recalled to derived in the measurement spine pass.,
CO2_CONCENTRATION_PPM,425.65,ppm,measured,A,IGCC 2025a annual mean at 2025.,Thermal sink — drawdown chain,an annual refresh.,
CO2_PPM_TO_GT,7.82,GtCO₂ per ppm,derived,,"atmospheric mass 5.148e18 kg × 1e-6 × (44.01/28.96 molar ratio). Derivable arithmetic from physical constants, not fitted to anything.",Thermal sink — drawdown chain,n/a — it follows from atmospheric mass and molar masses.,
CDR_GROSS_REMOVAL_FACTOR,1.8,dimensionless gross/net ratio,CHOSEN,D,"removing CO₂ from the air lets ocean and land sinks OUTGAS back, so the gross tonnage removed exceeds the concentration drop achieved.",Thermal sink — drawdown chain,ESM CDR reversibility experiments (Zickfeld et al.).,"OMITTING IT WOULD UNDERSTATE THE OBLIGATION ~2× and bias the solvency gate toward passing — exactly the wrong error, which is why a Tier D placeholder is carried rather than the term dropped."
CDR_ENERGY_GJ_PER_TONNE,4.0,GJ per tonne CO₂ removed,CHOSEN,C,DAC-order energy intensity; recalled range 2–6.,Thermal sink — drawdown chain,"published plant LCA. Together with CDR_LABOR_HOURS_PER_TONNE this DERIVES ι_drawdown = (GJ/t)/(h/t) ≈ 6.7e9 J/EOH, so the framework's drawdown ι is a function of two plant observables rather than a third free placeholder.",
THERMAL_PROGRAMME_YEARS,40.0,years,CHOSEN,,"the horizon over which the drawdown obligation is discharged. 40 yr keeps the programme inside a single lifetime of responsibility: the generation that incurred the debt discharges it, rather than booking the benefit and willing the work to people who did not choose it.",Thermal sink — drawdown chain,"nothing measurable. This is an ETHICAL choice about who bears the work, not a technical one, and it should be argued as such — which is why the pointer says so rather than naming a study that would not settle it.","A REAL LEVER — the obligation scales as 1/horizon, so 30 yr is 1.33× the annual load and 100 yr is 0.4×."
CDR_ALLOCATION_BASIS,'responsibility',"policy switch — ""responsibility""",CHOSEN,,"how the global drawdown job is split across collectives. ""responsibility"" (cumulative emissions) is chosen over ""population"" because a collective cannot burden others with the consequences of choices it made. See allocation_share().",Thermal sink — allocation doctrine,"nothing measurable — a governance decision, not physics. Both options are implemented so the choice is visible and reversible rather than baked in.",
CDR_RESPONSIBILITY_BASIS,'incl_luc',"policy switch — ""incl_luc""",CHOSEN,,"which cumulative-CO₂ measure weights responsibility. ""incl_luc"" (fossil + cement + land-use change) is the whole atmospheric burden the drawdown must remove, and it matches the forcing coefficient, which was fitted to a concentration record that already reflects land use. ""fossil"" has lower uncertainty but leaves ~33% of the burden unallocated.",Thermal sink — allocation doctrine,"consumption-based allocation once trade data supports it. Recorded for live implementations to settle, not resolved by the model.","A LIVE EQUITY QUESTION and a sign-off item. Including land use moves substantial burden onto collectives that were often converting land under external demand, and the framework cannot yet trade-adjust — OWID consumption-based emissions begin only in 1990, far too short for a cumulative measure."
ETA_BASIS,'clear_sky',"policy switch — ""clear_sky""",CHOSEN,,"which radiative-efficiency field weights a collective's land allocation. Clear-sky measures the STRUCTURAL radiative transparency of the column, which is what ""this land's share of the sink"" should mean. All-sky η credits a collective for being cloudy — cloud cover is not a policy lever, is partly endogenous to warming, and is the noisiest part of the field, so an all-sky rule rewards weather.",Thermal sink — allocation doctrine,"a governance decision on what the allocation is meant to track. The FIELDS themselves are measured (ERA5, 258 collectives); the choice between them is not.","NOT COSMETIC — the two differ by up to 0.27 in η (RMS 0.051, p95 0.085), so all-sky is reported alongside as the physical reality check and the per-collective gap must stay visible."
ETA_LAND_MASK_THRESHOLD,0.5,"ERA5 land-sea-mask fraction ∈ [0,1]",CHOSEN,,"lsm ≥ this counts as land (§5 decision 1: territorial sea excluded). The ERA5 mask is a fraction, so a threshold is required; 0.50 is the natural midpoint but it IS a threshold on a continuous field, not a measurement.",Thermal sink — allocation doctrine,a governance decision on whether partly-marine cells bear an allocation. The underlying field is measured (ERA5); where the line falls is not.,
CDR_UNATTRIBUTED_POLICY,'pro_rata',"policy switch — ""pro_rata""",CHOSEN,,"what happens to emissions belonging to no territory — international shipping and aviation, 46 GtCO₂ / 2.49% of the cumulative fossil total. ""pro_rata"" redistributes across collectives in proportion to existing shares, so shares sum to 1 and no part of the obligation is left without a bearer: we all inherited the world as it is. ""unallocated"" leaves the gap open, which means the commons silently absorbs it — and silence is the objection.",Thermal sink — allocation doctrine,"consumption-based allocation once trade data supports it. OWID's begins in 1990, and 1990-forward is where the framework will start when it does.",
CDR_LABOR_HOURS_PER_TONNE,0.6,labour-hours per tonne CO₂ removed,CHOSEN,D,"a ~1 Mt/yr plant at ~300 staff × 2000 h. Together with CDR_ENERGY_GJ_PER_TONNE this DERIVES ι_drawdown ≈ 6.7e9 J/EOH — ~4 orders above the infrastructure ι floor, as expected: drawdown is energy-intensive and labour-thin.",Thermal sink — observed climate state,operator staffing disclosures.,"A CANDIDATE FOR THE DOMAIN-BALANCE DEFECT. Either ECOLOGICAL_BASE_RATE is low by 2–3 orders or this is, or both; nothing in current data settles it. GUF_ECO_KAPPA_CARBON reached the SAME quantity from the land layer at 2.750, a 4.58× disagreement inside one repo; it is now bound EQUAL to this constant (2026-08-09, author decision), so this figure carries both layers and a staffing refresh moves both. TestCarbonKappaReconciliation enforces it."
THERMAL_F_NATURAL_ERF,0.262,W·m⁻²,measured,A,"solar + volcanic ERF at 2025 (IGCC 2025a `natural`). Consumes budget per C4 but is NOT removable by labour, so it is the floor on achievable forcing and the wedge between the budget basis and the F3 gain basis (§10.1).",Thermal sink — observed climate state,an annual IGCC refresh.,
THERMAL_GMST_OBSERVED,1.23,K (GMST anomaly),measured,A,"observed GMST anomaly, 2015–2024 mean (IGCC 2025a). Paired with the committed F/λ to expose the pipeline — the warming already bought and not yet delivered (§10.3).",Thermal sink — observed climate state,an annual refresh.,
THERMAL_TXX_PER_GMST,1.48,K per K (dTXx/dGMST),measured,A,"land extreme amplification (C6). OLS on the ERA5/Berkeley/HadEX3 mean TXx series against GMST, 1950–2025, n = 76, slope 1.483. Per-dataset spread 1.33–1.57 is the honest uncertainty.",Thermal sink — observed climate state,annual refresh. Guardrail I quantity.,
THERMAL_U_FLOOR,0.5,utilization fraction,CHOSEN,,the utilization boundary separating the Standing-exposure regime.,Thermal sink — observed climate state,"observed variance in Φ and ψ* — a measured quantity, not a chosen value, and it should stop being a constant once that variance is characterized.",
THERMAL_EPS_CURRENT,0.4,ε (dimensionless automation fraction),CHOSEN,,the framework's current-equilibrium ε for Eq. C1 — set to the arc midpoint.,Thermal sink — observed climate state,a measured world capital inventory in TEH.,"SUPERSEDED WHERE AN INVENTORY EXISTS. thermal_capital.epsilon_current_from_inventory() derives ε from the same capital that produces Φ, via civilization_epsilon, and capital_thermal_ceiling() now defaults to that. This constant survives for global ε_max, where no measured world capital inventory in TEH exists — and there global_ceiling() reports a band over ε_current ∈ [0.2, 0.6] so the chosen value travels with its sensitivity."
CAPITAL_THERMAL_PROFILES,<dict: 11 keys>,power_intensity W per TEH; embodied_energy J per TEH,CHOSEN,D,"the two new physical fields per capital type that turn a capital stock into a thermal load Φ_auto. Kept as a SEPARATE parallel dict rather than merged into CAPITAL_MACHINE_PROFILES, so the established EOH capital model stays visibly distinct from the experimental thermal overlay.",Capital thermal profiles (§12.2 dual-output),"power intensity ← measured energy-use intensity by capital class (IEA end-use / sectoral energy balances); embodied energy ← LCA inventories (ecoinvent, EPDs). Both are Path-D placeholders awaiting exactly those two sources.","relative ORDERING is defensible (compute and industry heavy; software and monitoring light); the absolute scale is anchored only to order-of-consistency with Path C's measured ~2200 W·person⁻¹ net-additive dissipation, NOT fitted."
THERMAL_GRID_KAPPA_DEFAULT,0.93,dimensionless net-thermal-addition coefficient,measured,C,"κ̄ of the grid serving the capital (§8.1). Default = world fossil+nuclear share (Path C, 2025). A fully flux-redirecting grid → 0, because renewable generation redirects an existing flux rather than adding a new one.",Capital thermal profiles (§12.2 dual-output),"the PHYSICAL grid mix serving the capital, not procurement contracts — a collective buying renewable certificates on a fossil grid still dissipates fossil heat, and κ̄ measures the electrons, not the paperwork.",
