occ6,ep_employment_k,oews_median_wage,f_training,f_demand,f_scarcity,i_dependency,i_substitutability,i_harm,i_temporal,f_impact,composite,reference_multiplier,title,methodology_version,reference_epoch
111011,322.7,213990.0,1.0,0.30698389701137085,0.22586065355254373,0.9934065241680592,0.07221580248107207,0.5840335533002188,0.6680424459578763,0.6281242032749158,0.5789491557820804,2.325,Chief Executives,mult-5.1.0,2026-07-29
111021,3876.8,105770.0,0.8275555570771228,0.3652233406155439,0.2798396536687324,1.0,0.3425305062622722,0.7128644841752672,0.5804491370209477,0.8286097124465365,0.6026928611224034,2.437,General and Operations Managers,mult-5.1.0,2026-07-29
112011,26.4,133660.0,0.8180831361323034,0.2152104970705662,0.20174739124742452,0.7652292826768389,0.3235827891882931,0.5067349947751901,0.6206962371470172,0.5462475236737248,0.4761389242752487,1.897,Advertising and Promotions Managers,mult-5.1.0,2026-07-29
112021,433.7,166790.0,0.8768960747375881,0.231629431414236,0.3031020755746058,0.9743713450613947,0.26605988273221426,0.5754448245752157,0.7296652740807908,0.7540802535226272,0.5701166587704134,2.285,Marketing Managers,mult-5.1.0,2026-07-29
112022,648.5,148270.0,0.8603740722193185,0.23958481336047338,0.26354031664773997,0.9883929706215046,0.20959877251259373,0.4666542607251749,0.9008361627519254,0.7472449549181942,0.5575277270650104,2.228,Sales Managers,mult-5.1.0,2026-07-29
112033,47.6,125470.0,0.863583728675292,0.0858500182686617,0.2580019238128951,0.9126249710425841,0.3632439038522919,0.5826020985127186,0.6062119532074739,0.7133165910575308,0.5104671556967147,2.03,Fundraising Managers,mult-5.1.0,2026-07-29
113012,283.8,114130.0,0.7160352001603888,0.3260465748937739,0.2925280997685805,0.9958355561704418,0.13633345013998366,0.5053035399876893,0.4771832454967292,0.5303246929351192,0.48740899695905604,1.939,Administrative Services Managers,mult-5.1.0,2026-07-29
113013,157.1,106660.0,0.8820995433553662,0.5122252080691669,0.2942006104722753,0.9997436208263234,0.05859190516685786,0.5940537368127228,0.3987670822994298,0.5023418228242359,0.5771117428244156,2.317,Facilities Managers,mult-5.1.0,2026-07-29
113021,768.7,175140.0,0.8835028760011758,0.23249557089420123,0.37140250650068,0.9493508449131915,0.2585828045633166,0.7157273937502683,0.7062005554609074,0.8040608236421695,0.5984704627345814,2.417,Computer and Information Systems Managers,mult-5.1.0,2026-07-29
113031,997.4,166570.0,0.9122383092412949,0.15389567382827252,0.3787065728858764,0.9674606406210842,0.017388458654261307,0.7057072102377645,0.8286057710997029,0.7257910565798419,0.5693344899515923,2.281,Financial Managers,mult-5.1.0,2026-07-29
113051,246.5,126060.0,0.9069200124653648,0.4476555795541846,0.2004196325732402,0.9999219329592858,0.0,0.7682140692919543,0.41527962408451374,0.5790848689311546,0.5688450423755923,2.279,Industrial Production Managers,mult-5.1.0,2026-07-29
113061,86.1,148080.0,0.8554898929728867,0.20659409652961072,0.2387261504060669,0.9851327196992302,0.3488128920016659,0.37074678996263905,0.7343046466698022,0.6914210114360002,0.5288959749644822,2.105,Purchasing Managers,mult-5.1.0,2026-07-29
113071,229.8,107230.0,0.9445213076774792,0.34463151961763244,0.3041271999407451,0.9926436309623167,0.12412605303650937,0.5081664495626906,0.5294308044475243,0.5473538725298425,0.5671781803282615,2.271,"Transportation, Storage, and Distribution Managers",mult-5.1.0,2026-07-29
113111,20.9,149230.0,0.900044005126853,0.12157215127469448,0.19210181785131195,0.96680642727525,0.2894866137018597,0.47953735381267987,0.8281044017372511,0.7524100490128416,0.5269291151802024,2.097,Compensation and Benefits Managers,mult-5.1.0,2026-07-29
113121,233.0,149280.0,0.867590592326794,0.41321368760021665,0.27323786601119826,0.9929641544046771,0.3525137807864921,0.5940537368127228,0.7983107787721693,0.8625326194050651,0.6338613276515983,2.592,Human Resources Managers,mult-5.1.0,2026-07-29
113131,49.2,133000.0,0.8864794297540844,0.15754638446549923,0.28466198815877436,0.9944267664456758,0.3531747055823412,0.13885111438755227,0.8889532743293174,0.6362924135028847,0.5213359260500762,2.074,Training and Development Managers,mult-5.1.0,2026-07-29
119021,598.4,114990.0,0.9076177402117875,0.593792189768209,0.32354099805626085,0.8104341381134272,0.2760585724800999,0.6813724788502553,0.2670890751794911,0.4858450414258401,0.6069028294733007,2.457,Construction Managers,mult-5.1.0,2026-07-29
119031,87.9,59300.0,0.7308103410548852,0.4389841492703589,0.11547997552126413,0.5753198992597317,0.4426382592462985,0.7844372235502939,0.6349154753813475,0.653480998146348,0.5154553842748951,2.05,"Education and Childcare Administrators, Preschool and Daycare",mult-5.1.0,2026-07-29
119032,328.1,105870.0,0.9356775133918983,0.6551921492058849,0.13126883271438625,0.601475372941189,0.42542634479496344,0.3936500665626476,0.7391097220785843,0.4790099640212029,0.5905075488672187,2.379,"Education Administrators, Kindergarten through Secondary",mult-5.1.0,2026-07-29
119033,230.5,104590.0,0.9674840354263893,0.27496485766433515,0.17924401250417377,0.7515068230674263,0.45696548081994803,0.6255457421377345,0.7810678336109452,0.7628206311459091,0.5855403853313126,2.356,"Education Administrators, Postsecondary",mult-5.1.0,2026-07-29
119041,220.5,171270.0,0.9538079716107074,0.3118889328898922,0.2051822034856992,0.914275668391843,0.30515101049838467,0.5203338152564451,0.5344925758231471,0.6087520200293013,0.5573390704101504,2.228,Architectural and Engineering Managers,mult-5.1.0,2026-07-29
119051,375.3,69390.0,0.6531959209141731,0.577211143757166,0.46073545687726014,0.570304225073856,0.2325583700849908,0.710001574600266,0.4798160684304494,0.40680969936197975,0.5341110784294903,2.127,Food Service Managers,mult-5.1.0,2026-07-29
119071,5.2,93220.0,0.7142931481946787,0.5851102828800291,0.41645698595558006,0.808173944649072,0.2848725289024855,0.7987517714252994,0.6616354260687015,0.7470949382000877,0.6306306469195487,2.576,Gambling Managers,mult-5.1.0,2026-07-29
119072,46.5,79520.0,0.7608706890056831,0.33748570348784845,0.507082567638988,0.8710038787927662,0.31015767720315257,0.5725819150002147,0.451590345124885,0.5724646105297869,0.5571652987339113,2.227,"Entertainment and Recreation Managers, Except Gambling",mult-5.1.0,2026-07-29
119081,53.8,69250.0,0.7689310537743522,0.3575379242215034,0.3691790524087543,0.44056420575195937,0.3373436106484641,0.6699208405502511,0.5825222712031072,0.4015631689779397,0.4942903999139173,1.966,Lodging Managers,mult-5.1.0,2026-07-29
119111,759.1,123860.0,0.8732613593556162,0.46561810369936646,0.49384179864132854,0.8506728167992142,0.23538934419230773,0.3836298830501438,0.7411922209569384,0.5388883687655218,0.6118733856511727,2.482,Medical and Health Services Managers,mult-5.1.0,2026-07-29
119121,108.2,167220.0,0.8720706506046889,0.26002257313435734,0.26638760305406783,0.8709434936686954,0.15126335718342931,0.4122589788001546,0.6033330413069431,0.45472818544934673,0.49358640543814625,1.963,Natural Sciences Managers,mult-5.1.0,2026-07-29
119131,12.7,96660.0,0.7348622418573418,0.5427389247905946,0.14413989137398953,0.31603216379280963,0.19395689600229193,0.5854650080877195,0.5839251474067794,0.17777047817687575,0.429414001573868,1.729,Postmasters and Mail Superintendents,mult-5.1.0,2026-07-29
119141,483.1,69990.0,0.8179991599856056,0.29584219370090575,0.2757893670356105,0.41103450857899165,0.3277126155233181,0.5167551782876939,0.7067816812019329,0.3427681430858097,0.46021020559948267,1.838,"Property, Real Estate, and Community Association Managers",mult-5.1.0,2026-07-29
119151,233.9,80390.0,0.826383345260761,0.3841083573441114,0.3028643100480559,0.8670973536220323,0.48396055325935716,0.6584692022502469,0.6319542328483939,0.8100211389926689,0.6070202396720346,2.458,Social and Community Service Managers,mult-5.1.0,2026-07-29
119161,13.6,93330.0,0.858206003065437,0.41213316371115377,0.23363620246562603,0.6766304071163686,0.2969382772533029,0.3678838803876379,0.46850548952876486,0.31209797241576526,0.4852468254444861,1.931,Emergency Management Directors,mult-5.1.0,2026-07-29
119171,33.4,78790.0,0.65717708670324,0.6664228485133363,0.26761648047155034,0.34278048158629887,0.3972356885764273,0.8102034097253036,0.35964877842067083,0.3447672381191231,0.5034739437633969,2.002,Funeral Home Managers,mult-5.1.0,2026-07-29
119179,26.7,69770.0,0.7557350389025225,0.3597866446360662,0.2998034797839384,0.8996170639707345,0.30800131252174157,0.41440616098140537,0.5111105448434415,0.5258329578165719,0.508086108240704,2.02,"Personal Service Managers, All Other",mult-5.1.0,2026-07-29
119199,1393.5,141900.0,0.8735069449060938,0.3013479249890743,0.2661128520014197,0.9896144662914127,0.0,0.5573130639335423,0.5517203159552763,0.5111916023232648,0.5184095357001968,2.062,"Managers, All Other",mult-5.1.0,2026-07-29
131011,23.2,82890.0,0.7063874985652746,0.11408987072507655,0.40454505269588786,0.5071829557619465,0.4447909999675308,0.6455861091627421,0.7562185241439234,0.5812429547619498,0.46665846648051656,1.861,"Agents and Business Managers of Artists, Performers, and Athletes",mult-5.1.0,2026-07-29
131031,337.9,78000.0,0.8079427438161285,0.3636875806972856,0.08425691044012303,0.7655183296584883,0.33979399481580885,0.7300419416252736,0.6193111778858726,0.6882941208872415,0.522229630628995,2.078,"Claims Adjusters, Examiners, and Investigators",mult-5.1.0,2026-07-29
131032,8.4,78240.0,0.6242276343940029,0.4346369098636568,0.033529103659076694,0.6460073991167741,0.5714184242229521,0.707138665025265,0.573202368639848,0.7052029670979522,0.4789340802904185,1.907,"Insurance Appraisers, Auto Damage",mult-5.1.0,2026-07-29
131041,430.3,80730.0,0.7898363995082698,0.4613719123232307,0.25244299647575075,0.9557087107661276,0.0,0.5057125270698324,0.5747193691787134,0.46723239187489435,0.5195905951971623,2.067,Compliance Officers,mult-5.1.0,2026-07-29
131051,212.1,78740.0,0.8047323985912974,0.061447249726929574,0.17885714997070187,0.9139112916217107,0.4273793235858381,0.3650209708126368,0.8781650993791321,0.7523807315768525,0.4806481448974751,1.914,Cost Estimators,mult-5.1.0,2026-07-29
131071,1002.7,75940.0,0.8208079668983519,0.34628737450580166,0.3105438388313755,0.9852966885048167,0.3986502814198538,0.5926222820252219,0.7223541696413518,0.847503664620676,0.6067989176174,2.457,Human Resources Specialists,mult-5.1.0,2026-07-29
131074,4.2,58460.0,0.5173522195516856,0.2519549261014628,0.25871098651335306,0.14112441202477014,0.32510012637375096,0.5138922687126928,0.43158135789325647,0.015830868504962802,0.2738943118197827,1.27,Farm Labor Contractors,mult-5.1.0,2026-07-29
131075,65.4,95420.0,0.810292820990358,0.3574036031256797,0.2188453942145522,0.6570320200085678,0.3379688577024097,0.49385190168768517,0.8031974740588219,0.5567585165029588,0.5153974550471775,2.05,Labor Relations Specialists,mult-5.1.0,2026-07-29
131081,281.3,82320.0,0.7992004314575054,0.3571241534895409,0.4939524314019317,0.9754201933133979,0.11556290690792048,0.41512188837515573,0.7264212896278326,0.5683651826290564,0.5699229497472873,2.284,Logisticians,mult-5.1.0,2026-07-29
131111,1169.7,101860.0,0.8334873661731195,0.2095233551070037,0.35230160542274414,0.9085878619206237,0.31814813373974127,0.5224809974376958,0.89142380327167,0.7835840733958324,0.5687833880621936,2.279,Management Analysts,mult-5.1.0,2026-07-29
131121,163.3,61160.0,0.7791834115120874,0.3919433134803004,0.3590734392196186,0.982457618988337,0.3223946266433334,0.5296382713751985,0.4453494456032861,0.6307957649904028,0.5612544809152258,2.245,"Meeting, Convention, and Event Planners",mult-5.1.0,2026-07-29
131131,140.2,72550.0,0.8272787943502478,0.1356546925673648,0.24515587163268848,0.9142583316885782,0.41429154243363564,0.4580655320001717,0.7870098387529902,0.7568124678597569,0.5203316027383924,2.07,Fundraisers,mult-5.1.0,2026-07-29
131141,112.7,78210.0,0.8244108187619973,0.13431942177242936,0.2699330015036685,0.9719772814697908,0.33753610987274285,0.5611302767002102,0.7721143673019755,0.8065827608764621,0.5365353915915557,2.138,"Compensation, Benefits, and Job Analysis Specialists",mult-5.1.0,2026-07-29
131151,501.0,69280.0,0.7713442199212688,0.23055287760682266,0.39415742633933504,1.0,0.4272272006713175,0.1817947580125682,0.8488090615248184,0.6907704688672928,0.5405655878627764,2.155,Training and Development Specialists,mult-5.1.0,2026-07-29
131161,1004.7,78760.0,0.7678579721682843,0.019778265249399667,0.34183548094791383,0.9744673266512712,0.15783228524275583,0.3299503285188739,0.9799072311692536,0.6628081741749756,0.46937109769616187,1.871,Market Research Analysts and Marketing Specialists,mult-5.1.0,2026-07-29
131199,1242.0,83050.0,0.8289621082996202,0.20916439355782,0.29986717246907707,0.9768020719557513,0.0,0.3682417440845131,0.7315268218601729,0.4751375156587468,0.47973754428784315,1.91,"Business Operations Specialists, All Other",mult-5.1.0,2026-07-29
132031,51.0,91640.0,0.7680127066897986,0.13569240834303925,0.1479712711697134,0.9041028519449448,0.29419313352229703,0.6498804735252436,0.7229879170854663,0.7617578772410802,0.4843606376369121,1.928,Budget Analysts,mult-5.1.0,2026-07-29
132041,64.8,83510.0,0.7588112834350774,0.034551931589299846,0.06644090111006208,0.6966406416183466,0.39947920831434625,0.3807669734751429,0.8656089573003417,0.5840574135521021,0.39558390153788614,1.617,Credit Analysts,mult-5.1.0,2026-07-29
132052,357.2,105070.0,0.8367990266877536,0.0,0.28178991882398613,0.43240406903159406,0.3229520044497425,0.6298401065002361,0.9665943065003124,0.5461300381097574,0.44393020129856264,1.779,Personal Financial Advisors,mult-5.1.0,2026-07-29
132053,123.7,81370.0,0.7299184039072087,0.1878831017133662,0.13242649503061002,0.6503352774345661,0.424999214130345,0.5926222820252224,0.7781921624056469,0.6506168372881561,0.45508580492866524,1.819,Insurance Underwriters,mult-5.1.0,2026-07-29
132061,77.2,94160.0,0.8673580230831918,0.14059678254128544,0.41758078640134855,0.7769785515436856,0.26683989456537605,0.4122589788001546,0.8146525207449103,0.5569833982176204,0.5181186093949537,2.061,Financial Examiners,mult-5.1.0,2026-07-29
132071,32.9,52230.0,0.6538411812132039,0.16439808371304906,0.2047051238008535,0.8994493633573715,0.3664777383468609,0.5682875506377132,0.8544185688290756,0.8154526128108405,0.48205605325510426,1.919,Credit Counselors,mult-5.1.0,2026-07-29
132072,306.5,76690.0,0.8323310332823972,0.22330549355482718,0.18276261212987735,0.6347508284109405,0.43628663250710975,0.7601024921627849,0.6896879280284223,0.7037231066754076,0.5180089824682533,2.061,Loan Officers,mult-5.1.0,2026-07-29
132081,56.5,62370.0,0.7213457364005323,0.20852289453121448,0.18969245768503357,0.4727249467902103,0.32420320087002297,0.5969166463877239,0.6688622952237121,0.41436650677275744,0.4100645627831594,1.664,"Tax Examiners and Collectors, and Revenue Agents",mult-5.1.0,2026-07-29
132082,94.7,54920.0,0.6510790673233893,0.06817521476305563,0.42818255782072945,0.34544265902016064,0.35312329601794523,0.44231952933766583,0.8522356809568735,0.3360024672014232,0.38200465225228236,1.574,Tax Preparers,mult-5.1.0,2026-07-29
132099,141.4,81100.0,0.8473623896846835,0.19591424605109053,0.23146765965421617,0.9407271171920871,0.20963544135923018,0.5861807354814699,0.8295383382564409,0.7504135338371212,0.5370841938083012,2.14,"Financial Specialists, All Other",mult-5.1.0,2026-07-29
151211,566.5,105850.0,0.8077971274238865,0.25672365584333534,0.23659615886457858,0.9417775605674821,0.09635694732762812,0.421563434918908,0.7338216333011894,0.5402748086753255,0.48890798612974695,1.945,Computer Systems Analysts,mult-5.1.0,2026-07-29
151212,234.9,129180.0,0.9067649282233252,0.22222960142768905,0.4270982027661458,0.9106775984687265,0.3359310626171488,0.46951717030017603,0.5927550809619019,0.6219928919254033,0.5685047423584998,2.277,Information Security Analysts,mult-5.1.0,2026-07-29
151221,48.3,140300.0,0.8822230078803996,0.10250384910995394,0.3947525593515812,0.8699992593934259,0.39956005477728884,0.2963111410126112,0.7384907224594516,0.5971228013450933,0.518524076848198,2.063,Computer and Information Research Scientists,mult-5.1.0,2026-07-29
151231,155.5,76220.0,0.820545325480963,0.26508464779814356,0.16202882533427365,0.9588543063688159,0.36985938237462135,0.5138922687126928,0.5048983899821573,0.6611580067529428,0.5101300263489152,2.029,Computer Network Support Specialists,mult-5.1.0,2026-07-29
151232,702.5,61860.0,0.7310547690536878,0.20042723636667847,0.07945536798488433,0.9589698862101927,0.34602266627779255,0.5425213644627034,0.5610790822998409,0.6908311244933966,0.45802209452810194,1.83,Computer User Support Specialists,mult-5.1.0,2026-07-29
151241,200.6,134050.0,0.8726340390463794,0.2247965900545234,0.2521451615463311,0.9199629768585698,0.22444690902454645,0.45949698678767226,0.5254460767483936,0.5242979731490904,0.4994928848240835,1.986,Computer Network Architects,mult-5.1.0,2026-07-29
151242,77.5,104620.0,0.8271833158361426,0.18918131841290184,0.07067806650901097,0.9752603733074422,0.314351750010025,0.5854650080877195,0.8299907091996511,0.837157528982216,0.5188753199014244,2.064,Database Administrators,mult-5.1.0,2026-07-29
151243,72.7,139500.0,0.8703951083569862,0.07315700555347614,0.21051901009298565,0.924130779284156,0.1643448682807681,0.32637169155012236,0.9626871306784701,0.6204209258676728,0.47661681738098016,1.898,Database Architects,mult-5.1.0,2026-07-29
151244,317.7,99130.0,0.8773732145032461,0.21681639509797349,0.009877412630449105,0.9700570071753118,0.3553633309336184,0.3006055053751127,0.47615798750322214,0.5199592412656688,0.44938135596797424,1.799,Network and Computer Systems Administrators,mult-5.1.0,2026-07-29
151251,113.9,100390.0,0.8398793169120748,0.05182509516798546,0.004661076606590889,0.9007592840742145,0.3500335034307832,0.14600838832505483,0.8392845393963856,0.5481696340129647,0.40289469269017814,1.64,Computer Programmers,mult-5.1.0,2026-07-29
151252,1961.4,135980.0,0.8980050447097853,0.0,0.31219445177489136,0.8920552339005396,0.4330061419984387,0.10592765427503975,0.7523292491738057,0.5260870517797328,0.463362166712847,1.849,Software Developers,mult-5.1.0,2026-07-29
151253,221.9,104300.0,0.7090348630458969,0.16579952253548355,0.2651607555344662,0.8925535867477756,0.3312929613949176,0.33782332985012675,0.9429076633513481,0.694600420203015,0.480842595705287,1.914,Software Quality Assurance Analysts and Testers,mult-5.1.0,2026-07-29
151254,92.5,92650.0,0.6876063969766146,0.14086674809348226,0.21275939001842936,0.9162335467243058,0.3285937988585651,0.3779040639001417,0.950607065090024,0.7374107043861712,0.46840316021658357,1.868,Web Developers,mult-5.1.0,2026-07-29
151255,137.9,104000.0,0.6691619507620772,0.10385897031313895,0.24397324628940048,0.9465891232636452,0.22984651932428335,0.24477876866259182,1.0,0.6446404504411289,0.43666808967507026,1.754,Web and Digital Interface Designers,mult-5.1.0,2026-07-29
151299,510.5,116580.0,0.8101884632543002,0.14766738767981194,0.2353005970431302,0.9388723303478091,0.0,0.42442634449390915,0.738278530901603,0.48469840239301343,0.44820810590312243,1.794,"Computer Occupations, All Other",mult-5.1.0,2026-07-29
152011,40.9,130000.0,0.8020625551488237,0.040012778898815084,0.38111336520389916,0.7276696083376527,0.3465647643708507,0.34641205857512997,1.0,0.6182536426379847,0.48140804496962686,1.916,Actuaries,mult-5.1.0,2026-07-29
152021,2.4,126710.0,0.89702467494888,0.11834050481162998,0.03477688780048734,0.8286013202932321,0.643311858090616,0.031492005325011854,0.9998426375040224,0.6794251288402027,0.47550418845771963,1.894,Mathematicians,mult-5.1.0,2026-07-29
152031,136.2,88940.0,0.7913419872969322,0.029647557391053826,0.43656882274942344,0.9675053477221822,0.32222682668932245,0.2619562261125983,0.9061450602466395,0.6800831114348607,0.502149027945443,1.997,Operations Research Analysts,mult-5.1.0,2026-07-29
152041,34.9,105650.0,0.8407700758494265,0.11277213445742866,0.21930685645892267,0.9409055747822835,0.4662735585295288,0.25265176999384475,0.9557407820627423,0.7648618579113371,0.5155008921388039,2.05,Statisticians,mult-5.1.0,2026-07-29
152051,328.3,120230.0,0.8147167835383284,0.06838033564830345,0.4425112232150495,0.9610244894151242,0.16749723176983577,0.27770222877510403,0.9272477842184597,0.6028129419094437,0.5007155990939451,1.991,Data Scientists,mult-5.1.0,2026-07-29
152099,5.2,81490.0,0.8246701051911401,0.1137292549752053,0.16821494052516037,0.9040382640730479,0.6941441902329503,0.1760689388625661,0.8391464893886125,0.7730551604003747,0.5027401235062691,1.999,"Mathematical Science Occupations, All Other",mult-5.1.0,2026-07-29
171011,128.4,99280.0,0.8762479409251743,0.3294661385549367,0.1819301236414299,0.5008868122286982,0.37331172699310866,0.44231952933766583,0.6267556484563456,0.3516716918364265,0.46954486460367906,1.872,"Architects, Except Landscape and Naval",mult-5.1.0,2026-07-29
171012,22.6,79870.0,0.851497102294974,0.14907687694559238,0.24776823799999154,0.7699917563971236,0.42640425901149115,0.3091942341001161,0.6431081327960594,0.5039621207266,0.46826252770653853,1.867,Landscape Architects,mult-5.1.0,2026-07-29
171021,14.3,81390.0,0.6489084071358757,0.11746973356973933,0.25611564809139375,0.7856452518055435,0.5899741413220744,0.3750411543251408,0.7761469189358795,0.7149476863081937,0.4540000067285247,1.815,Cartographers and Photogrammetrists,mult-5.1.0,2026-07-29
171022,58.6,75440.0,0.8151044457362377,0.3313621833829281,0.21611163928870042,0.6656558777365555,0.517602195246122,0.45949698678767226,0.40731448717107854,0.4609256174417452,0.4858256117847798,1.933,Surveyors,mult-5.1.0,2026-07-29
172011,75.9,134960.0,0.8890207247990212,0.22165261622789542,0.20071549629191798,0.8527845509496845,0.664874144906022,0.3106256888876165,0.6387150806921099,0.7037069827304898,0.5381892164376862,2.145,Aerospace Engineers,mult-5.1.0,2026-07-29
172021,1.8,98590.0,0.8723557468263428,0.28745473453509773,0.18016598039155843,0.834015097311003,0.588282296703758,0.3592951516626347,0.49886813505750544,0.607134006060351,0.5213871052750767,2.074,Agricultural Engineers,mult-5.1.0,2026-07-29
172031,23.3,109370.0,0.8822325466270252,0.27990165419605567,0.1730880741818493,0.9382195560422236,0.7364065283226285,0.2691135000501008,0.7015583053268841,0.812472404319513,0.5723808934533696,2.295,Bioengineers and Biomedical Engineers,mult-5.1.0,2026-07-29
172041,22.1,125040.0,0.7225302722311342,0.2928566923001386,0.11313836663814426,0.9044609016494661,0.6171969415982997,0.5926222820252219,0.7664099410376928,0.9407836639149376,0.5477968440507381,2.186,Chemical Engineers,mult-5.1.0,2026-07-29
172051,387.5,100840.0,0.8616947465231192,0.2586621584889722,0.19563706503193035,0.7737214794482223,0.18952000576941042,0.4914661437085176,0.6977711973791614,0.5001507874020217,0.4873390734360703,1.939,Civil Engineers,mult-5.1.0,2026-07-29
172061,82.4,161740.0,0.8607512062738524,0.10536760134012237,0.20387591165366853,0.8702652744060697,0.4286558878991851,0.21901258248758204,0.8261586711449956,0.6103607724187645,0.4779326376526112,1.903,Computer Hardware Engineers,mult-5.1.0,2026-07-29
172071,205.7,120630.0,0.9149899619428572,0.3330808978972216,0.2019194492341588,0.934046949280251,0.639940002379286,0.5983481011752242,0.5161675182743343,0.859739562840186,0.6130859936140408,2.488,Electrical Engineers,mult-5.1.0,2026-07-29
172072,101.8,130220.0,0.8837797552332645,0.13732477358144643,0.1858254409707636,0.9324954684062063,0.35199558853957946,0.3600108790563849,0.5602194123534734,0.566491412459979,0.4782530612744884,1.904,"Electronics Engineers, Except Computer",mult-5.1.0,2026-07-29
172081,41.0,107110.0,0.8037910705209875,0.3033191808083237,0.24248232724369578,0.8347236055883533,0.47291540828662004,0.4623598963626734,0.6730042969391812,0.6832015312209825,0.5362639646123619,2.136,Environmental Engineers,mult-5.1.0,2026-07-29
172111,24.9,115160.0,0.8329201911611146,0.28992511784178326,0.18534615529126564,0.9707775421184787,0.3438655722049496,0.538942727493952,0.59810828000296,0.7134727301106012,0.5377947503946836,2.143,"Health and Safety Engineers, Except Mining Safety Engineers and Inspectors",mult-5.1.0,2026-07-29
172112,389.6,102440.0,0.8141556624760622,0.346076298498079,0.2846834226022369,0.9754346675237391,0.1630206226820634,0.4287207088564109,0.5716168892307703,0.531020888387222,0.5204576799845912,2.071,Industrial Engineers,mult-5.1.0,2026-07-29
172121,9.0,112230.0,0.8128947420013012,0.40553422632865105,0.23314632136320754,0.7572577981896009,0.5801480918508126,0.5568359123377087,0.405106627775898,0.6203944299504757,0.5469798509428135,2.182,Marine Engineers and Naval Architects,mult-5.1.0,2026-07-29
172131,24.3,112860.0,0.8600009953967197,0.2969524932023436,0.20789916831195876,0.9505938200878119,0.5890839135173931,0.30346841495011384,0.6887142512870179,0.7479843404361534,0.560814340691032,2.243,Materials Engineers,mult-5.1.0,2026-07-29
172141,319.6,104110.0,0.8298853320125411,0.25180979756114774,0.22308801063680792,0.9379596417734232,0.31283782862948084,0.3249402367626218,0.5584683705235282,0.5253974278618085,0.487885008086863,1.941,Mechanical Engineers,mult-5.1.0,2026-07-29
172151,7.0,106220.0,0.9217415289047421,0.38514454865475006,0.12669071121613507,0.8094519562683393,0.5913829712211538,0.4924204469001846,0.5163985561691727,0.6789878777245563,0.5678937075094762,2.275,"Mining and Geological Engineers, Including Mining Safety Engineers",mult-5.1.0,2026-07-29
172161,15.3,133970.0,0.8616727980900714,0.35498052995865637,0.0818364628130348,0.879412626850828,0.696744572112088,0.4981462660501867,0.7272307470193314,0.8953719201654519,0.5874572445206554,2.364,Nuclear Engineers,mult-5.1.0,2026-07-29
172171,19.8,144910.0,0.8949650802080249,0.1705305365016816,0.1506338990087741,0.7455590672205213,0.5415940318797793,0.5267753618001975,0.763482449896316,0.7417909446996297,0.5266966741644901,2.096,Petroleum Engineers,mult-5.1.0,2026-07-29
172199,162.1,122930.0,0.8489892127497264,0.24490025642955898,0.14428772589878788,0.9389556238830777,0.001319350029109212,0.4485821440329807,0.5638421856188994,0.4168904727789422,0.4490019913068008,1.797,"Engineers, All Other",mult-5.1.0,2026-07-29
173012,20.4,76870.0,0.7555624788950001,0.2122957954592232,0.18018690765551584,0.9151676649325581,0.7433276466769365,0.4208477075251578,0.6075474632062732,0.8456608889884633,0.5271952963115248,2.098,Electrical and Electronics Drafters,mult-5.1.0,2026-07-29
173013,40.1,71550.0,0.8010983066601908,0.11232649279222094,0.16452790991455765,0.9479951553886923,0.6320845344155512,0.3292346011251237,0.5086953584229031,0.7013606789004493,0.47665686690413633,1.898,Mechanical Drafters,mult-5.1.0,2026-07-29
173021,10.1,82890.0,0.6952620781666643,0.3636194276289613,0.36960830122606597,0.8199826640586851,0.6475211781326269,0.7772799496127913,0.5059646019976288,0.8844139281882724,0.5945086226495209,2.398,Aerospace Engineering and Operations Technologists and Technicians,mult-5.1.0,2026-07-29
173022,66.2,64950.0,0.9004409287697664,0.3784959852516233,0.2696007006209671,0.7506590489257725,0.5051171613116852,0.4079646144376529,0.4183609236629735,0.4887829233410512,0.540872145903292,2.156,Civil Engineering Technologists and Technicians,mult-5.1.0,2026-07-29
173024,15.1,73900.0,0.8040743977017138,0.4727705366319003,0.2725059945466892,0.9506763125225985,0.6475281259253531,0.5926222820252222,0.2969726353050639,0.7683931061234819,0.6060144289086975,2.453,Electro-Mechanical and Mechatronics Technologists and Technicians,mult-5.1.0,2026-07-29
173025,13.0,59920.0,0.7599001289656101,0.4060106361266459,0.26648238203002483,0.7679289901583831,0.5723562556000711,0.5181866330751944,0.30970766618202256,0.5549776445145291,0.5215135852559818,2.075,Environmental Engineering Technologists and Technicians,mult-5.1.0,2026-07-29
173026,75.9,66120.0,0.8457715369426225,0.36321580266121584,0.2645137552880801,0.9742244882100061,0.518727634015203,0.5239124522251963,0.40482041749287057,0.719028200538144,0.5771952129402428,2.317,Industrial Engineering Technologists and Technicians,mult-5.1.0,2026-07-29
173027,38.3,74510.0,0.7757568981959575,0.43830460362794127,0.2471681068913968,0.9447216763023968,0.47478460406025136,0.5525415479752072,0.2872956077715515,0.6329179551484302,0.5499663305311594,2.195,Mechanical Engineering Technologists and Technicians,mult-5.1.0,2026-07-29
173029,68.3,78350.0,0.6213576787093004,0.4516546648561948,0.2643596065091731,0.9131002694340586,0.5696789710314192,0.5697190054252136,0.4865570063541285,0.7718579387516988,0.5451573758165982,2.174,"Engineering Technologists and Technicians, Except Drafters, All Other",mult-5.1.0,2026-07-29
191011,2.9,68940.0,0.9074200215089581,0.33972681457924875,0.2443513205070712,0.8884455227637494,0.6551581091372352,0.5239124522251963,0.57229690449106,0.8186672832743837,0.6106947950175098,2.476,Animal Scientists,mult-5.1.0,2026-07-29
191012,16.2,88720.0,0.7682518672445305,0.4367536250633583,0.2774914028370442,0.8983933524114437,0.6874113781735153,0.4809688086001802,0.45288817941060644,0.762576154911,0.5858062857343576,2.357,Food Scientists and Technologists,mult-5.1.0,2026-07-29
191013,21.8,78850.0,0.8478785623195988,0.3468345840932208,0.2835889131841893,0.9288077080222797,0.7799640753370036,0.2619562261125983,0.5044055040125651,0.7335734361572235,0.5811833563953286,2.335,Soil and Plant Scientists,mult-5.1.0,2026-07-29
191021,37.6,127410.0,0.9310445185581044,0.47175386488937404,0.2841350275737134,0.7409095665129368,0.8026343980286856,0.5382270001002019,0.7071723396019975,0.8737875125022095,0.6725257054300698,2.799,Biochemists and Biophysicists,mult-5.1.0,2026-07-29
191022,21.6,87990.0,0.7511116820183572,0.6378938417767498,0.2718053087443098,0.8974989278009693,0.8459487012425662,0.5740133697877151,0.6121783915714041,0.9874290612830543,0.6860252921193202,2.874,Microbiologists,mult-5.1.0,2026-07-29
191023,18.5,76780.0,0.8736207788962371,0.29466241777059377,0.22761729909956832,0.7588231626514201,0.9359593628788919,0.49098899211268404,0.34752859972229544,0.7666195469065611,0.5729301846580734,2.297,Zoologists and Wildlife Biologists,mult-5.1.0,2026-07-29
191029,64.5,98920.0,0.9374853445124062,0.3191517010082811,0.21678149584539272,0.8825200188324401,0.44033753019531197,0.24442090496571664,0.6451856075401932,0.5550413830433607,0.5431501735357108,2.166,"Biological Scientists, All Other",mult-5.1.0,2026-07-29
191031,29.5,73010.0,0.7933731567642922,0.2443908177578374,0.2930152752277338,0.7685249967226507,0.4401558243783479,0.29249392824594306,0.35487025990333665,0.3639727212947389,0.4487058868379785,1.796,Conservation Scientists,mult-5.1.0,2026-07-29
191032,14.0,76400.0,0.8318151534412104,0.28302677013484623,0.23702308483036183,0.8331784373577037,0.6509342791702115,0.6384288352252392,0.199801289902208,0.6675374177731536,0.5345902099754354,2.129,Foresters,mult-5.1.0,2026-07-29
191041,14.3,87220.0,0.8377831161625828,0.28031718940875144,0.3033065528347673,0.8546557232459505,0.3441847372062016,0.2963111410126112,1.0,0.6776897944313267,0.5514979913757478,2.202,Epidemiologists,mult-5.1.0,2026-07-29
191042,179.6,103410.0,1.0,0.5320210276962621,0.20287378469734482,0.9037210307711565,0.8744036862631522,0.5138922687126928,0.6044731483890451,0.9693643623487902,0.7159211044507321,3.05,"Medical Scientists, Except Epidemiologists",mult-5.1.0,2026-07-29
192011,1.8,128820.0,0.9157531557012609,0.014988692578864725,0.13661124944834813,0.8509808872432332,0.8403129865782222,0.0,0.7701452019268854,0.6845455913161065,0.4769317675737907,1.9,Astronomers,mult-5.1.0,2026-07-29
192012,25.6,172250.0,0.9966154112766249,0.18023209269362522,0.21068821702751542,0.8706736548334111,0.7883693609526939,0.12596802130004714,0.721957426278978,0.7197099466090545,0.5661077766141605,2.267,Physicists,mult-5.1.0,2026-07-29
192021,9.5,99070.0,0.841200768143008,0.13579099870401315,0.2073161561836328,0.9026013202388148,0.6903252507016311,0.30633132452511497,0.8779780925444803,0.8657378751764077,0.5442056801497341,2.17,Atmospheric and Space Scientists,mult-5.1.0,2026-07-29
192031,91.0,91240.0,0.8865775316589284,0.405014145632507,0.23504981101045747,0.9116795182508247,0.841079732870754,0.5167551782876937,0.4378050503090328,0.8775972986050369,0.633636082759156,2.591,Chemists,mult-5.1.0,2026-07-29
192032,9.1,117790.0,0.7850483955001373,0.25721594596792985,0.218981103447005,0.8816715596084141,0.618587867047077,0.3278031463376229,0.7659237762492315,0.7675576969961923,0.5355041500804727,2.133,Materials Scientists,mult-5.1.0,2026-07-29
192041,94.3,82220.0,0.8740530393693466,0.16182183156236485,0.3310688376883644,0.8430638691071894,0.19973427194782778,0.20577162570320212,0.6777200908070832,0.37621821275818224,0.4629396904286136,1.848,"Environmental Scientists and Specialists, Including Health",mult-5.1.0,2026-07-29
192042,26.0,101920.0,0.8364058670388227,0.25326637640649824,0.2525318288557766,0.8512456921155936,0.846669665266066,0.25336749738759506,0.6035377006042176,0.7599580524533732,0.5547342330977699,2.216,"Geoscientists, Except Hydrologists and Geographers",mult-5.1.0,2026-07-29
192043,6.3,96600.0,0.8060716276593121,0.17386408172709505,0.2255884638172923,0.7885792871758761,0.6874771143867626,0.1760689388625661,0.5975292597308599,0.571660297900894,0.4733202759682493,1.886,Hydrologists,mult-5.1.0,2026-07-29
192099,32.1,122570.0,0.8208392443220195,0.07399006101969181,0.15067618457675128,0.8465795606411916,0.7296197413541952,0.2361900399375886,0.7526450492224436,0.7477374274179174,0.4818188823213584,1.918,"Physical Scientists, All Other",mult-5.1.0,2026-07-29
193011,17.8,124720.0,0.8393616871595769,0.0,0.10049925296634776,0.8507701392668003,0.41626262094746436,0.18251048540631848,1.0,0.6500931182601652,0.434431636306184,1.746,Economists,mult-5.1.0,2026-07-29
193022,8.3,69460.0,0.835582667624829,0.06912274091684524,0.1897892768430275,0.7635372971457747,0.4728678865082786,0.38076697347514266,0.909353806607239,0.6962995370066924,0.4799882251369387,1.911,Survey Researchers,mult-5.1.0,2026-07-29
193032,5.9,193950.0,0.839712886747395,0.12510486226288048,0.24453963776706142,0.5261876269468553,0.35219379432931597,0.5353640905252007,1.0,0.5901739667166718,0.4796415008225189,1.91,Industrial-Organizational Psychologists,mult-5.1.0,2026-07-29
193033,84.8,100580.0,0.9535546510558794,0.3381103296674416,0.2476643873033111,0.8058618328291638,0.37860425832540157,0.6885297527877582,0.8399025023613059,0.8204803697712177,0.6252469476370909,2.548,Clinical and Counseling Psychologists,mult-5.1.0,2026-07-29
193034,67.7,95990.0,0.8387649639458045,0.2732160366975292,0.121753796632386,0.6263504603647205,0.5579738992361358,0.33782332985012675,0.7684298684348096,0.5563685399819895,0.4833763926800982,1.924,School Psychologists,mult-5.1.0,2026-07-29
193039,57.7,110840.0,0.96113276157936,0.3760603401593749,0.21999430095651124,0.8045414262564453,0.11589345901931103,0.5253439070126971,0.7110185082084602,0.5048109706540841,0.552556516368475,2.207,"Psychologists, All Other",mult-5.1.0,2026-07-29
193041,3.6,106030.0,0.9244218749454234,0.20672378586350929,0.2884851575683622,0.8598344793370063,0.9224272713370167,0.07014128458752637,0.9405543696650573,0.8625565961468331,0.602343689499885,2.435,Sociologists,mult-5.1.0,2026-07-29
193051,46.2,89320.0,0.8026927661120448,0.18267567794917347,0.23865512089562943,0.4232408277542252,0.3343200061236753,0.17320602928756498,0.9266967873819997,0.2556911557474707,0.39813056243690037,1.625,Urban and Regional Planners,mult-5.1.0,2026-07-29
193091,9.2,70770.0,0.8888201304031714,0.27025964922886164,0.30732236545719954,0.7906049811676621,1.0,0.06298401065002363,0.6644720746068454,0.7236222501690188,0.5765809870618614,2.314,Anthropologists and Archeologists,mult-5.1.0,2026-07-29
193092,1.5,102040.0,0.8493517898028125,0.12337192162267452,0.12837953612143113,0.6280058615608249,0.7160533409032124,0.051532372350019444,0.7080892440126354,0.45255258937056714,0.42446257191344033,1.712,Geographers,mult-5.1.0,2026-07-29
193093,3.5,76750.0,0.8035628563782699,0.16986753286613898,0.28361016678807943,0.7699226485278994,0.9882457891845854,0.31635150803761874,0.4169176729630436,0.7347779916030281,0.5239522713883886,2.085,Historians,mult-5.1.0,2026-07-29
193094,6.3,142080.0,0.8699410461895493,0.07219955419556165,0.1902738171065811,0.6786936570184946,0.7447295674919712,0.15030275268755644,1.0,0.7034995555980541,0.49296185472658494,1.961,Political Scientists,mult-5.1.0,2026-07-29
193099,40.1,101110.0,0.7982574947311668,0.09831276624814975,0.20887629570511063,0.781197236644318,0.4116241321475961,0.21471821812508063,0.8952296792224956,0.566959166778355,0.4475704908169984,1.792,"Social Scientists and Related Workers, All Other",mult-5.1.0,2026-07-29
194012,19.4,49630.0,0.7130135514012352,0.3518041337985535,0.619157755824661,0.9054560284827253,0.5041805926695553,0.3986601583188995,0.2543426330205724,0.5151392910690469,0.5544714728022029,2.215,Agricultural Technicians,mult-5.1.0,2026-07-29
194013,21.3,52130.0,0.6901075730068552,0.39541184148181224,0.6287001638724726,0.8588547282807272,0.7427541497757009,0.6112311942627293,0.5495552016561551,0.8907816977690286,0.6543206894892613,2.699,Food Science Technicians,mult-5.1.0,2026-07-29
194021,85.6,57510.0,0.8863213183464307,0.3034263730128725,0.39929254435528405,0.9099587803049769,0.9992384309745297,0.1316938404500495,0.30101206743116954,0.6762677133314648,0.5906784259610703,2.38,Biological Technicians,mult-5.1.0,2026-07-29
194031,59.0,60390.0,0.6611973913912587,0.5988494121099786,0.43698905967654983,0.915767147691207,0.7929755604319003,0.5639931862752113,0.3694208806256484,0.8474525609121287,0.6473325226082144,2.662,Chemical Technicians,mult-5.1.0,2026-07-29
194042,42.1,55090.0,0.697124193072261,0.409111931575537,0.5353588269165521,0.8388190634460286,0.5565381456478329,0.38649279262514497,0.4184481403430061,0.5695825936943621,0.5608826546224635,2.243,"Environmental Science and Protection Technicians, Including Health",mult-5.1.0,2026-07-29
194051,5.5,110240.0,0.7525578451012985,0.6338466743747564,0.3696349340486774,0.7849457401088048,0.7560579474384679,0.706422937631515,0.32773254914076544,0.7969870533923042,0.6574027722818901,2.716,Nuclear Technicians,mult-5.1.0,2026-07-29
194061,42.3,61990.0,0.7449636710465045,0.0,0.49091049364624056,0.8714305951234492,0.49434437003842713,0.02576618617500977,0.9023488527650089,0.5715661464668716,0.46456273665991743,1.854,Social Science Research Assistants,mult-5.1.0,2026-07-29
194071,32.7,54560.0,0.7810310626190852,0.5532603028432538,0.38358098549525016,0.5448148192382308,0.8538614595712746,0.7171588485377688,0.223992439862316,0.640749413591959,0.6095279449935788,2.47,Forest and Conservation Technicians,mult-5.1.0,2026-07-29
194092,23.3,72060.0,0.6412127336774568,0.709889949138159,0.597259116412456,0.44344342888940813,0.5781932756232204,0.8631672368628235,0.3345228952858243,0.5438445701771879,0.6252492732145649,2.548,Forensic Science Technicians,mult-5.1.0,2026-07-29
194099,86.2,62280.0,0.6880206708322154,0.34054564391955233,0.4805032460372498,0.9276630046704585,0.40386662262586903,0.37933551868764226,0.5640324864871448,0.6072135277762993,0.5394466433810775,2.15,"Life, Physical, and Social Science Technicians, All Other",mult-5.1.0,2026-07-29
195011,148.4,90150.0,0.849617206264794,0.5073052843844588,0.4764588771533828,0.9944969286034789,0.5671553496725708,0.6226828325627334,0.46943832529555973,0.8518308170915423,0.689960962679115,2.897,Occupational Health and Safety Specialists,mult-5.1.0,2026-07-29
195012,34.6,61560.0,0.8039311754911083,0.4498403375421646,0.4189496650450851,0.9689377338471777,0.5782400035937243,0.7185903033252694,0.4505039010427991,0.8882255458060053,0.659485756493392,2.727,Occupational Health and Safety Technicians,mult-5.1.0,2026-07-29
211012,389.6,64330.0,0.7733347243629075,0.45637773865909287,0.2689589537719868,0.7546701490884256,0.5869522414983559,0.5797391889377173,0.9076294380639501,0.8753988600658461,0.6187363577445044,2.516,"Educational, Guidance, and Career Counselors and Advisors",mult-5.1.0,2026-07-29
211013,87.7,66940.0,0.8465662661138491,0.45817750900707305,0.4161970763679495,0.777409511289922,0.48998862745787464,0.5754448245752157,0.7554379161905536,0.7589544116122235,0.6414922752625687,2.632,Marriage and Family Therapists,mult-5.1.0,2026-07-29
211015,93.2,46850.0,0.7589470319800035,0.35080532742345205,0.37938664127088445,0.8043804509675996,0.6076038516677665,0.5167551782876937,0.6370278771888398,0.7569094014421266,0.5804901200645726,2.332,Rehabilitation Counselors,mult-5.1.0,2026-07-29
211021,413.3,59550.0,0.7948128346672798,0.6883992354866697,0.2938947762411295,0.8697469606282909,0.5881185080568074,0.6870982980002577,0.664704662401347,0.9065010882932675,0.6959478865933941,2.931,"Child, Family, and School Social Workers",mult-5.1.0,2026-07-29
211022,208.1,67880.0,0.8149100765480347,0.6562534843669732,0.3615370783798535,0.8398669536892948,0.4117517654200724,0.4995777208376874,0.6820986698651279,0.6769556479034478,0.6500827217079863,2.677,Healthcare Social Workers,mult-5.1.0,2026-07-29
211023,150.1,60280.0,0.8482185093269174,0.5482712335698087,0.39249384775678314,0.8528811937758392,0.3762093999637648,0.42657352667515974,0.7645982004073244,0.6609339448369053,0.6352656169511104,2.599,Mental Health and Substance Abuse Social Workers,mult-5.1.0,2026-07-29
211091,75.0,64070.0,0.6892204794326972,0.38951230014997695,0.4063113933883478,0.9310505259817535,0.34551791764199036,0.4809688086001802,0.7953151255093684,0.745463656046313,0.5717724115565512,2.292,Health Education Specialists,mult-5.1.0,2026-07-29
211092,94.8,66270.0,0.7320388222962521,0.8085378762960005,0.2767136086647918,0.2822382687929774,0.5282193150740332,0.6842353884252564,0.557349936740729,0.3986249042533886,0.5767450635591812,2.315,Probation Officers and Correctional Treatment Specialists,mult-5.1.0,2026-07-29
211093,478.5,45930.0,0.6836405042790179,0.5295403883453144,0.43069423615102703,0.8551203932935515,0.6250895103210472,0.45520262242517073,0.661233123446959,0.7784375229399211,0.6182254763352196,2.513,Social and Human Service Assistants,mult-5.1.0,2026-07-29
211094,72.5,51850.0,0.7532246389505048,0.49298321483224106,0.49733882509361255,0.9050550193004718,0.4674636056524031,0.45090825806266904,0.615618009384944,0.6960434932333425,0.6226918337202698,2.535,Community Health Workers,mult-5.1.0,2026-07-29
212011,264.6,60810.0,0.8282665019993641,0.2311358179290911,0.27537900153095174,0.3387005998761342,0.5249170032242966,0.5339326357377003,0.6676781384552237,0.4000600798861725,0.4613547253598155,1.842,Clergy,mult-5.1.0,2026-07-29
212021,141.8,52100.0,0.7406488648349344,0.045556997922979243,0.33900211497018634,0.10769603924693179,0.5214532666920076,0.14171402396255323,0.6554254431814255,0.0,0.30138433192526237,1.342,"Directors, Religious Activities and Education",mult-5.1.0,2026-07-29
231011,900.7,159670.0,0.9345917989841809,0.2621249519281008,0.05865324227547016,0.713484721494014,0.6227490589437957,0.7887315879127955,0.7054714432586182,0.8954128993440152,0.5814926509683773,2.337,Lawyers,mult-5.1.0,2026-07-29
231012,14.9,64920.0,0.8303150210385251,0.15432201648545973,0.19648104874096933,0.21919530958578784,0.5042614322945012,0.6083682846877279,0.6200833971699881,0.3240847305308834,0.40799240281383714,1.657,Judicial Law Clerks,mult-5.1.0,2026-07-29
231021,17.4,117860.0,0.8883920604878855,0.4358510931682685,0.0,0.42627580851265684,0.48433729496252065,0.6870982980002575,0.5458601700980824,0.4715851223946607,0.49337667203709795,1.962,"Administrative Law Judges, Adjudicators, and Hearing Officers",mult-5.1.0,2026-07-29
231022,9.5,75530.0,1.0,0.20741987351280178,0.04446532686467461,0.855260409113109,0.4406562137165889,0.48812608253768286,0.6148582316552401,0.6663255807744366,0.5273294289447445,2.099,"Arbitrators, Mediators, and Conciliators",mult-5.1.0,2026-07-29
231023,28.0,153990.0,1.0,0.6528550944746103,0.02602513355304908,0.21994879413777021,0.537428700159106,0.8817761491003303,0.5547506285084736,0.4759217786767199,0.5873992449984423,2.364,"Judges, Magistrate Judges, and Magistrates",mult-5.1.0,2026-07-29
232011,376.8,62890.0,0.7485871087882601,0.0,0.35065398141800197,0.5764336072190921,0.3217082367269678,0.5353640905252007,0.5995241513447923,0.4173009744486317,0.39903217253223633,1.628,Paralegals and Legal Assistants,mult-5.1.0,2026-07-29
232093,58.5,58650.0,0.6779106771509078,0.07904066655871142,0.31339327213427015,0.820169719482259,0.5148037166011409,0.7429250347127785,0.5718541480169411,0.8165094402296595,0.4899393842692191,1.949,"Title Examiners, Abstractors, and Searchers",mult-5.1.0,2026-07-29
251011,109.0,99080.0,0.8859305612241519,0.1282789425420206,0.2692334984879922,0.7457824609764748,0.504609832315488,0.28199659313760567,0.737185340193246,0.561801537188846,0.4921459879975606,1.958,"Business Teachers, Postsecondary",mult-5.1.0,2026-07-29
251021,47.2,96980.0,0.9121290441486605,0.12052007963745584,0.2637480123438757,0.7391595598809247,0.4310310919664734,0.2748393192001031,0.8395683217073159,0.5577695480732375,0.4959607226410466,1.972,"Computer Science Teachers, Postsecondary",mult-5.1.0,2026-07-29
251022,60.2,79940.0,0.9106800021146415,0.20015793249475647,0.2232528911641302,0.7288563355114738,0.6433715918069818,0.14171402396255323,0.7433874443909781,0.5517645781819442,0.5058352065363936,2.011,"Mathematical Science Teachers, Postsecondary",mult-5.1.0,2026-07-29
251031,11.9,96870.0,0.9448362301312697,0.28577869839854114,0.2321045162250403,0.7371688136830302,0.6686556656829662,0.1617543909875608,0.591697659158703,0.5124672085237928,0.5294332490149725,2.108,"Architecture Teachers, Postsecondary",mult-5.1.0,2026-07-29
251032,54.4,109270.0,0.9843219920157156,0.1685282919895538,0.30263098170394664,0.7108883380193302,0.7784445163395253,0.2991740505876123,0.7645797205079737,0.7230634216655284,0.5787207223592745,2.324,"Engineering Teachers, Postsecondary",mult-5.1.0,2026-07-29
251041,11.2,98700.0,1.0,0.14767477644288288,0.23634504359656813,0.6440900267463551,0.7459610910067451,0.38219842826264344,0.43075902829996043,0.5465597857098642,0.5208276492575004,2.072,"Agricultural Sciences Teachers, Postsecondary",mult-5.1.0,2026-07-29
251042,70.8,84620.0,0.9159974256108581,0.3238200207684234,0.29761775131114365,0.7456414376379609,0.7718251243250912,0.4623598963626734,0.8002646685659643,0.8580071050082375,0.6297795593896514,2.571,"Biological Science Teachers, Postsecondary",mult-5.1.0,2026-07-29
251043,1.7,101420.0,0.9480829167477332,0.3151348054788687,0.1737287127283062,0.6557057347391669,0.8528877041505268,0.4222791623126582,0.5545727333695037,0.7012430743513226,0.573265087527529,2.299,"Forestry and Conservation Science Teachers, Postsecondary",mult-5.1.0,2026-07-29
251051,14.4,103170.0,0.8858131580904082,0.39105004510906033,0.20901673883728394,0.7223849749999157,0.7532811947396343,0.31635150803761874,0.6610176472388952,0.6772293355990776,0.5746171403716137,2.305,"Atmospheric, Earth, Marine, and Space Sciences Teachers, Postsecondary",mult-5.1.0,2026-07-29
251052,26.0,93250.0,0.9111358610946491,0.35814137663229656,0.22201345446151158,0.7382919238563939,0.8117163744514186,0.42514207188765935,0.6978087492347788,0.8055863136712696,0.6086753717965886,2.466,"Chemistry Teachers, Postsecondary",mult-5.1.0,2026-07-29
251053,9.3,94980.0,0.9553449723960764,0.26051045205711865,0.24093721343601945,0.6645526477479111,0.8575111647930306,0.2991740505876123,0.5865971862522726,0.6523115793970142,0.56299644226956,2.253,"Environmental Science Teachers, Postsecondary",mult-5.1.0,2026-07-29
251054,17.5,100310.0,0.895682077192613,0.21106374678718678,0.23143677857251518,0.6782493527226783,0.8203206815539703,0.3163515080376186,0.7754934019210405,0.7400893505295694,0.552780253201476,2.207,"Physics Teachers, Postsecondary",mult-5.1.0,2026-07-29
251061,6.7,99650.0,0.8985106789339534,0.26859883173862986,0.23545391978268104,0.7264800546559133,0.6667799917857495,0.0930445611875349,0.7491949272416863,0.5378032989730822,0.5182445203146503,2.062,"Anthropology and Archeology Teachers, Postsecondary",mult-5.1.0,2026-07-29
251062,14.8,85020.0,0.9131715177815609,0.14616746877644932,0.23044781575272139,0.7364394203379899,0.6640683877635659,0.3578636968751343,0.8780667922351338,0.7621894838962405,0.547130256653185,2.183,"Area, Ethnic, and Cultural Studies Teachers, Postsecondary",mult-5.1.0,2026-07-29
251063,16.1,123920.0,0.8558399742822086,0.11726130428311678,0.22793913407384025,0.7398663508521289,0.8936069174588076,0.20899239897507835,0.8880158587043459,0.8173637125987187,0.5359960733198894,2.135,"Economics Teachers, Postsecondary",mult-5.1.0,2026-07-29
251064,4.2,97590.0,0.9359537629033768,0.1876025492767693,0.22692780447371308,0.6876747234955362,0.6836637923056548,0.1173792925750442,0.7764415403832057,0.5475897564535838,0.5099697661983439,2.028,"Geography Teachers, Postsecondary",mult-5.1.0,2026-07-29
251065,22.2,98070.0,0.8636647683601198,0.13010451842072585,0.214761325408454,0.7404948899534286,1.0,0.31205714367511705,1.0,0.9957270262392023,0.5835095817547088,2.346,"Political Science Teachers, Postsecondary",mult-5.1.0,2026-07-29
251066,54.4,80340.0,0.9428842791425621,0.13001254486250174,0.2406991318077683,0.7446381935405643,0.6024953341636883,0.2905853218626089,0.9210805298441599,0.7118562351509978,0.5414723051076973,2.159,"Psychology Teachers, Postsecondary",mult-5.1.0,2026-07-29
251067,15.7,84290.0,0.9549223136429714,0.15333412783489578,0.20614929616124766,0.7400709342252154,0.7655018211863671,0.28629095750010747,0.9116023121060255,0.7985088780727801,0.56566730480206,2.265,"Sociology Teachers, Postsecondary",mult-5.1.0,2026-07-29
251071,339.7,107310.0,0.9568076504092504,0.31768624461924105,0.4367221856523132,0.7646152519074865,0.30826034887933407,0.5367955453127012,0.5659086778485003,0.5285011265046583,0.5859335750342126,2.357,"Health Specialties Teachers, Postsecondary",mult-5.1.0,2026-07-29
251072,106.9,80250.0,0.891749710812485,0.6345933805650857,0.42981094537640185,0.769652597540745,0.06930896244726592,0.7057072102377645,0.6430226259681533,0.5271305294005522,0.6439180798104354,2.644,"Nursing Instructors and Teachers, Postsecondary",mult-5.1.0,2026-07-29
251081,76.5,75350.0,0.9900079722679721,0.22753495387258066,0.22144894092705966,0.7418920746200572,0.5706891715833027,0.5095979043501908,0.8297621222470998,0.7778093590364443,0.5926282580930597,2.389,"Education Teachers, Postsecondary",mult-5.1.0,2026-07-29
251082,5.3,80340.0,0.953459637556516,0.18382236986573577,0.24310324530498903,0.7114759870151786,0.5313953332113017,0.2948796862251106,0.9498090907314741,0.662108692133077,0.5461413058276557,2.179,"Library Science Teachers, Postsecondary",mult-5.1.0,2026-07-29
251111,16.5,76590.0,0.8608201545770148,0.28751296239929713,0.21795488781800737,0.7357449156387604,0.7202745947602586,0.47810589902517947,0.857363332284242,0.8568163743615638,0.5879193581269211,2.367,"Criminal Justice and Law Enforcement Teachers, Postsecondary",mult-5.1.0,2026-07-29
251112,30.2,128500.0,0.9024671646589116,0.14280547129921106,0.22089609400180166,0.6907030602601174,0.7819727663561273,0.44375098412516656,0.990847016373587,0.9044593341384329,0.5767355695574449,2.315,"Law Teachers, Postsecondary",mult-5.1.0,2026-07-29
251113,17.5,77570.0,0.9468246129239518,0.1792369255600363,0.2290824687918011,0.7357154782621602,0.6325293413592891,0.2805651383501052,0.8088135881031896,0.6639592287800209,0.5406629162205601,2.155,"Social Work Teachers, Postsecondary",mult-5.1.0,2026-07-29
251121,124.8,78620.0,0.9260285658316761,0.27996649886300506,0.21144097363705305,0.74902212658635,0.5576177187761037,0.17463748407506546,0.49931143947266826,0.4185616149800945,0.49472879293768834,1.968,"Art, Drama, and Music Teachers, Postsecondary",mult-5.1.0,2026-07-29
251122,36.6,78580.0,0.939114567996656,0.16445697325752348,0.2242168746596404,0.7371185977743852,0.6237764623693844,0.39651297613764874,0.7404347289783554,0.6961905895061512,0.5417396360218435,2.16,"Communications Teachers, Postsecondary",mult-5.1.0,2026-07-29
251123,72.2,78760.0,0.9197825009741101,0.09179455385919644,0.1842240162992276,0.7390196805239808,0.6196314029505766,0.15173420747505711,0.904845727101217,0.6277045710032223,0.4926543347676832,1.96,"English Language and Literature Teachers, Postsecondary",mult-5.1.0,2026-07-29
251124,26.4,79350.0,0.9340917171635453,0.07668045301781243,0.18836492369410646,0.7448679799534674,0.4792345683738126,0.2161496729125811,0.8849379125686615,0.577200127176735,0.4813706449365217,1.916,"Foreign Language and Literature Teachers, Postsecondary",mult-5.1.0,2026-07-29
251125,24.6,83820.0,0.8901629762813618,0.08906909280650126,0.17440525874076226,0.7400530246146335,0.6701638681500051,0.3507064229376315,0.935711334949613,0.7915737788648306,0.5220906625503939,2.077,"History Teachers, Postsecondary",mult-5.1.0,2026-07-29
251126,27.5,80260.0,0.9002651548481847,0.062082462790922784,0.20265187424336453,0.7159904735810748,0.6634175703819707,0.42514207188765935,0.8941182173259321,0.7948696373141768,0.5248479463294032,2.089,"Philosophy and Religion Teachers, Postsecondary",mult-5.1.0,2026-07-29
251192,3.3,75870.0,0.9029033598888638,0.10099521808297018,0.17535415170627197,0.6804206756154205,0.5655598781221052,0.45520262242517073,0.6875452615911635,0.6308207069147392,0.48889581955734096,1.945,"Family and Consumer Sciences Teachers, Postsecondary",mult-5.1.0,2026-07-29
251193,15.7,77270.0,0.9148377913143084,0.2747061406768127,0.2096807608323187,0.7254979028312434,0.5841944092398479,0.5439528192502039,0.6622056476410639,0.7148299454800928,0.5637715110999826,2.256,"Recreation and Fitness Studies Teachers, Postsecondary",mult-5.1.0,2026-07-29
251194,123.0,63820.0,0.862511098304154,0.32672016541371696,0.19688788355295134,0.7851085531798915,0.5832260656752624,0.35643224208763374,0.3891982400259066,0.5153088924473268,0.5086381706670974,2.023,"Career/Technical Education Teachers, Postsecondary",mult-5.1.0,2026-07-29
252011,578.1,38140.0,0.6104282348610545,0.45272724858195806,0.44044440619906516,0.7022960201113377,0.42928737721369015,0.4666542607251749,0.5353196833494877,0.499724645776339,0.5093303252877037,2.025,"Preschool Teachers, Except Special Education",mult-5.1.0,2026-07-29
252012,115.2,62680.0,0.7600819585774222,0.5871899439843314,0.36266684292481177,0.5828104631791095,0.39748817720123997,0.4580655320001717,0.7044042963994496,0.4708682187300041,0.5650724968367729,2.262,"Kindergarten Teachers, Except Special Education",mult-5.1.0,2026-07-29
252021,1394.8,63970.0,0.758725871306715,0.7144370159879089,0.13438576768985933,0.5666205449064134,0.4754081383471117,0.40080734050015027,0.6752845023999577,0.4577426227703307,0.5475398246195462,2.185,"Elementary School Teachers, Except Special Education",mult-5.1.0,2026-07-29
252022,621.3,64370.0,0.7039872383848509,0.49953252619411886,0.13411072718821523,0.5675130925874964,0.42777626455463025,0.3392547846376271,0.860217750637036,0.48144109085535897,0.4832617212154678,1.923,"Middle School Teachers, Except Special and Career/Technical Education",mult-5.1.0,2026-07-29
252023,13.8,65030.0,0.872060677454308,0.5329943593807766,0.1342642187159666,0.5188281129485485,0.4250339836388053,0.5697190054252135,0.5564858097046568,0.43760242312277114,0.5311202426053726,2.115,"Career/Technical Education Teachers, Middle School",mult-5.1.0,2026-07-29
252031,1076.7,72040.0,0.7498133498191695,0.48132242334604386,0.12077643928369708,0.5800535788694234,0.46575680154234234,0.3278031463376229,0.7402569638417216,0.4490815008650215,0.4817002738552566,1.918,"Secondary School Teachers, Except Special and Career/Technical Education",mult-5.1.0,2026-07-29
252032,101.5,66270.0,0.8428675261510326,0.633113863470202,0.11647040891811901,0.5329452846424304,0.45130312932664185,0.5883279176627209,0.4884024379633811,0.4419764184486268,0.5449269101086407,2.173,"Career/Technical Education Teachers, Secondary School",mult-5.1.0,2026-07-29
252051,29.7,64830.0,0.7669530679047922,0.48405119280011394,0.20104514104640842,0.781429532405115,0.5007161619016562,0.4738115346626778,0.5220134226220808,0.5966414862565267,0.5404681183448795,2.154,"Special Education Teachers, Preschool",mult-5.1.0,2026-07-29
252057,93.0,66810.0,0.770839220119619,0.7318418539413178,0.14774644279236146,0.5310923583794628,0.4851847370085185,0.31921441761261987,0.6209534450842379,0.3637923253710761,0.5347095994224564,2.13,"Special Education Teachers, Middle School",mult-5.1.0,2026-07-29
252058,161.5,74260.0,0.7778212260637921,0.5636632401266896,0.15609707542638546,0.5693975247307795,0.4913073552034055,0.5797391889377173,0.6563502724136183,0.5666266024797516,0.547138243556025,2.183,"Special Education Teachers, Secondary School",mult-5.1.0,2026-07-29
252059,41.5,76580.0,0.7950587185474728,0.7094148627007143,0.19348004031989852,0.7531151029626413,0.5624626262760488,0.2963111410126112,0.40813159209716265,0.45335755939616024,0.5679067291524402,2.275,"Special Education Teachers, All Other",mult-5.1.0,2026-07-29
253011,35.3,61540.0,0.726628728303462,0.2591672410988832,0.21716268782832476,0.7841680908479272,0.3843807219479062,0.3249402367626218,0.7848258342306702,0.565900501296383,0.46768809165552006,1.865,"Adult Basic Education, Adult Secondary Education, and English as a Second Language Instructors",mult-5.1.0,2026-07-29
253021,433.0,46800.0,0.7409884128134329,0.002160035407305463,0.4620782663750597,0.8152909564177169,0.3952915442183774,0.2748393192001031,0.6052198608630197,0.47932008554361805,0.4350822073567726,1.748,Self-Enrichment Teachers,mult-5.1.0,2026-07-29
253031,518.5,41670.0,0.6118338187560423,0.22426029819164178,0.4331332028890814,0.6709984794813091,0.39918667577052824,0.07300419416252751,0.5396432831490371,0.22733098180288605,0.38307460620326095,1.577,"Substitute Teachers, Short-Term",mult-5.1.0,2026-07-29
253041,216.8,43350.0,0.5840143019123092,0.13248789077124967,0.6810846732728566,0.7857340272262723,0.3992509041917678,0.01717745745000645,0.9630640386337819,0.4775974454567639,0.46394255928526745,1.851,Tutors,mult-5.1.0,2026-07-29
254011,9.7,64550.0,0.8351201041779557,0.13378015234831034,0.437399700996258,0.9374334588957014,0.5008136451609453,0.26052477132509777,0.4679928820405232,0.5554708890876147,0.5103287318116195,2.029,Archivists,mult-5.1.0,2026-07-29
254012,16.2,63420.0,0.9308786265001441,0.21089832671843847,0.463902163495517,0.7913663579796053,0.8847819037404913,0.3879242474126453,0.35809430956911575,0.7031167220473421,0.6005477828405917,2.427,Curators,mult-5.1.0,2026-07-29
254013,16.5,51440.0,0.8828410661008024,0.21432715390345095,0.4647613201087156,0.790439391676369,0.7231786931631619,0.43945661976266487,0.14111328087188,0.5336962029658188,0.5448104230693013,2.173,Museum Technicians and Conservators,mult-5.1.0,2026-07-29
254022,144.5,68270.0,0.7629725075794134,0.3041337092268395,0.3153107117580718,0.8153211893208745,0.4281628153318642,0.2462102234500923,0.600010493313767,0.4793861008132276,0.48783384713545513,1.941,Librarians and Media Collections Specialists,mult-5.1.0,2026-07-29
254031,73.2,44580.0,0.6238887145914223,0.3012620168333713,0.625511935997266,0.7729225000853126,0.2154001320739981,0.32064587240012027,0.3881171245428797,0.265968333805293,0.454076589236546,1.815,Library Technicians,mult-5.1.0,2026-07-29
259021,12.1,60220.0,0.820986968330204,0.2693518238915717,0.2536042746170417,0.6967886719003598,0.507297984744957,0.27197640962510194,0.47223381494987066,0.39635655445838075,0.46344404000995765,1.849,Farm and Home Management Educators,mult-5.1.0,2026-07-29
259031,235.5,77440.0,0.8825701289154279,0.3023180585522595,0.30849657079183085,0.791237194672366,0.4362094438280478,0.23475858515008813,0.7756606046658193,0.5437673484232786,0.5379917045768791,2.144,Instructional Coordinators,mult-5.1.0,2026-07-29
259044,199.6,42910.0,0.734923240364065,0.1524693117154801,0.47714309320204,0.714268972828528,0.42551240956326464,0.17463748407506546,0.743953198848109,0.4315934160954522,0.4619212727023606,1.844,"Teaching Assistants, Postsecondary",mult-5.1.0,2026-07-29
271011,140.7,114850.0,0.8286344232717119,0.11477007804776902,0.31546742174247894,0.88451656468446,0.4809937814075109,0.2748393192001031,0.7411266224798695,0.6444155862630201,0.5014802274077066,1.994,Art Directors,mult-5.1.0,2026-07-29
271012,11.9,46080.0,0.65956437336745,0.006405376051658958,0.2742411217673347,0.7981105332480142,1.0,0.0,0.46136856134110527,0.5948409622906168,0.40302912094927085,1.641,Craft Artists,mult-5.1.0,2026-07-29
271013,26.2,55490.0,0.7384877031545467,0.0,0.23508234282332374,0.8960219149172052,0.754432651241697,0.26052477132509777,0.373200869054666,0.631677956278731,0.4264822685807115,1.719,"Fine Artists, Including Painters, Sculptors, and Illustrators",mult-5.1.0,2026-07-29
271014,58.0,102030.0,0.7089064487239316,0.0,0.2789483086910506,0.825978483300036,0.6707395778310532,0.5911908272377218,0.7459042267455916,0.9059960285695675,0.4949606034977815,1.969,Special Effects Artists and Animators,mult-5.1.0,2026-07-29
271021,31.6,83910.0,0.772735215544846,0.21822378904288292,0.26321040033781784,0.9588257597295643,0.781215995157219,0.6140941038377303,0.5103317541161805,0.9680713764108327,0.5810364360944463,2.335,Commercial and Industrial Designers,mult-5.1.0,2026-07-29
271022,26.2,80960.0,0.8145390199889235,0.22198080964429165,0.2913550192673467,0.8761798105797783,0.5768292364199568,0.14171402396255323,0.6365560641075275,0.5665076691360679,0.4997548295452363,1.987,Fashion Designers,mult-5.1.0,2026-07-29
271023,41.2,37360.0,0.7098901068777924,0.43279545365835165,0.37383079199660163,0.6177451519337732,0.3143825808410706,0.21328676333758015,0.36128411288941004,0.13742756403181994,0.4302889448852009,1.732,Floral Designers,mult-5.1.0,2026-07-29
271024,271.5,62960.0,0.8388150786297456,0.052492068885177816,0.22370183643253166,0.9347755591230029,0.5598974084456421,0.2175811277000816,0.6211101742554397,0.6360525252606822,0.46852103941189494,1.868,Graphic Designers,mult-5.1.0,2026-07-29
271025,89.9,67190.0,0.803092467771818,0.18162956143440978,0.30049367382640735,0.7720053440976336,0.7142485153374796,0.35643224208763374,0.6231097025475671,0.6952359412667629,0.5202428507721201,2.07,Interior Designers,mult-5.1.0,2026-07-29
271026,199.3,39390.0,0.5124066532305601,0.4515560744952209,0.3862899113834611,0.8654491986630376,0.2720517585660015,0.28915386707510854,0.42318329042015695,0.3636843764537818,0.43479009098311094,1.747,Merchandise Displayers and Window Trimmers,mult-5.1.0,2026-07-29
271027,32.0,75240.0,0.8203268077353184,0.24178423859454914,0.24779581780840546,0.8971187650220035,0.75514696017862,0.26052477132509777,0.5229072208298968,0.7041393074360199,0.5321380923899189,2.119,Set and Exhibit Designers,mult-5.1.0,2026-07-29
272011,57.1,,0.6268334033055439,0.3012104057719217,0.38123891572867025,0.8882803656774021,0.7077753762061713,0.2705449548376015,0.3595223284763343,0.597843721159856,0.4890613358703417,1.946,Actors,mult-5.1.0,2026-07-29
272012,175.2,90360.0,0.7779850639806387,0.21298692050645307,0.25371103455827215,0.8869381610637618,0.1497564560254283,0.629482242803361,0.6359727509041554,0.6100210343743608,0.4898897148260495,1.949,Producers and Directors,mult-5.1.0,2026-07-29
272021,20.2,66710.0,0.8601742933349957,0.4384481882476146,0.41139100616956314,0.4384066422165581,0.5270314342992787,0.4866946277501825,0.2233440335219713,0.23291486420420832,0.508171252347367,2.021,Athletes and Sports Competitors,mult-5.1.0,2026-07-29
272022,326.0,47320.0,0.7914871281059914,0.5103873911053748,0.5402351326893475,0.8455080082655745,0.48369954420422445,0.4294364362501611,0.43188101725571215,0.5629656924038979,0.6138314358469852,2.491,Coaches and Scouts,mult-5.1.0,2026-07-29
272023,20.4,40710.0,0.732723132639296,0.4281259759577279,1.0,0.8696963142535645,0.48326893820859007,0.26052477132509777,0.4780194416748307,0.5014453562489716,0.6522097728434636,2.688,"Umpires, Referees, and Other Sports Officials",mult-5.1.0,2026-07-29
272031,12.9,,0.524180493750323,0.5296819879241628,0.5730157225114906,0.782240942959718,0.6790127385958311,0.3807669734751429,0.41192459497862904,0.5955436072811356,0.5531636914287197,2.209,Dancers,mult-5.1.0,2026-07-29
272032,4.9,55310.0,0.8770089426587454,0.4764617200459473,0.6080434719451773,0.7811560004915395,0.6500039920333907,0.12310511172504619,0.49921441097141883,0.4657625025101084,0.620267432825673,2.523,Choreographers,mult-5.1.0,2026-07-29
272041,47.2,73710.0,0.9263102597213101,0.23456398343382856,0.2804404677649081,0.5812750821269153,0.6836597485928687,0.36072660645013527,0.5937043842775198,0.5294285356825804,0.5249793012484768,2.089,Music Directors and Composers,mult-5.1.0,2026-07-29
272042,171.6,,0.8453309512098983,0.04232799818101446,0.40391811864662047,0.6436305278688698,0.6645548729969657,0.19754076067507398,0.38319847924687356,0.3653024730253093,0.4362905268938746,1.753,Musicians and Singers,mult-5.1.0,2026-07-29
273011,22.8,47340.0,0.738375944482509,0.15654327716861013,0.2668758981174604,0.7351409157408967,0.6691801667539458,0.7271790320502726,0.6976410880087245,0.8981506454701181,0.5385614436279268,2.146,Broadcast Announcers and Radio Disc Jockeys,mult-5.1.0,2026-07-29
273031,331.0,74750.0,0.785688893296906,0.20101216172977213,0.3028564429710544,0.9730729188869869,0.42012351349655064,0.5754448245752155,0.8753433367370357,0.9141482503687991,0.5750680596079255,2.307,Public Relations Specialists,mult-5.1.0,2026-07-29
273041,116.5,77920.0,0.8412617333794742,0.17244279249641067,0.2570056983328574,0.8722913134497505,0.5876048623492056,0.5611302767002104,0.6087560624251089,0.8064393482397703,0.548500194864459,2.189,Editors,mult-5.1.0,2026-07-29
273042,56.9,90390.0,0.7812718410840666,0.056538905447033466,0.23600029653050364,0.9371109553045207,0.3535015672306062,0.34211769421262844,0.710533880917847,0.6315798484213693,0.4536113000984214,1.814,Technical Writers,mult-5.1.0,2026-07-29
273043,140.3,76910.0,0.7147667171323027,0.004629757033716104,0.347834516005878,0.9541343949974866,0.4117930352660334,0.17821612104381698,0.8418393643887212,0.6433968343340012,0.4460035661827957,1.787,Writers and Authors,mult-5.1.0,2026-07-29
273091,76.6,60170.0,0.7870388603373466,0.3964797934456507,0.29899550130410174,0.8899071678678435,0.5414271674624502,0.7486508538627804,0.6172523189994115,0.9071505208179423,0.6218183369279225,2.531,Interpreters and Translators,mult-5.1.0,2026-07-29
273092,17.7,72420.0,0.570704774475275,0.15150392019426576,0.3045359638052076,0.6469021191826447,0.41165828989913944,0.2905853218626089,0.519034565926567,0.3371871438648556,0.35429139111840435,1.49,Court Reporters and Simultaneous Captioners,mult-5.1.0,2026-07-29
274011,95.4,58100.0,0.7126776799857928,0.28502835296669937,0.251743907698891,0.969914328962177,0.8017592619311811,0.4065331596501525,0.4143229296117557,0.8190273707178873,0.5401660164566626,2.153,Audio and Video Technicians,mult-5.1.0,2026-07-29
274012,24.2,59570.0,0.7131152440378348,0.1319956006466548,0.16950794006860717,0.7957989002203222,0.7987558237637143,0.6083682846877281,0.39970440805726754,0.8060566516746273,0.4823492243053924,1.92,Broadcast Technicians,mult-5.1.0,2026-07-29
274014,16.6,73130.0,0.7107144294478477,0.2157788804267848,0.17226470249250528,0.8781269632495379,0.6840867395910035,0.3550007873001332,0.5844769505785045,0.7338158685487783,0.4850659565767461,1.93,Sound Engineering Technicians,mult-5.1.0,2026-07-29
274021,154.0,44660.0,0.6324772650745836,0.1976356072864844,0.26307630492931144,0.8139010531182491,0.7709481210428282,0.29344823143761,0.5197778733566399,0.6722265404271793,0.45982397743665326,1.836,Photographers,mult-5.1.0,2026-07-29
274031,36.9,74990.0,0.5258836892576981,0.31745730324409355,0.23711743586844902,0.8706745986091698,0.8695186032670306,0.48240026338768077,0.4475835308406764,0.8494570290749176,0.496917177030752,1.976,"Camera Operators, Television, Video, and Film",mult-5.1.0,2026-07-29
274032,45.2,75420.0,0.7675650995221666,0.05984399842062235,0.27522115682160236,0.8046558921224063,0.7082793510415658,0.157460026625059,0.5833068698192343,0.5776735802834959,0.444693155897,1.782,Film and Video Editors,mult-5.1.0,2026-07-29
291011,62.6,79200.0,0.8452225260164514,0.5781593315912306,0.16977027772903863,0.5133105046877671,0.7683969582248468,0.8302437767503111,0.3432140026751621,0.6914340286536581,0.6049191534119653,2.448,Chiropractors,mult-5.1.0,2026-07-29
291021,135.2,170950.0,0.879640400004585,1.0,0.028790904235308057,0.4002789602158886,0.6647060536541451,0.9948610773128728,0.46793450322706576,0.7063462215818277,0.6962368562438941,2.933,"Dentists, General",mult-5.1.0,2026-07-29
291022,6.4,352220.0,1.0,1.0,0.040507670166992325,0.35901742456037544,0.7792952404913376,0.9805465294378672,0.4507948960155493,0.7283883016582516,0.7401986094479613,3.2,Oral and Maxillofacial Surgeons,mult-5.1.0,2026-07-29
291023,6.2,289140.0,0.9205380457527004,0.6834803043223739,0.04895261732554491,0.32791595693397374,0.7437489178795452,0.7142959389627679,0.4878902476354407,0.5442879567519434,0.5928940024594984,2.39,Orthodontists,mult-5.1.0,2026-07-29
291024,0.9,311180.0,0.9417095541599705,0.7841503264005938,0.02748534675714693,0.31572492089552684,0.7651598359310291,0.8359695959003131,0.3907082858276943,0.5744573354209754,0.6276618510548129,2.561,Prosthodontists,mult-5.1.0,2026-07-29
291031,95.9,76400.0,0.7728120909416871,0.37689141058476555,0.21978857485690298,0.8834954032463378,0.2613285770393199,0.2419158590875907,0.7730439626118454,0.5086020650554276,0.49717471116393497,1.977,Dietitians and Nutritionists,mult-5.1.0,2026-07-29
291041,51.6,136570.0,0.8413709337204441,0.6252967727014382,0.16080455041067923,0.6651616042312629,0.7009730468583433,0.7286104868377732,0.6183189641887225,0.8302031640904061,0.6484471743962301,2.668,Optometrists,mult-5.1.0,2026-07-29
291051,350.5,140910.0,0.8303454950382545,0.7836368625071992,0.09154561507220418,0.8696809352595251,0.2748053662094503,1.0,0.41623850060503426,0.7879507594640668,0.6603096770187337,2.732,Pharmacists,mult-5.1.0,2026-07-29
291071,195.8,135880.0,0.7341403821804331,0.9572822787538172,0.37878963500948054,0.6999107377211572,0.09508926811338103,0.7643968565252867,0.5659388184335827,0.4909060884498575,0.6580471334569448,2.719,Physician Assistants,mult-5.1.0,2026-07-29
291081,9.9,160300.0,0.9550877103447085,0.9069323799085202,0.008817412018724309,0.6736480393838681,0.6858411737842556,0.8731874203753273,0.324764448864429,0.7735558417722654,0.7084118509273538,3.005,Podiatrists,mult-5.1.0,2026-07-29
291122,182.1,100330.0,0.7560448532312708,0.4478867265302485,0.2753917560980516,0.834905423602307,0.2330750745557818,0.5468157288252051,0.5441669075662474,0.5295658940029987,0.5262549623223034,2.094,Occupational Therapists,mult-5.1.0,2026-07-29
291123,296.4,102760.0,0.7737376026101245,0.690949351266492,0.18530475128110457,0.771272513093166,0.27954588539372405,0.8388325054753144,0.45634083475469905,0.6437158141335333,0.6028485223892646,2.438,Physical Therapists,mult-5.1.0,2026-07-29
291124,19.6,105310.0,0.7275214788145916,0.9783111395733617,0.08610644652961841,0.6964388896717769,0.5394746753872338,0.8603043272878225,0.33219889108903483,0.6986210737292083,0.6547107862759437,2.701,Radiation Therapists,mult-5.1.0,2026-07-29
291125,16.6,61960.0,0.7171023205058892,0.6400926053305505,0.26048494476686673,0.8364074820318855,0.4378615916240315,0.26481913568759924,0.4420221994028043,0.43608656561433723,0.536272477841362,2.136,Recreational Therapists,mult-5.1.0,2026-07-29
291126,156.4,82280.0,0.6088103220504386,1.0,0.25661233908359293,0.6835672979430883,0.14793842894715015,0.9433287049628536,0.5064106023518841,0.5888016349894117,0.6311659731792031,2.578,Respiratory Therapists,mult-5.1.0,2026-07-29
291127,215.5,97870.0,0.8134914307967244,0.48569083652154593,0.31731872625168156,0.8621739986786413,0.3760867075541169,0.6369973804377387,0.642644138662877,0.7346409071046744,0.6125941103959087,2.485,Speech-Language Pathologists,mult-5.1.0,2026-07-29
291128,26.1,59460.0,0.7398953066093976,0.527477930928162,0.2692310528771759,0.740633622927529,0.47228838484320534,0.39794443092514914,0.48840196488183135,0.48946910697111196,0.530051562033073,2.11,Exercise Physiologists,mult-5.1.0,2026-07-29
291129,62.5,77930.0,0.7796561696113051,0.6040766862824208,0.295045030510806,0.8184956864773555,0.37178878769876667,0.3492749681501311,0.6407645119639639,0.5288277797894234,0.5761319735035138,2.312,"Therapists, All Other",mult-5.1.0,2026-07-29
291131,94.7,130100.0,0.9572424948096262,1.0,0.10734214314133417,0.5740470843316375,0.6317461911744562,0.9204254283628449,0.31516282550889546,0.6937982329031521,0.7320907352969427,3.149,Veterinarians,mult-5.1.0,2026-07-29
291141,3557.1,97550.0,0.7855170545223658,0.904155175458321,0.1567243292760098,0.775105594130728,0.0,0.7881590059977954,0.5983362764039692,0.5175741804586299,0.6224323211911494,2.534,Registered Nurses,mult-5.1.0,2026-07-29
291151,58.5,236590.0,0.8750745120371084,1.0,0.166123589009501,0.6916711700463373,0.11892241962707562,0.9175625187878439,0.4331108187828187,0.5271076877768727,0.6775239933572509,2.826,Nurse Anesthetists,mult-5.1.0,2026-07-29
291161,9.5,134040.0,0.7856167387701204,0.8230333060802661,0.22712606209485992,0.6655863720031575,0.081736280520331,0.9977239868878741,0.5428689413645854,0.5862925813363804,0.6334417059041697,2.59,Nurse Midwives,mult-5.1.0,2026-07-29
291171,448.8,132300.0,0.8433600074631752,0.8767246903142769,0.4154818099371383,0.7296986408840956,0.04865172732296974,0.9046794257003388,0.6450411438540941,0.6056540063596676,0.7066990383948664,2.995,Nurse Practitioners,mult-5.1.0,2026-07-29
291181,17.3,95780.0,0.8509244791834255,0.4900519712140234,0.14897701582261164,0.7922047802509382,0.7452580796586304,0.5997795559627248,0.5929023523474652,0.8585061265369366,0.62221227135729,2.533,Audiologists,mult-5.1.0,2026-07-29
291211,46.7,391490.0,0.9947599945205458,0.9247302559452746,0.013278981051624457,0.5127686071084148,0.4433198064893139,0.9991554416753747,0.3630148167547017,0.6075619818607086,0.6841568540179844,2.864,Anesthesiologists,mult-5.1.0,2026-07-29
291213,11.6,328730.0,0.9525796435462062,0.6916004446570851,0.083339262691263,0.4394365340061505,0.7067461101770736,0.8560099629253209,0.546443146916698,0.7140715139935533,0.653859735264774,2.697,Dermatologists,mult-5.1.0,2026-07-29
291214,37.1,335550.0,0.984770429028154,1.0,0.0062965587307202255,0.6771161540169979,0.32235166921128566,1.0,0.41752488421984774,0.679372419123022,0.7165335452353456,3.053,Emergency Medicine Physicians,mult-5.1.0,2026-07-29
291215,119.1,244180.0,0.8846190975045763,0.6902691439437995,0.006762242079740006,0.610435017467224,0.33067123458126413,1.0,0.5200491367731318,0.6855131768776422,0.6106837578726814,2.476,Family Medicine Physicians,mult-5.1.0,2026-07-29
291216,75.6,256560.0,0.9526153381285021,0.8003330408860909,0.01416621358725996,0.674493095503155,0.5408407339552016,0.8445583246253167,0.47644623323034224,0.7430531297992139,0.6744643868273288,2.809,General Internal Medicine Physicians,mult-5.1.0,2026-07-29
291217,8.8,248560.0,1.0,0.5869973950243085,0.06965777075180668,0.6546407613273674,0.7314144953630122,1.0,0.6647905511977548,1.0,0.7106809029064385,3.018,Neurologists,mult-5.1.0,2026-07-29
291218,21.7,292910.0,0.9931615244083111,0.7923147993137288,0.0,0.6125616835363255,0.5431851080934892,0.9032479709128386,0.3991279837872136,0.6983501983959782,0.6706147067499201,2.788,Obstetricians and Gynecologists,mult-5.1.0,2026-07-29
291221,46.8,210040.0,0.9387185515815953,0.8303336245542615,0.0,0.6202285114533325,0.43839034570833935,0.8545785081378204,0.4843782497529988,0.6530966209567466,0.6524731268522306,2.69,"Pediatricians, General",mult-5.1.0,2026-07-29
291222,13.1,312400.0,0.9774291786068263,0.5934037834467881,0.03819662756623824,0.6747899891567796,0.8103075060796872,0.9733892555003646,0.40601963306170114,0.9467094054046735,0.6858963763081609,2.874,"Physicians, Pathologists",mult-5.1.0,2026-07-29
291223,28.8,281870.0,0.9836196797959595,0.6910684537159906,0.06405076797413317,0.8147998646473329,0.24416475391754544,0.7873001331252952,0.7171008075512365,0.7471925062846715,0.66746129753378,2.771,Psychiatrists,mult-5.1.0,2026-07-29
291224,29.0,420860.0,1.0,0.724343031384825,0.0062965587307202255,0.6734671231850811,0.7253513581661183,0.824517957600309,0.37841401264509744,0.7935121512661351,0.680723107408884,2.844,Radiologists,mult-5.1.0,2026-07-29
291229,349.3,265930.0,0.9809151434209679,0.7643688431794564,0.003942248950006162,0.7822987360810106,0.0,0.9087352142649239,0.5252651377358052,0.5596669778843878,0.6260719480822526,2.552,"Physicians, All Other",mult-5.1.0,2026-07-29
291241,13.1,300080.0,0.980358512375716,0.8552220664178382,0.025131036976432822,0.48040875756205803,0.7177739328397427,1.0,0.40366215215211626,0.7675923569746158,0.7048373669561149,2.983,"Ophthalmologists, Except Pediatric",mult-5.1.0,2026-07-29
291291,16.4,76040.0,0.8100429086099455,0.48883117110666136,0.18745808807172298,0.6137515304544268,0.6398743958847158,0.5310697261626992,0.4890138061186212,0.5780811510564242,0.5472325707380996,2.183,Acupuncturists,mult-5.1.0,2026-07-29
291292,237.2,98100.0,0.6424130594799586,0.6601918053637299,0.23672379763254847,0.3709563704035706,0.26961898810419593,0.7200217581127698,0.5901418788575714,0.34500949552537036,0.4913690025927724,1.955,Dental Hygienists,mult-5.1.0,2026-07-29
291299,42.2,115210.0,0.8091154733531674,0.5244226222583831,0.1406737045801941,0.6095322865277516,0.37834973216370527,0.6341344708627377,0.6533514775625121,0.5590115426265352,0.5417279241432186,2.16,"Healthcare Diagnosing or Treating Practitioners, All Other",mult-5.1.0,2026-07-29
292031,66.6,74310.0,0.6349261588371272,0.8284359255255822,0.15334706909309712,0.6538743340167444,0.6913713471144719,0.7701226756752887,0.4072426210267049,0.7406671501077675,0.613423030378095,2.489,Cardiovascular Technologists and Technicians,mult-5.1.0,2026-07-29
292032,101.7,96590.0,0.7057215330696078,0.7347724358792608,0.27093302573018324,0.7076385402743802,0.7203170462890773,0.6913926623627591,0.40775274486794183,0.7496750706083941,0.6370149416888328,2.608,Diagnostic Medical Sonographers,mult-5.1.0,2026-07-29
292033,20.6,101370.0,0.6876052992636119,0.8308451034068309,0.08819038619430476,0.6675827292455518,0.7896758925324671,0.877481784737829,0.40082793438935144,0.8697588911405508,0.64907066565479,2.671,Nuclear Medicine Technologists,mult-5.1.0,2026-07-29
292034,237.8,80110.0,0.6123495521895984,0.9720430423283555,0.1549546733647855,0.7297336909410199,0.6945100077409676,0.7887315879127955,0.36719250634664724,0.7887020173146645,0.6548820652405917,2.702,Radiologic Technologists and Technicians,mult-5.1.0,2026-07-29
292035,47.2,95480.0,0.6501883285515474,0.5880402031376969,0.19199702992914658,0.697342501934346,0.7196034530002178,0.6112311942627292,0.5081467888531153,0.7419913488483667,0.5659637925478094,2.266,Magnetic Resonance Imaging Technologists,mult-5.1.0,2026-07-29
292036,4.9,147470.0,0.8071322466471321,0.2993060899404926,0.08007268687951205,0.7396076671269353,0.7799792291188024,0.8173606836628062,0.7538156373487856,1.0,0.5829807338551651,2.344,Medical Dosimetrists,mult-5.1.0,2026-07-29
292051,31.7,37640.0,0.5505556580741984,0.7254447290426882,0.4843930427059886,0.7442084025824592,0.2882498453886181,0.4866946277501825,0.5126967884980961,0.4468934065582251,0.5551298398636856,2.218,Dietetic Technicians,mult-5.1.0,2026-07-29
292052,521.8,45750.0,0.4323170127792945,0.7852943715960562,0.3729771094762937,0.8088068828930945,0.4033189628032453,0.6971184815127612,0.663869866606971,0.7586131518848578,0.5902674065992756,2.378,Pharmacy Technicians,mult-5.1.0,2026-07-29
292053,173.3,45130.0,0.535394594341503,0.8018899745731487,0.5225551281494574,0.8369117647683672,0.2519085525126772,0.23475858515008813,0.5984329513261821,0.3823752717319032,0.5611957155086054,2.245,Psychiatric Technicians,mult-5.1.0,2026-07-29
292055,120.8,64650.0,0.5708465513674309,0.8562609044495767,0.17534222659884602,0.6925981878504603,0.6704697197810845,0.9218568831503454,0.46605095134432156,0.8741411698386484,0.6389229293020547,2.618,Surgical Technologists,mult-5.1.0,2026-07-29
292056,146.4,47380.0,0.5336833944098306,0.8834566254320532,0.4231451158680485,0.581888068359442,0.5630403741987372,0.7271790320502726,0.4228440827804267,0.5948010211623347,0.6142984531451559,2.494,Veterinary Technologists and Technicians,mult-5.1.0,2026-07-29
292057,94.4,45570.0,0.4942518353464476,0.5760313678268539,0.7184181033491748,0.604038219198117,0.5511187198876528,0.6713522953377515,0.664272732206812,0.6852171925676944,0.6072713113724063,2.459,Ophthalmic Medical Technicians,mult-5.1.0,2026-07-29
292061,668.5,64400.0,0.5055757325319155,0.8909005285257215,0.2671742741281408,0.8005609306019895,0.07263167653624669,0.7114330293877668,0.6851607927401676,0.5746361103651481,0.5714917343079202,2.291,Licensed Practical and Licensed Vocational Nurses,mult-5.1.0,2026-07-29
292081,82.2,47260.0,0.6643946052920124,0.39930450653959465,0.2772802469200598,0.7577927130197806,0.5776876433167019,0.5153237235001932,0.6413706717283807,0.7070659077288297,0.5313670345387218,2.116,"Opticians, Dispensing",mult-5.1.0,2026-07-29
292091,11.5,81110.0,0.8335268881085058,0.7648398492552054,0.37794510773512285,0.8827857749717913,0.7306865915811898,0.621251377775233,0.3858797111984638,0.8287467682314638,0.7240437423512436,3.099,Orthotists and Prosthetists,mult-5.1.0,2026-07-29
292092,12.6,65160.0,0.7701081153858899,0.21940290329292006,0.44336211853334445,0.7702755412686614,0.5722752186498813,0.6269771969252352,0.4471983073917994,0.6867679969159194,0.5462475833746457,2.179,Hearing Aid Specialists,mult-5.1.0,2026-07-29
292099,188.1,50290.0,0.7131657018150571,0.6463062242329155,0.25355083011375756,0.7670278770264544,0.15852012650710634,0.5468157288252051,0.5425723368398804,0.43599120349389947,0.5352342334989724,2.132,"Health Technologists and Technicians, All Other",mult-5.1.0,2026-07-29
299091,37.6,62520.0,0.7504128297037876,0.716561009670636,0.2817080848001292,0.9003257276331541,0.4480559526096207,0.8416954150503156,0.5105683813569947,0.8636176869304324,0.6765101400214293,2.821,Athletic Trainers,mult-5.1.0,2026-07-29
299092,4.3,100040.0,0.7704354598575248,0.19844815066417534,0.2894604623011478,0.7874152913223649,0.22483985252804517,0.5797391889377173,0.8733526787026529,0.6670265187956945,0.5053913977824545,2.01,Genetic Counselors,mult-5.1.0,2026-07-29
299093,26.6,66800.0,0.7924149327935811,0.9161866402345689,0.19314469820411725,0.6804844831151825,0.3421240324848345,0.6226828325627334,0.24472733526348195,0.3868150260131557,0.6021038360408288,2.434,Surgical Assistants,mult-5.1.0,2026-07-29
299099,43.1,65790.0,0.7377847095779712,0.4666093007513053,0.17633767483787344,0.901411801360415,0.14859096108250303,0.8445583246253167,0.5552433346089989,0.70919517929123,0.5505540678515999,2.198,"Healthcare Practitioners and Technical Workers, All Other",mult-5.1.0,2026-07-29
311131,1474.0,42260.0,0.47684543407171637,0.8297480375108928,0.5419120793632682,0.7602607212568113,0.12977045535904874,0.5468157288252051,0.6043267443878207,0.4434477737896977,0.5697349989193161,2.283,Nursing Assistants,mult-5.1.0,2026-07-29
311132,55.8,38290.0,0.1115993694102901,0.9602988791275093,0.5601087121961935,0.643064683168929,0.34541251007663176,0.7772799496127913,0.6443084377352633,0.6442148250730866,0.5466299793124747,2.181,Orderlies,mult-5.1.0,2026-07-29
311133,38.3,44910.0,0.4798325841558073,0.8199154686245006,0.5097118820537065,0.8066736499834363,0.2336298038614507,0.5568359123377087,0.6978011793416845,0.588824639221358,0.5980771786189482,2.415,Psychiatric Aides,mult-5.1.0,2026-07-29
312011,58.7,72300.0,0.573868161687798,0.8837034321746254,0.6637945702993545,0.7859150444460699,0.24810495598880822,0.6742152049127527,0.5418744816486035,0.5782363096487281,0.6704042980220487,2.787,Occupational Therapy Assistants,mult-5.1.0,2026-07-29
312012,5.3,39160.0,0.41067070616492246,0.6530416883121585,0.4211485888751118,0.7157313727230041,0.2680295296496499,0.5754448245752157,0.6078605858662935,0.5126276702527469,0.49884826926572545,1.984,Occupational Therapy Aides,mult-5.1.0,2026-07-29
312021,136.0,68380.0,0.6182712054663451,0.7467303218089294,0.804720710677974,0.7291945815996392,0.39892016022158605,0.9118366996378416,0.3838264201315719,0.6936156527158291,0.706511997406688,2.993,Physical Therapist Assistants,mult-5.1.0,2026-07-29
312022,46.9,35240.0,0.5339927385472323,0.5285637482594252,0.5588046641293211,0.6585691175752895,0.3532836095784174,0.49098899211268404,0.4928780143232126,0.41756630514427434,0.5084912677409588,2.022,Physical Therapist Aides,mult-5.1.0,2026-07-29
319011,193.9,58450.0,0.4200972543039406,0.28892763482723194,0.6421061697718917,0.8024702951777546,0.42885603620080404,0.5267753618001975,0.614016128729246,0.6442099617282165,0.4877348093844227,1.941,Massage Therapists,mult-5.1.0,2026-07-29
319091,406.3,48070.0,0.6174422350840135,0.9007754449497126,0.5498786929564276,0.4050348793317249,0.5842409996569404,0.44088807455016543,0.5072263644577675,0.3509887405258594,0.6081494554853826,2.463,Dental Assistants,mult-5.1.0,2026-07-29
319092,912.2,45690.0,0.4920867875156895,0.6232568124136354,0.5871253288410325,0.6595161760199857,0.29147307948646883,0.6241142873502339,0.6393705709651462,0.5303942898136357,0.5534638775797311,2.21,Medical Assistants,mult-5.1.0,2026-07-29
319093,84.2,47700.0,0.6018749049749863,0.8652028516858284,0.5886217024249794,0.7061562582033302,0.7644120330874666,0.710001574600266,0.3447817843880698,0.7559507544849189,0.7035752135201786,2.976,Medical Equipment Preparers,mult-5.1.0,2026-07-29
319094,41.8,40410.0,0.4609592138935772,0.2774812277501324,0.6451379318726355,0.7882047519803547,0.4244422316970945,0.41941625273765726,0.6871848070891562,0.602351836262157,0.4872736165456726,1.939,Medical Transcriptionists,mult-5.1.0,2026-07-29
319095,41.1,37680.0,0.23941911282362188,0.5802429627771827,0.5621668531161004,0.7181971330463304,0.10966898593361707,0.47953735381267987,0.777780474201485,0.44398728736330384,0.44031666700542826,1.767,Pharmacy Aides,mult-5.1.0,2026-07-29
319096,128.1,38150.0,0.3934313074483509,0.8950710992990006,0.7870435744072183,0.6128447643354883,0.35653526966647797,0.7028443006627635,0.5307864244453082,0.5309411560966343,0.6319411709648577,2.582,Veterinary Assistants and Laboratory Animal Caretakers,mult-5.1.0,2026-07-29
319097,147.5,45230.0,0.5150735675391245,0.9603696789169331,0.5138796679188098,0.736528103568173,0.5342871110123923,0.8059090453628022,0.6540195250781795,0.8449653884618085,0.7086317706901847,3.006,Phlebotomists,mult-5.1.0,2026-07-29
319099,113.5,48430.0,0.5529094719994972,0.5021355763959404,0.4995242695029148,0.8977744355866036,0.2991175031565716,0.5217652700439456,0.6114014146446264,0.6308383808998825,0.5490211848243878,2.191,"Healthcare Support Workers, All Other",mult-5.1.0,2026-07-29
331011,55.5,77970.0,0.6899220442565627,0.9973086419486777,0.18460478055013096,0.2790764012233905,0.4442012826694124,0.768691220887788,0.5308225426486056,0.3840022023381786,0.589225280458709,2.373,First-Line Supervisors of Correctional Officers,mult-5.1.0,2026-07-29
331012,165.4,106040.0,0.6757892088597551,0.8929213000855494,0.1952760879900913,0.2839252312418606,0.4070617036520182,0.8488526889878183,0.42103711749363976,0.36080668123349013,0.5552239755857047,2.218,First-Line Supervisors of Police and Detectives,mult-5.1.0,2026-07-29
331021,100.5,93530.0,0.844149259100437,0.7813778860483741,0.19519475398950314,0.07935887541492553,0.5813247924637244,0.9161310640003434,0.15200616019374863,0.23041740122127588,0.5452325503454443,2.175,First-Line Supervisors of Firefighting and Prevention Workers,mult-5.1.0,2026-07-29
331091,73.8,55940.0,0.6063582023069781,0.5172655575639243,0.33402963121698465,0.8505398932690574,0.32540224668076523,0.8102034097253037,0.589261798734621,0.7738206903004111,0.5714849489015742,2.291,First-Line Supervisors of Security Workers,mult-5.1.0,2026-07-29
332011,356.7,59280.0,0.7250765187127808,0.9133096543989003,0.25026118589418306,0.2136900715757828,0.7054020591279209,0.8016146810003005,0.1398920688681308,0.3262429874929185,0.5774633532656256,2.318,Firefighters,mult-5.1.0,2026-07-29
332021,15.2,75920.0,0.6955442209883286,0.6076722568967315,0.3656623234742161,0.3845346294998369,0.5397936419114984,0.710001574600266,0.343037900135666,0.39187023759556905,0.5316813546144169,2.117,Fire Inspectors and Investigators,mult-5.1.0,2026-07-29
332022,3.3,56870.0,0.856605227076598,0.7464841767466323,0.45489776086809414,0.22590464535157195,0.6742039693671535,0.8574414177128213,0.11313434310757346,0.3368805275789966,0.6188022963780055,2.516,Forest Fire Inspectors and Prevention Specialists,mult-5.1.0,2026-07-29
333011,18.6,56600.0,0.5685493059683677,0.4856167283307467,0.28572327376072604,0.20073166979936669,0.44185545900309187,0.43373080061266256,0.47041733359886323,0.09864168221934684,0.37377404918017887,1.548,Bailiffs,mult-5.1.0,2026-07-29
333012,357.4,58940.0,0.25280025001879036,0.9787445401534818,0.15860815880315843,0.35373428833194076,0.48750052277276235,0.7643968565252864,0.8203006633934664,0.5982866100559155,0.5018194943186182,1.996,Correctional Officers and Jailers,mult-5.1.0,2026-07-29
333021,117.1,93790.0,0.7375354287531931,0.5026036049104519,0.1563537599159859,0.4726092300280568,0.21722151368746145,0.5563587607418751,0.5554089852147058,0.2725078402037628,0.44630924188770876,1.788,Detectives and Criminal Investigators,mult-5.1.0,2026-07-29
333031,6.6,74060.0,0.8013055585438256,0.6715978499440546,0.13855272273362762,0.009245120107583011,0.7170911826940916,0.8259494123878096,0.1862762846807237,0.22379232205943206,0.4919497551107448,1.957,Fish and Game Wardens,mult-5.1.0,2026-07-29
333041,8.2,46730.0,0.0,0.5593629800195119,0.23835711715930039,0.5221543598177684,0.47514876501931835,0.6183884682002319,0.8852824796186739,0.655240067671476,0.3513221853546071,1.481,Parking Enforcement Workers,mult-5.1.0,2026-07-29
333051,720.8,76210.0,0.5930536962099796,0.974567021737315,0.23954687877566486,0.26631192735792697,0.31193967315844606,0.8746188751628278,0.5159442875872321,0.3521407094507259,0.5575024174151372,2.228,Police and Sheriff's Patrol Officers,mult-5.1.0,2026-07-29
333052,3.2,90230.0,0.7209867324990707,0.9324050854549151,0.17987692348495848,0.27394792636717,0.4316808443503112,0.7343363059877754,0.2497616915901207,0.2186807262074224,0.5400428573622973,2.152,Transit and Railroad Police,mult-5.1.0,2026-07-29
339011,12.7,45660.0,0.5821722438205932,0.9168522905912115,0.38476666436531,0.17196888680732186,0.47570997350271516,0.8388325054753144,0.3895905239332755,0.300790812581408,0.5560157818123947,2.222,Animal Control Workers,mult-5.1.0,2026-07-29
339021,46.2,51220.0,0.851846475847368,0.2252812708559556,0.322011955702711,0.8957931695449546,0.4817973506953217,0.5654246410627121,0.4728892363815305,0.6981572574657468,0.5508159659751781,2.199,Private Detectives and Investigators,mult-5.1.0,2026-07-29
339031,10.3,43370.0,0.40259996755158217,0.47365818072080296,0.458644916139468,0.7764860647279401,0.42057275091888346,0.7901630427002964,0.871255473114651,0.8998654365403521,0.555889877808657,2.221,Gambling Surveillance Officers and Gambling Investigators,mult-5.1.0,2026-07-29
339032,1267.1,38020.0,0.33911329604318036,0.525212337666587,0.46395635772586696,0.7835569239058058,0.5597904715597064,0.4766744442376787,0.7336337338102626,0.7357308497016019,0.5097610572001747,2.027,Security Guards,mult-5.1.0,2026-07-29
339091,94.7,38100.0,0.2384086684205927,0.5356629159298221,0.8087574053028935,0.7883693855759396,0.5661822220580452,0.7142959389627679,0.7036951843629572,0.8700910303237639,0.584712568150153,2.352,Crossing Guards and Flaggers,mult-5.1.0,2026-07-29
339092,158.4,33580.0,0.48685869218284644,0.544888724004046,1.0,0.8527997248818251,0.47909504202412356,0.7529452182252823,0.3891959682648797,0.7375849830837714,0.6666760344268083,2.766,"Lifeguards, Ski Patrol, and Other Recreational Protective Service Workers",mult-5.1.0,2026-07-29
339093,47.1,66770.0,0.15091043243114738,1.0,0.2556796752782677,0.3577579446871427,0.4706838220111593,0.6155255586252307,0.7337259286480651,0.46137886353908547,0.46175378066976913,1.843,Transportation Security Screeners,mult-5.1.0,2026-07-29
339099,86.1,42540.0,0.4318412670337122,0.48130058789696906,1.0,0.8315810425846629,0.31915351539807124,0.6813724788502553,0.7180663524533336,0.7412258049484501,0.6351839783214684,2.599,"Protective Service Workers, All Other",mult-5.1.0,2026-07-29
351011,211.3,62470.0,0.7222633249718942,0.9032018265181113,0.4863527313368736,0.7001147137458512,0.2133261232990621,0.6727837501252523,0.38269139456097495,0.419674001795651,0.6446685008373835,2.648,Chefs and Head Cooks,mult-5.1.0,2026-07-29
351012,1288.0,44080.0,0.55449474298964,0.4723083529598179,0.606487887347711,0.5131066559958892,0.25881527201991283,0.28915386707510854,0.5397378273548197,0.15973585752428648,0.4456570529874602,1.785,First-Line Supervisors of Food Preparation and Serving Workers,mult-5.1.0,2026-07-29
352011,579.2,30890.0,0.05357240806446824,0.3007022353207275,0.3719112412410115,0.09840186227700518,0.17879485360467762,0.5940537368127228,0.8542317440286852,0.1471402359056593,0.20241458847413946,1.103,"Cooks, Fast Food",mult-5.1.0,2026-07-29
352012,475.4,37450.0,0.4256781546659514,0.5813810528501702,0.5780886684820561,0.9051659093981936,0.1922307763772514,0.4838317181751814,0.5771106617149849,0.5336348689248022,0.5220751605399397,2.077,"Cooks, Institution and Cafeteria",mult-5.1.0,2026-07-29
352013,36.0,47940.0,0.561064471321782,0.16668617410397388,0.6175480821302521,0.3085541545894194,0.15520392274919814,0.34784351336263053,0.4611256333454139,0.0,0.33350050134857856,1.43,"Cooks, Private Household",mult-5.1.0,2026-07-29
352014,1677.2,37390.0,0.3066663587139167,0.3534699138908479,0.7438912339243967,0.4688153068793193,0.29316310048402316,0.5110293591376917,0.5870813876185085,0.3030863231815958,0.40491721366716527,1.647,"Cooks, Restaurant",mult-5.1.0,2026-07-29
352015,142.7,35880.0,0.29152358366767894,0.31882036461057855,0.47763566295928167,0.5281959591103791,0.19778795345271705,0.21042385376257902,0.7426661194317229,0.18394552338787165,0.3086756796917726,1.361,"Cooks, Short Order",mult-5.1.0,2026-07-29
352021,871.8,35320.0,0.38117544974973905,0.13308340301874302,0.62736105094903,0.7550760368179026,0.15746242460115045,0.3292346011251233,0.541593840946027,0.29691522827938777,0.3473245029392604,1.469,Food Preparation Workers,mult-5.1.0,2026-07-29
353011,801.5,34340.0,0.3736718587934844,0.5634859098129918,0.6975170310059696,0.6829134444355254,0.07486625762493215,0.19467785110007305,0.6696311142121683,0.17714252549655007,0.4367620726666247,1.754,Bartenders,mult-5.1.0,2026-07-29
353023,4029.2,31200.0,0.2146775844048135,0.4953556694582273,1.0,0.33487261247268446,0.0,0.23833722211883945,0.7272518235877167,0.0,0.3882421926860009,1.593,Fast Food and Counter Workers,mult-5.1.0,2026-07-29
353031,2313.5,35230.0,0.05797858136512025,0.3477794635259104,0.7938801630882432,0.49441298969512953,0.1288847420627104,0.1674802101375629,0.8104041912195473,0.12552460020709724,0.29449562296043663,1.323,Waiters and Waitresses,mult-5.1.0,2026-07-29
353041,285.3,35360.0,0.4056947097920911,0.5418277910519296,0.6952914197899739,0.8323201064765983,0.11769455067035939,0.4594969867876724,0.5675974593961407,0.418277664772196,0.5007930608516535,1.991,"Food Servers, Nonrestaurant",mult-5.1.0,2026-07-29
359011,560.6,33980.0,0.0,0.4905416146175175,0.7800660591142782,0.659206942279803,0.08990793410053921,0.25336749738759506,0.9466488807371006,0.3359312561087086,0.3626314295044122,1.515,Dining Room and Cafeteria Attendants and Bartender Helpers,mult-5.1.0,2026-07-29
359021,478.6,34810.0,0.0,0.05461010744542972,0.6244298812701375,0.5775548511654574,0.1745900033656015,0.0,0.8506655353980229,0.13159560498395076,0.17143740436137264,1.037,Dishwashers,mult-5.1.0,2026-07-29
359031,423.5,31200.0,0.28942176483570464,0.47321948669848285,0.9918320196856413,0.44409985713598926,0.1264910703097636,0.39078715698764666,0.6567662707097865,0.1479105980651066,0.440475454578737,1.767,"Hosts and Hostesses, Restaurant, Lounge, and Coffee Shop",mult-5.1.0,2026-07-29
371011,276.4,49100.0,0.5755580794741691,0.5157390611695162,0.4512935948316688,0.8921160532929611,0.26174524916322817,0.4881260825376831,0.518170798877933,0.5401775196694173,0.5269052880183178,2.097,First-Line Supervisors of Housekeeping and Janitorial Workers,mult-5.1.0,2026-07-29
371012,230.0,58430.0,0.7475790939511476,0.5921280638766021,0.3586568005063653,0.7274716906109364,0.28133591830893767,0.7314733964127743,0.16856768126490018,0.41267084343167,0.5472048151136853,2.183,"First-Line Supervisors of Landscaping, Lawn Service, and Groundskeeping Workers",mult-5.1.0,2026-07-29
372011,2495.5,36840.0,0.4060764727424525,0.3866121555046839,0.549623556398096,0.8923694732264821,0.23726416622102675,0.1631858457750613,0.6032708647101683,0.37297664531717395,0.4216448533078194,1.702,"Janitors and Cleaners, Except Maids and Housekeeping Cleaners",mult-5.1.0,2026-07-29
372012,1362.8,35510.0,0.4452247781186296,0.4911483754296861,0.5367048312730568,0.8657734162430005,0.22677050498898244,0.0,0.466235705470354,0.1854372310431905,0.41005480130841937,1.664,Maids and Housekeeping Cleaners,mult-5.1.0,2026-07-29
372021,107.5,45250.0,0.41628803737913167,0.5971495554835221,0.5051784871507894,0.5385173201764855,0.4039477260730737,0.6942555719377603,0.4094849600201531,0.4432404989156381,0.48601962224368744,1.934,Pest Control Workers,mult-5.1.0,2026-07-29
373011,1235.0,39150.0,0.5855138593856892,0.5518132080818449,0.5066718949460235,0.7711165759713687,0.4031049767891659,0.2590933165375973,0.2342719911722206,0.2665091798465943,0.48156913378702126,1.917,Landscaping and Groundskeeping Workers,mult-5.1.0,2026-07-29
373012,30.7,46340.0,0.4178630309966603,0.46614810959963543,0.535606651415961,0.7973570218921219,0.49706046639162893,0.8202235932378074,0.36667709731246323,0.7379999309092566,0.5335172497094133,2.125,"Pesticide Handlers, Sprayers, and Applicators, Vegetation",mult-5.1.0,2026-07-29
373013,62.1,50960.0,0.7831605596803075,0.42707191927966476,0.4595919947711516,0.5939699686690827,0.38372873906157,0.8030461357878013,0.01090549531930951,0.3458194140038272,0.5200894001791956,2.069,Tree Trimmers and Pruners,mult-5.1.0,2026-07-29
391013,33.1,63820.0,0.7201312458139812,0.8231457917270155,0.3494143628052116,0.7974890553270224,0.3839747445208993,0.7114330293877668,0.48028570323424286,0.660163068319189,0.6567494613167879,2.712,First-Line Supervisors of Gambling Services Workers,mult-5.1.0,2026-07-29
391022,159.1,48590.0,0.6603851178704357,0.559819539409257,0.41816121116329713,0.8996945150973753,0.3084841563622144,0.8374010506878138,0.47969490871361087,0.7628806457107963,0.6124228238738034,2.484,First-Line Supervisors of Personal Service Workers,mult-5.1.0,2026-07-29
392011,49.8,39990.0,0.7185602893476796,0.4759753850438277,0.5948737088627256,0.8328074634469602,0.5686256616857891,0.49814626605018686,0.3597612800843834,0.6109772345042077,0.6062809834638578,2.454,Animal Trainers,mult-5.1.0,2026-07-29
392021,439.6,35360.0,0.46024705517938735,0.5800332101300099,0.8095082080541585,0.8195822242798524,0.4897173453978906,0.6269771969252349,0.3915208183544967,0.6463524741704226,0.606572179239756,2.456,Animal Caretakers,mult-5.1.0,2026-07-29
393011,88.1,34320.0,0.49541932877584827,0.6012030088481274,0.6129526755339259,0.7932706831695905,0.30822445906110596,0.4895575373251835,0.5126969949146633,0.49550757832143977,0.5453939805319314,2.175,Gambling Dealers,mult-5.1.0,2026-07-29
393012,7.7,34980.0,0.26088779589659944,0.4386870548268873,0.5277315445109787,0.7795847981900385,0.3175029374744778,0.27770222877510403,0.867710449096857,0.5341852905215917,0.4270307340082953,1.721,Gambling and Sports Book Writers and Runners,mult-5.1.0,2026-07-29
393021,2.0,38270.0,0.2932942710998874,0.05477618919445288,0.9659346120977863,0.4126365898445722,0.9358601326627141,0.37360969953764,0.6416911589483036,0.5895811841238554,0.44226454707910057,1.773,Motion Picture Projectionists,mult-5.1.0,2026-07-29
393031,123.1,32910.0,0.1510857619606627,0.5093114989782366,1.0,0.8317428225024464,0.3492051862520261,0.15602857183755853,0.8567372278110146,0.5126719679584946,0.5008215953223816,1.992,"Ushers, Lobby Attendants, and Ticket Takers",mult-5.1.0,2026-07-29
393091,405.5,32150.0,0.0,0.34925765726024416,1.0,0.7252110422156157,0.3847401906728045,0.23475858515008813,0.9109829382067328,0.5304151974006547,0.41991821366522475,1.697,Amusement and Recreation Attendants,mult-5.1.0,2026-07-29
393092,7.1,50400.0,0.6015127926961356,0.29866227503292475,1.0,0.8731287801908273,0.5796200123223806,0.29344823143761,0.38787233758800194,0.5379009228672081,0.589594637283874,2.375,Costume Attendants,mult-5.1.0,2026-07-29
393093,16.6,36300.0,0.0730378764657639,0.3641315681618056,1.0,0.883991861487871,0.26079431645357976,0.1273994760875479,0.747198493984846,0.4282067678246296,0.41999594693633796,1.697,"Locker Room, Coatroom, and Dressing Room Attendants",mult-5.1.0,2026-07-29
394011,3.7,58780.0,0.7256706521045936,0.756898362594743,0.6456360724895183,0.33017857745225104,0.3671626351963665,0.9175625187878438,0.18305224951251237,0.2976993049378714,0.6104778270124354,2.475,Embalmers,mult-5.1.0,2026-07-29
394021,33.5,35680.0,0.5078913222052676,0.06895467412699703,0.7057553395906107,0.31603216379280935,0.4490871575930273,0.33496042027512557,0.23527006517074628,0.014578783282730295,0.3144018289321342,1.377,Funeral Attendants,mult-5.1.0,2026-07-29
394031,28.4,55010.0,0.6279105462591846,0.4607620321611946,0.42562093909018467,0.32515966731870516,0.46556997628652974,0.7643968565252864,0.2797707881849111,0.3075716676590601,0.46558077665085595,1.857,"Morticians, Undertakers, and Funeral Arrangers",mult-5.1.0,2026-07-29
395011,79.2,38210.0,0.6197274145185607,0.4425856750071443,0.4051476281015224,0.3434459436302829,0.45452808272416656,0.39078715698764666,0.4245095189624181,0.16067027322172403,0.4177617370330898,1.689,Barbers,mult-5.1.0,2026-07-29
395012,607.4,35790.0,0.5071310916844247,0.5466911410731261,0.5141157831516576,0.4223832292690282,0.42553427224048035,0.4079646144376529,0.588869817739966,0.2882238799695621,0.46369123939633106,1.85,"Hairdressers, Hairstylists, and Cosmetologists",mult-5.1.0,2026-07-29
395091,7.6,97150.0,0.6352343506184579,0.4449419184663934,0.6407485521349893,0.7038543481773286,0.6525555623983172,0.2762707739876036,0.4823126718538441,0.49517279217253324,0.5537486932722668,2.212,"Makeup Artists, Theatrical and Performance",mult-5.1.0,2026-07-29
395092,224.8,35760.0,0.3206474011460036,0.17193065196356655,0.46004753745551624,0.33259975679325093,0.6889734060168676,0.0,0.6575466368754628,0.17082738649071974,0.27389323744847593,1.27,Manicurists and Pedicurists,mult-5.1.0,2026-07-29
395093,19.6,32600.0,0.473357455587485,0.3325528770377775,0.5761123047072171,0.31603216379280935,0.4984766451146915,0.4723800798751772,0.5632856842725397,0.2818397054832733,0.41082784324795163,1.666,Shampooers,mult-5.1.0,2026-07-29
395094,103.9,45330.0,0.5937238176123498,0.37923177371741496,0.5990222281727967,0.635930953243263,0.5688926085162446,0.6055053751127268,0.6014228460100727,0.6494720764313333,0.5550975534554514,2.218,Skincare Specialists,mult-5.1.0,2026-07-29
396011,32.0,37080.0,0.2812242944498785,0.3932567488261609,0.5217544870194548,0.7859836773189448,0.42286215085149315,0.49098899211268404,0.4374092276966817,0.5235261001450017,0.41791389798164513,1.69,Baggage Porters and Bellhops,mult-5.1.0,2026-07-29
396012,46.7,38950.0,0.4879203056649062,0.29210502350774675,0.5767308493872993,0.9233662378871828,0.38888401581357235,0.20899239897507835,0.782030664370881,0.5976448909410315,0.4841597401891263,1.927,Concierges,mult-5.1.0,2026-07-29
399011,962.4,34980.0,0.5074536745490781,0.4910216636570246,0.6171383879146525,0.8341045954949299,0.23858582366971504,0.4237106171001588,0.5328559480545917,0.45364881293620174,0.5118313990959605,2.035,Childcare Workers,mult-5.1.0,2026-07-29
399031,414.2,47160.0,0.6037289533521086,0.44308656697531384,0.8531699320366954,0.7580347301143645,0.6128830225619718,0.4294364362501611,0.5120735039765786,0.6155404593104137,0.6164094289844035,2.504,Exercise Trainers and Group Fitness Instructors,mult-5.1.0,2026-07-29
399032,341.1,36560.0,0.7063083248756556,0.43092223679984726,0.8613098893618598,0.9054079161970118,0.5882335544131896,0.5196180878626946,0.4908856695031914,0.7496581292950948,0.6792995668588042,2.836,Recreation Workers,mult-5.1.0,2026-07-29
399041,94.7,42240.0,0.5628603065547988,0.4175390915578443,0.7802299328602886,0.8740247699834448,0.505066570591619,0.531069726162699,0.5829376752984233,0.7283987516750605,0.6113885393467235,2.479,Residential Advisors,mult-5.1.0,2026-07-29
411011,1360.3,48520.0,0.6346852301190813,0.4702042096853406,0.22932212528125234,0.892391699648273,0.16720499933778388,0.4079646144376529,0.6140891836151693,0.48208960134127765,0.47434344684862945,1.89,First-Line Supervisors of Retail Sales Workers,mult-5.1.0,2026-07-29
411012,320.0,87520.0,0.7983655411298947,0.3334117380347181,0.21767489618795566,0.9663181030984219,0.2194948172956206,0.6298401065002361,0.627438356571253,0.7043340359382435,0.5424810850697999,2.163,First-Line Supervisors of Non-Retail Sales Workers,mult-5.1.0,2026-07-29
412011,2843.6,32880.0,0.2640543174649751,0.3235427767332016,0.6534510305591492,0.8664503210409904,0.1451556793995502,0.2991740505876121,0.6992105506471687,0.42624092061035396,0.39735242568721124,1.622,Cashiers,mult-5.1.0,2026-07-29
412012,21.1,36220.0,0.22789004476765962,0.6698966699570481,0.6886025969762483,0.7978112981624863,0.2756899603685893,0.5754448245752158,0.7768835999529339,0.6562317019021419,0.5376196257903451,2.142,Gambling Change Persons and Booth Cashiers,mult-5.1.0,2026-07-29
412021,421.3,41300.0,0.5910239633819955,0.4226532184032629,0.4086292981682764,0.8805563270732704,0.07887665209715244,0.33496042027512557,0.4001948732076483,0.27585262012662304,0.4336595082807254,1.743,Counter and Rental Clerks,mult-5.1.0,2026-07-29
412022,280.6,38630.0,0.6545173975527279,0.6010898615211039,0.4010085909260592,0.6886881101929291,0.1516204573733716,0.5239124522251966,0.39745519618959047,0.29326195945610306,0.500144892695332,1.989,Parts Salespersons,mult-5.1.0,2026-07-29
412031,3917.1,35410.0,0.4699309654788065,0.45889344706461493,0.5256405620613721,0.8464669571893254,0.17849107989549995,0.5081664495626905,0.5554483857152503,0.4877210783558944,0.4827610334110437,1.922,Retail Salespersons,mult-5.1.0,2026-07-29
413011,97.1,64820.0,0.7228578132560649,0.13826634461276108,0.2314249483987052,0.7958733323790086,0.2755971688687979,0.5053035399876895,0.6362803505228382,0.5461422636616224,0.4342444857251564,1.745,Advertising Sales Agents,mult-5.1.0,2026-07-29
413021,589.8,62280.0,0.6399227515867956,0.1854864957573426,0.27189446666472433,0.6046316852883494,0.27174585094081083,0.7486508538627804,0.7119416457421687,0.5881065463928777,0.4397539793465386,1.765,Insurance Sales Agents,mult-5.1.0,2026-07-29
413031,531.6,78660.0,0.7860183669335215,0.102206092986207,0.228106659994734,0.5351847805840847,0.41452692443022154,0.707138665025265,0.7650382589408896,0.6240469403351782,0.4629901004093495,1.848,"Securities, Commodities, and Financial Services Sales Agents",mult-5.1.0,2026-07-29
413041,67.2,50160.0,0.6355201029563693,0.05380815095213834,0.38080352989757216,0.4593403124897152,0.22275598374744576,0.5740133697877151,0.7934254012719791,0.39011572770927644,0.37779770653177885,1.561,Travel Agents,mult-5.1.0,2026-07-29
414011,308.9,104920.0,0.6805400489432534,0.1850441624935098,0.29148476215287616,0.8435003776966851,0.16265823018810344,0.5568359123377089,0.642381204650649,0.5465150374146279,0.4453487670905857,1.784,"Sales Representatives, Wholesale and Manufacturing, Technical and Scientific Products",mult-5.1.0,2026-07-29
414012,1314.9,72080.0,0.6913461147140839,0.29260459211536627,0.2690074866984882,0.8360372284202876,0.3116825295971172,0.5625617314877109,0.296169449805192,0.4684734530715031,0.4514748430506402,1.806,"Sales Representatives, Wholesale and Manufacturing, Except Technical and Scientific Products",mult-5.1.0,2026-07-29
419011,79.1,39320.0,0.0,0.3106148675203934,0.7014349824531246,0.8238576303064988,0.11977439286640779,0.3807669734751429,0.9987840967300203,0.5718585293463956,0.3609053457073222,1.509,Demonstrators and Product Promoters,mult-5.1.0,2026-07-29
419012,6.7,48470.0,0.03858826019533735,0.0,0.7070270885608666,0.8387196489306654,0.8423762920581437,0.16032293620006013,0.7130320932419907,0.7452191489174003,0.3392866830001246,1.446,Models,mult-5.1.0,2026-07-29
419021,115.0,73220.0,0.7637540908138032,0.18544414821974306,0.2898985077368656,0.23845942485183452,0.4254290765314027,0.7357677607752756,0.6644193828447099,0.3878344835513994,0.4304255867342997,1.732,Real Estate Brokers,mult-5.1.0,2026-07-29
419022,433.7,52830.0,0.5338779956043662,0.29662032970429714,0.2877504015724397,0.3771316136397886,0.4023470009738612,0.7429250347127785,0.7532268382469566,0.5196307187696221,0.4217762411142776,1.703,Real Estate Sales Agents,mult-5.1.0,2026-07-29
419031,59.9,124900.0,0.8727574933407768,0.08080669121266673,0.3115291993481925,0.9145058745853595,0.3220480883527306,0.6742152049127527,0.6840077170537944,0.7816819885619932,0.5397552578155365,2.151,Sales Engineers,mult-5.1.0,2026-07-29
419041,52.5,35450.0,0.4533536188403192,0.06440099047449706,0.18324437138676866,0.6644493326411465,0.17798267364874276,0.1918149415250719,0.966779527542258,0.3650343836503586,0.28001380346066346,1.286,Telemarketers,mult-5.1.0,2026-07-29
419091,22.8,41380.0,0.0,0.06870588234360014,0.2994157636229823,0.8289735801925229,0.10270877385616883,0.0,1.0,0.3394022699691965,0.16191019080279562,1.018,"Door-to-Door Sales Workers, News and Street Vendors, and Related Workers",mult-5.1.0,2026-07-29
431011,1554.4,69500.0,0.8133930999802673,0.22904490826011428,0.2895075031839401,1.0,0.2837848139272908,0.5525415479752072,0.5755873819075156,0.6959625650544038,0.5331712989594977,2.123,First-Line Supervisors of Office and Administrative Support Workers,mult-5.1.0,2026-07-29
432011,27.0,38630.0,0.35252381005923156,0.34867207021687546,0.08385605038966,0.8885673853856815,0.19281143865186512,0.43086789103766165,0.8000474424687509,0.5967273201054065,0.35887820067627196,1.503,"Switchboard Operators, Including Answering Service",mult-5.1.0,2026-07-29
432021,2.9,41740.0,0.36925214614865004,0.2505329751905032,0.082611050484786,0.8121451317890647,0.18959679030542154,0.4652228059376745,0.887393483019726,0.6022664670051224,0.3404977144904586,1.45,Telephone Operators,mult-5.1.0,2026-07-29
433011,149.4,47030.0,0.556579558904234,0.21900986520957447,0.16328756491206153,0.9350865074851784,0.2912483886219952,0.6498804735252436,0.7389431772017978,0.7897200723495061,0.45181386504345267,1.807,Bill and Account Collectors,mult-5.1.0,2026-07-29
433021,427.9,48500.0,0.5987330715713711,0.1313114232423124,0.3159145630028214,0.9397538721250991,0.1940524280121847,0.2748393192001031,0.6709262601485112,0.4797255399002213,0.3955620748576091,1.617,Billing and Posting Clerks,mult-5.1.0,2026-07-29
433031,1519.1,50670.0,0.6528275474693005,0.1417798668729725,0.3171123009614262,1.0,0.3524142726456365,0.4365937101876635,0.6961012814507616,0.7251699092212405,0.47600816845662863,1.896,"Bookkeeping, Accounting, and Auditing Clerks",mult-5.1.0,2026-07-29
433041,13.4,37580.0,0.4084719262760849,0.5156384857677172,0.253936305782963,0.7909206927606448,0.3144164137113459,0.6913926623627591,0.6938646929818713,0.70382139147952,0.4781938083512274,1.904,Gambling Cage Workers,mult-5.1.0,2026-07-29
433051,134.2,58260.0,0.6844457171602074,0.035032311468944796,0.11550446276506375,0.9887699520805066,0.19514265618142146,0.42943643625016087,0.5935541090232087,0.5705190300535616,0.3798224430817016,1.567,Payroll and Timekeeping Clerks,mult-5.1.0,2026-07-29
433061,56.6,50580.0,0.788114197377124,0.07953097164248107,0.13364822077969277,0.9865771517971738,0.19939094997887374,0.5053035399876893,0.42295161665748426,0.5354186545894671,0.41690130992706276,1.687,Procurement Clerks,mult-5.1.0,2026-07-29
433071,302.5,43030.0,0.2727465822855302,0.5643209503200326,0.16824000616349696,0.35994760758413163,0.22113312406257313,0.6713522953377515,0.8571176893968682,0.40641634171070323,0.3581562989260424,1.501,Tellers,mult-5.1.0,2026-07-29
434011,36.9,65750.0,0.7029385148859989,0.20478770937888055,0.26967160658660566,0.523432436967726,0.2110896482954724,0.5625617314877109,0.6684656568516475,0.36264413976178006,0.40667383806828594,1.653,Brokerage Clerks,mult-5.1.0,2026-07-29
434021,6.5,46800.0,0.719381501438018,0.15445699926155823,0.2989168024299137,0.9147436335089671,0.19422344862245422,0.4781058990251793,0.5178138260043388,0.5100291402022796,0.44171934578334765,1.772,Correspondence Clerks,mult-5.1.0,2026-07-29
434031,185.9,48700.0,0.6202385056359372,0.2871066907104516,0.3602987317476731,0.20518885091029462,0.2728128590134987,0.3936500665626476,0.6785851909525595,0.07648577754877005,0.34902941510512114,1.474,"Court, Municipal, and License Clerks",mult-5.1.0,2026-07-29
434051,2660.3,44770.0,0.6068024392013347,0.4194123084163486,0.40124211142440536,0.991800800523954,0.3133357147053045,0.4179847979501567,0.60096776455738,0.6397163808128544,0.5270713263525822,2.098,Customer Service Representatives,mult-5.1.0,2026-07-29
434061,168.5,54210.0,0.6625506215133805,0.13296033048759442,0.2566738449028626,0.5551467820601649,0.3558190787921315,0.5468157288252051,0.7616012890055177,0.5063519264507749,0.409928019669179,1.663,"Eligibility Interviewers, Government Programs",mult-5.1.0,2026-07-29
434071,70.9,43600.0,0.5657552800218227,0.14678680151384235,0.154613104255034,0.9724085052159415,0.30540819760001536,0.29201677665010967,0.6762764928557287,0.582054991064374,0.38285965300210767,1.577,File Clerks,mult-5.1.0,2026-07-29
434081,274.0,35070.0,0.3346184764064976,0.4732830080048824,0.6590796838678055,0.39717925008247407,0.2612703353854966,0.5110293591376917,0.8194925601598062,0.3435857684233504,0.4364186738025686,1.753,"Hotel, Motel, and Resort Desk Clerks",mult-5.1.0,2026-07-29
434111,145.1,45920.0,0.49605586321405115,0.5392512080611079,0.2341273195679625,0.8756285465426935,0.2114811285810403,0.5181866330751943,0.9404907320489924,0.7173913937472175,0.5098028733298892,2.027,"Interviewers, Except Eligibility and Loan",mult-5.1.0,2026-07-29
434121,78.9,36910.0,0.3673533816653386,0.28888859569100694,0.5517976088893305,0.7509214028047061,0.2077333804102176,0.2791336835626047,0.753181196993512,0.39475607202126267,0.39147670320553507,1.604,"Library Assistants, Clerical",mult-5.1.0,2026-07-29
434131,173.5,50020.0,0.7159925023404466,0.3037016320072693,0.18649169947756097,0.656300033493925,0.4786692652408657,0.5911908272377218,0.7697832365984817,0.6819519461352026,0.49850948513326415,1.982,Loan Interviewers and Clerks,mult-5.1.0,2026-07-29
434141,33.8,47670.0,0.5669144579650801,0.299276314328118,0.016216521858696722,0.36267805272155573,0.2451765170300011,0.5568359123377087,0.6396776624786217,0.2510480862356688,0.31089874190221006,1.367,New Accounts Clerks,mult-5.1.0,2026-07-29
434151,74.1,46170.0,0.619302981229233,0.215581038024562,0.16368240184959768,0.9729407554614756,0.1704350261511769,0.2118553085500795,0.5956280208990682,0.4160573554077288,0.37643697309676216,1.557,Order Clerks,mult-5.1.0,2026-07-29
434161,88.4,50610.0,0.677602845262502,0.3271899584089613,0.2525878636182022,0.9906079694486423,0.2891694036583692,0.34641205857512997,0.7171783524252162,0.6372164470300321,0.4949000276621394,1.968,"Human Resources Assistants, Except Payroll and Timekeeping",mult-5.1.0,2026-07-29
434171,1007.6,38010.0,0.48800341889531185,0.3224893817354131,0.4615335872865696,0.9366591765391218,0.1552309033368926,0.5482471836127054,0.6857706311729277,0.6241466945508963,0.47536676219748486,1.894,Receptionists and Information Clerks,mult-5.1.0,2026-07-29
434181,135.6,44390.0,0.35161128374499706,0.508251487177698,0.39049816435626966,0.6522349742386325,0.47652718490840296,0.7214532129002705,0.5248952735786113,0.6387186037044696,0.4703255407152949,1.875,Reservation and Transportation Ticket Agents and Travel Clerks,mult-5.1.0,2026-07-29
435011,109.2,52260.0,0.6658504102806521,0.22258955549728512,0.3327751575596465,0.5804152101319798,0.28497998489940535,0.5475314562189553,0.4086851362309517,0.3147007045040379,0.4006327195964557,1.633,Cargo and Freight Agents,mult-5.1.0,2026-07-29
435021,267.6,39200.0,0.3086911886244571,0.49913617970939816,0.44463494737699366,0.9113031963245611,0.3113233330852905,0.3592951516626347,0.3437626263715159,0.42371471602248223,0.41224706999570593,1.671,Couriers and Messengers,mult-5.1.0,2026-07-29
435031,108.9,53040.0,0.5205974786459455,0.6153795087398467,0.36004017687284795,0.42784534300133076,0.5608439098104705,0.9061108804878396,0.939517102679862,0.83588501337985,0.5910034094982773,2.381,Public Safety Telecommunicators,mult-5.1.0,2026-07-29
435032,216.7,50340.0,0.5779865938523758,0.4636780571330878,0.2454474766601855,0.9884962614823614,0.407428662192015,0.6956870267252606,0.6527959493194292,0.8832216377604268,0.5592103972111285,2.236,"Dispatchers, Except Police, Fire, and Ambulance",mult-5.1.0,2026-07-29
435041,17.7,48150.0,0.4371071137500499,0.6600515291454314,0.05665800259206543,0.7587583886462116,0.6299938753707369,0.49385190168768517,0.3784637237219534,0.6009684706153504,0.4577187345836235,1.829,"Meter Readers, Utilities",mult-5.1.0,2026-07-29
435051,71.6,62130.0,0.5565659939813276,0.6142023795306346,0.21398383563714726,0.31603216379280963,0.2745614557464232,0.33639187506262613,0.3578530081144622,0.0,0.3633171602044864,1.517,Postal Service Clerks,mult-5.1.0,2026-07-29
435052,308.1,60550.0,0.0,0.36420964643425474,0.12462012291396236,0.31603216379280963,0.3335552170678867,0.5153237235001932,0.4353671045811838,0.14838664010611385,0.15307309621788462,1.0,Postal Service Mail Carriers,mult-5.1.0,2026-07-29
435053,97.5,58470.0,0.12451028792426723,0.48757530194472526,0.13097932196691586,0.31603216379280963,0.19705324468946972,0.25623040696259597,0.6365404330329077,0.00877950548308289,0.1876376526276154,1.071,"Postal Service Mail Sorters, Processors, and Processing Machine Operators",mult-5.1.0,2026-07-29
435061,381.7,59650.0,0.6565071835030245,0.2394107914481504,0.25418257007157835,1.0,0.24872807328732738,0.6384288352252392,0.5703022672252536,0.7236883331122422,0.4885634502053212,1.944,"Production, Planning, and Expediting Clerks",mult-5.1.0,2026-07-29
435071,795.8,45260.0,0.5173272884918237,0.2674263342913429,0.1737391953437273,0.9960361467768116,0.2870076401182252,0.33066605591262405,0.3152675094634289,0.4391467190323808,0.3665892889472235,1.527,"Shipping, Receiving, and Inventory Clerks",mult-5.1.0,2026-07-29
435111,47.4,46380.0,0.33019836785524637,0.3468398775354208,0.3284255760449056,0.9515103532320188,0.21567713260903998,0.3120571436751169,0.6148236282635955,0.4964244977127616,0.37556071937760066,1.554,"Weighers, Measurers, Checkers, and Samplers, Recordkeeping",mult-5.1.0,2026-07-29
436011,494.9,76590.0,0.7302764526613641,0.09989021202373244,0.31353223867740654,0.9898361262759744,0.19465309213740278,0.2419158590875907,0.5128221376363528,0.421000346529549,0.41201202317221086,1.67,Executive Secretaries and Executive Administrative Assistants,mult-5.1.0,2026-07-29
436012,147.3,55570.0,0.685862985045536,0.10822672180836584,0.4202177244669769,0.5191447996628343,0.28829742755336984,0.3048998697376142,0.6166453754783573,0.2275592524707257,0.37374893397682907,1.548,Legal Secretaries and Administrative Assistants,mult-5.1.0,2026-07-29
436013,885.3,45930.0,0.5333666049920085,0.31690281517364954,0.36230440381936524,0.7540414734254611,0.17695420730257716,0.3048998697376142,0.6661519381924779,0.3525792440305373,0.39984137706252226,1.63,Medical Secretaries and Administrative Assistants,mult-5.1.0,2026-07-29
436014,1913.2,47540.0,0.5507635817235484,0.17508752855555665,0.33775643295274116,0.9878468391135247,0.23492646445612053,0.31205714367511705,0.625611472662054,0.5389529848632136,0.4112904894623054,1.668,"Secretaries and Administrative Assistants, Except Legal, Medical, and Executive",mult-5.1.0,2026-07-29
439021,104.9,41340.0,0.4408836189935253,0.1734988342152992,0.019803238315180077,0.9855317119409492,0.36584956121348844,0.38649279262514497,0.7817014981287114,0.7337683703948854,0.36304253451363977,1.516,Data Entry Keyers,mult-5.1.0,2026-07-29
439022,25.6,49280.0,0.6564690513969351,0.2165907621242009,0.0,0.8343667422606902,0.30421077286749065,0.07014128458752637,0.5218692334247109,0.2772965279329676,0.32041253793337265,1.393,Word Processors and Typists,mult-5.1.0,2026-07-29
439031,4.4,55290.0,0.6436345988050578,0.05749238672329786,0.13706594047169482,0.8377417305620107,0.5486276211654606,0.19038348673757144,0.7028702203426122,0.5828052049117284,0.3805779656446129,1.569,Desktop Publishers,mult-5.1.0,2026-07-29
439041,247.2,49230.0,0.544244685831454,0.055288991407572166,0.19663759010193363,0.7416717505655206,0.2664845810490377,0.38935570220014587,0.7229598272816213,0.4742977891197059,0.3349976189016424,1.434,Insurance Claims and Policy Processing Clerks,mult-5.1.0,2026-07-29
439051,62.9,39280.0,0.05963429304080896,0.34829557414040474,0.2969210226216491,0.9532079707069001,0.23451437589691437,0.7543766730127827,0.673226419867663,0.7997951432824865,0.3642971717922953,1.52,"Mail Clerks and Mail Machine Operators, Except Postal Service",mult-5.1.0,2026-07-29
439061,2468.2,45010.0,0.518956783907824,0.23773343195104393,0.3187374462970551,1.0,0.2391978962280047,0.3249402367626218,0.5676039089353478,0.5302265311626386,0.41142451521017886,1.668,"Office Clerks, General",mult-5.1.0,2026-07-29
439071,21.6,40960.0,0.5712749916310458,0.11906239799164683,0.292836270939598,0.959861896876982,0.687641534424613,0.08302437767503121,0.5332616406265618,0.6080974719556798,0.411739719164065,1.669,"Office Machine Operators, Except Computer",mult-5.1.0,2026-07-29
439081,11.9,51120.0,0.6465371136874813,0.009255232996052758,0.6110929955951313,0.8989269898681692,0.7365529449425728,0.20756094418757787,0.5790603185782096,0.689583751854063,0.4908894794377996,1.953,Proofreaders and Copy Markers,mult-5.1.0,2026-07-29
439111,6.3,50330.0,0.7825825754517041,0.11018198702096949,0.42944030014303597,0.9439624030841179,0.4109850626622299,0.28342804792510634,0.7830138043987894,0.6702508104253844,0.515771032025707,2.051,Statistical Assistants,mult-5.1.0,2026-07-29
451011,67.0,59320.0,0.7790126483420802,0.3924362652851698,0.4877206726367724,0.6466168339995754,0.31018712777961666,0.6770781144877538,0.1569074380650035,0.33419909771681744,0.5129067697804753,2.04,"First-Line Supervisors of Farming, Fishing, and Forestry Workers",mult-5.1.0,2026-07-29
452011,14.9,49940.0,0.7175339499756082,0.5931430814184412,0.5772604765552963,0.7484283689247364,0.6720992562511905,0.6055053751127268,0.32041062631403594,0.6574405961925394,0.6433581997064868,2.641,Agricultural Inspectors,mult-5.1.0,2026-07-29
452021,8.1,51130.0,0.4753097523115333,0.14564010959727988,0.5902780247457804,0.0375074782082808,0.5319610518899367,0.4666542607251749,0.3170881013053505,0.0,0.29705855804193604,1.33,Animal Breeders,mult-5.1.0,2026-07-29
452041,36.8,35730.0,0.393403605185904,0.2605051586149189,0.4518570256630529,0.7123638998321464,0.47905995931458656,0.18322621280006868,0.3815362593098417,0.29470711015508716,0.3471955538808833,1.469,"Graders and Sorters, Agricultural Products",mult-5.1.0,2026-07-29
452091,70.3,41730.0,0.48533021547454613,0.1017733540863619,0.6585734568120203,0.5673632224258086,0.4126781890329596,0.21901258248758204,0.35643851660929926,0.16103881879655543,0.3430167992254972,1.457,Agricultural Equipment Operators,mult-5.1.0,2026-07-29
452092,488.1,35660.0,0.5306223597485955,0.2908127619306861,0.5170776303891794,0.36808422526717466,0.38898301925037604,0.12310511172504619,0.3417023891748155,0.0,0.33530542448508605,1.435,"Farmworkers and Laborers, Crop, Nursery, and Greenhouse",mult-5.1.0,2026-07-29
452093,213.4,36670.0,0.48852977283255405,0.43146415294506646,0.4936939618963093,0.2353640150527145,0.4269287443124664,0.41512188837515573,0.3245965112412044,0.034011043866538276,0.36166652343192923,1.512,"Farmworkers, Farm, Ranch, and Aquacultural Animals",mult-5.1.0,2026-07-29
453031,20.9,,0.5021074060045397,0.3688936811009286,0.43877670923162543,0.0,0.45755412823378117,0.4351622554001632,0.31125675337159026,0.0,0.33061098392291915,1.422,Fishing and Hunting Workers,mult-5.1.0,2026-07-29
454011,10.3,43680.0,0.6843701832108103,0.335070570484125,0.7310417579620423,0.6619903661968669,0.640111674175019,0.6327030160752372,0.12691554954319598,0.5007854042993858,0.5604834002515293,2.241,Forest and Conservation Workers,mult-5.1.0,2026-07-29
454021,5.2,52100.0,0.6029145865928388,0.2460639866132022,0.41013294772870557,0.680009183819302,0.5870397828676808,0.7114330293877665,0.0,0.4685087556372396,0.4415441510862032,1.771,Fallers,mult-5.1.0,2026-07-29
454022,30.5,49740.0,0.32020065969698297,0.11419507788880043,0.4946440116539352,0.49100978764152026,0.6512922382455165,0.8674616012253251,0.4302735340314114,0.6694210885685744,0.39089304185422563,1.602,Logging Equipment Operators,mult-5.1.0,2026-07-29
454023,4.6,46330.0,0.540569342576459,0.27760297692073116,0.46744818626325424,0.42806792335243454,0.3630026561845201,0.6899612075752588,0.35929277543373944,0.3135832779944257,0.40345700375437776,1.642,Log Graders and Scalers,mult-5.1.0,2026-07-29
471011,970.6,79920.0,0.8083953957619678,0.5751847479150008,0.2759386835176598,0.8291931902689763,0.13929727939679037,0.8202235932378071,0.12319028967609716,0.4319918563903272,0.5495005065084543,2.193,First-Line Supervisors of Construction Trades and Extraction Workers,mult-5.1.0,2026-07-29
472011,10.1,76410.0,0.7888960454222059,0.5110417928973425,0.1977478830100565,0.8324122219809248,0.505448653388137,0.7472193990752802,0.05926408287763948,0.5782697368266616,0.5485462726596742,2.189,Boilermakers,mult-5.1.0,2026-07-29
472021,76.4,62120.0,0.7708524816967101,0.7101023485064317,0.2348646634718761,0.6007982618829151,0.5521366997112449,0.46379135115017395,0.11668928489853839,0.2993985470852482,0.5306039011013082,2.113,Brickmasons and Blockmasons,mult-5.1.0,2026-07-29
472022,11.8,57390.0,0.7056052794476055,0.5146234682258783,0.1350642329638568,0.7154350704827402,0.6574903955659945,0.8116348645128043,0.07846083467031012,0.6326724597240663,0.5255184124145391,2.091,Stonemasons,mult-5.1.0,2026-07-29
472031,1002.1,60580.0,0.8428727652150051,0.6586123745473221,0.25331779165626467,0.7459876026260933,0.6023200302021625,0.7729855852502899,0.013306887177898557,0.5676573140575476,0.6100928100469719,2.473,Carpenters,mult-5.1.0,2026-07-29
472041,18.3,50340.0,0.7683944752215025,0.31388952320133245,0.019902667411629927,0.6746214265752594,0.7780864334670482,0.5854650080877195,0.0,0.5033802948505322,0.43881633056174285,1.761,Carpet Installers,mult-5.1.0,2026-07-29
472042,36.9,56460.0,0.6789405270889144,0.2004285597272285,0.3084030011036899,0.5243146487238116,0.763995081366817,0.4623598963626734,0.26345903686895467,0.4398420315530245,0.42543040616747557,1.715,"Floor Layers, Except Carpet, Wood, and Hard Tiles",mult-5.1.0,2026-07-29
472043,5.8,50440.0,0.7209840767328969,0.46564787931174106,0.2066823640156459,0.42993533007113094,0.6492049898487366,0.6198199229877324,0.2374905486845251,0.38548808762806175,0.47041568755794894,1.875,Floor Sanders and Finishers,mult-5.1.0,2026-07-29
472044,58.0,55690.0,0.5844483823618398,0.2619469599341281,0.3117764795082185,0.5539312881318672,0.7795462114420129,0.4365937101876635,0.3590161703970014,0.5003896691899351,0.4282739678912114,1.725,Tile and Stone Setters,mult-5.1.0,2026-07-29
472051,210.4,57020.0,0.49121470923491495,0.7448974674471995,0.1923922284019937,0.6967738676961189,0.533731990261699,0.5596988219127098,0.2497401345552839,0.4773541949010511,0.4914057740379359,1.955,Cement Masons and Concrete Finishers,mult-5.1.0,2026-07-29
472053,1.3,76170.0,0.5960417181140238,0.42724461783143786,0.08419867953472004,0.31139043714603354,0.6638059871620731,0.39078715698764643,0.18048261207120164,0.14614759742114355,0.33900030515429647,1.445,Terrazzo Workers and Finishers,mult-5.1.0,2026-07-29
472061,1563.4,47120.0,0.3142857450459528,0.4232871081067061,0.32928594139565126,0.8002844420223788,0.5990744840246065,0.6327030160752372,0.5544097702723962,0.778570518280784,0.46060731838978863,1.839,Construction Laborers,mult-5.1.0,2026-07-29
472071,48.6,53340.0,0.6800932205104118,0.5706783744021626,0.2787619550567484,0.7053409455972495,0.48295997518001266,0.5024406304126886,0.12301459246917,0.35888326287121014,0.49217076648281644,1.958,"Paving, Surfacing, and Tamping Equipment Operators",mult-5.1.0,2026-07-29
472072,3.3,73300.0,0.7320140389286142,0.4507005218996552,0.3336508071613203,0.6526212845450009,0.4842358394365116,0.7858686783377946,0.0,0.4320781982906245,0.5070290531584182,2.016,Pile Driver Operators,mult-5.1.0,2026-07-29
472073,507.1,59850.0,0.5840608853770853,0.40052398328640615,0.28504090743712607,0.8403246336609576,0.4754696546672601,1.0,0.1911735927177306,0.7792555600345303,0.527171332930785,2.098,Operating Engineers and Other Construction Equipment Operators,mult-5.1.0,2026-07-29
472081,107.4,58930.0,0.7891841005373331,0.47052578629898734,0.23881886638466004,0.5951474942949159,0.5529897180820339,0.4523397128501696,0.046758980509945466,0.25577513176607286,0.46609423295439695,1.859,Drywall and Ceiling Tile Installers,mult-5.1.0,2026-07-29
472082,15.6,68270.0,0.6214499951946197,0.38139943829829126,0.18479531810355113,0.5673491338106428,0.5509762949847907,0.33639187506262613,0.2093373580978631,0.24312868804436893,0.3795260937647612,1.566,Tapers,mult-5.1.0,2026-07-29
472111,896.1,63190.0,0.79840552908862,0.8166474297463114,0.3923409949270658,0.6853929085472728,0.5858935250243866,0.762965401737786,0.039862221630080324,0.521301763730438,0.6524771560811864,2.69,Electricians,mult-5.1.0,2026-07-29
472121,62.5,57080.0,0.7293039843956145,0.5084731500698209,0.27650512354281787,0.6181510791233561,0.6138354368561337,0.6899612075752588,0.15862373651629927,0.5030112968984384,0.5269633317693128,2.097,Glaziers,mult-5.1.0,2026-07-29
472131,41.7,49120.0,0.5528581347811548,0.414742830715725,0.282072966220334,0.6232879314944514,0.5304260696725067,0.4079646144376529,0.20422158618386138,0.310985688098156,0.4037041633818835,1.643,"Insulation Workers, Floor, Ceiling, and Wall",mult-5.1.0,2026-07-29
472132,28.5,58340.0,0.6759948628169081,0.5212475494588306,0.2886070860265514,0.6526206608855046,0.6657651412481032,0.3249402367626218,0.11708169998811929,0.32157688536150847,0.47122598475546745,1.878,"Insulation Workers, Mechanical",mult-5.1.0,2026-07-29
472141,355.2,49400.0,0.6420160966559809,0.5658461233538908,0.2702559596312528,0.6875982004336023,0.6509695221676618,0.3292346011251235,0.3024064123335123,0.42850678062735703,0.49524424691835683,1.97,"Painters, Construction and Maintenance",mult-5.1.0,2026-07-29
472142,2.5,52140.0,0.7575497565278402,0.2910496434691334,0.29224954194583014,0.6702505789317609,0.7033375134972337,0.4995777208376874,0.0,0.4046905505861934,0.45964988386134975,1.836,Paperhangers,mult-5.1.0,2026-07-29
472151,32.9,49000.0,0.6616922925644855,0.3916726862478284,0.14722590281158004,0.72218893791495,0.47008983355870715,0.6928241171502599,0.15167014231302203,0.4901604624780908,0.4484111555131414,1.795,Pipelayers,mult-5.1.0,2026-07-29
472152,527.2,63800.0,0.7946245383911098,0.5096651670852202,0.2996959115496557,0.6738313142266096,0.2573544374535385,0.6921083897565093,0.1372625003571962,0.32178801459253176,0.506189839246702,2.013,"Plumbers, Pipefitters, and Steamfitters",mult-5.1.0,2026-07-29
472161,25.2,57660.0,0.673714796881548,0.3096541077611042,0.25568700640442715,0.6449127310519343,0.6637241624960253,0.4809688086001802,0.22633408745703795,0.45968676524823776,0.4455870585976853,1.785,Plasterers and Stucco Masons,mult-5.1.0,2026-07-29
472171,20.3,58970.0,0.8117870753923074,0.607235547915236,0.25423617427392237,0.6401530619667141,0.5319963204071493,0.4237106171001588,0.0,0.23612835676863175,0.5052243336434437,2.009,Reinforcing Iron and Rebar Workers,mult-5.1.0,2026-07-29
472181,176.5,55440.0,0.8376824549149477,0.5878542709804241,0.2600981485051709,0.542506647082155,0.6836233582701658,0.5296382713751986,0.0,0.3196457475765191,0.5301993708147543,2.111,Roofers,mult-5.1.0,2026-07-29
472211,130.1,61800.0,0.8835656154828425,0.6092053700938896,0.26530529784642465,0.7866934822807913,0.6573799350669793,0.46951717030017603,0.035315644666887414,0.45940493011914746,0.585283319267397,2.354,Sheet Metal Workers,mult-5.1.0,2026-07-29
472221,68.6,62780.0,0.661108415073763,0.730443723520258,0.28250777323190196,0.6639563228294889,0.45436297754723165,0.6012110107502255,0.0,0.3125373597887883,0.5155793499957708,2.051,Structural Iron and Steel Workers,mult-5.1.0,2026-07-29
472231,40.6,53140.0,0.7569062883341309,0.6627531697082265,0.5873178333814405,0.7706951541209877,0.39300652168346084,0.7343363059877754,0.05102138189318156,0.4557236170142056,0.6241546498571353,2.543,Solar Photovoltaic Installers,mult-5.1.0,2026-07-29
473011,14.4,47550.0,0.6803315911379401,0.43757013852269927,0.19020318785552867,0.5694478287803459,0.6607254443042809,0.43086789103766165,0.10750738028331623,0.317662821785076,0.4309483549894315,1.734,"Helpers--Brickmasons, Blockmasons, Stonemasons, and Tile and Marble Setters",mult-5.1.0,2026-07-29
473012,26.4,43780.0,0.45314967939553263,0.5104687777791987,0.39139346498272226,0.6716021294427327,0.6880963361735031,0.5410899096752028,0.1536552652183734,0.49441800186932244,0.4654452917273345,1.857,Helpers--Carpenters,mult-5.1.0,2026-07-29
473013,66.7,42670.0,0.7537831186147336,0.5154955628283185,0.3391980256677248,0.5766158706371145,0.5305386461815351,0.4652228059376745,0.19137323676860044,0.3056821443430896,0.49926896751081706,1.985,Helpers--Electricians,mult-5.1.0,2026-07-29
473014,7.6,40470.0,0.41871474807587605,0.2528740000034277,0.38007193845820647,0.6344449182568331,0.6220832277796684,0.432299345825162,0.3578094622299227,0.4610602054154964,0.38011236346913513,1.568,"Helpers--Painters, Paperhangers, Plasterers, and Stucco Masons",mult-5.1.0,2026-07-29
473015,47.5,42360.0,0.5439173097177563,0.44176982322807834,0.40041654533889903,0.5631756872642605,0.5098249561390362,0.5110293591376917,0.26197873755319934,0.34462054386659846,0.4398560937567759,1.765,"Helpers--Pipelayers, Plumbers, Pipefitters, and Steamfitters",mult-5.1.0,2026-07-29
473016,5.5,44160.0,0.5872320682302639,0.5539947679484961,0.4387523324914195,0.49592594644599525,0.58960485063366,0.45090825806266904,0.46251493420488454,0.40375069819163173,0.503356453502395,2.002,Helpers--Roofers,mult-5.1.0,2026-07-29
474011,146.5,74690.0,0.7518640183890283,0.40392237317876883,0.3229172086712392,0.8278843588597304,0.1860696229230433,0.5761605519689661,0.4145185908272193,0.45233968087739646,0.5042081607649976,2.005,Construction and Building Inspectors,mult-5.1.0,2026-07-29
474021,25.4,109910.0,0.7628404974244631,0.7452891821699951,0.2825773848305629,0.5647307026120775,0.471793264297666,1.0,0.10205233551909715,0.5378957622122759,0.6061638622890192,2.454,Elevator and Escalator Installers and Repairers,mult-5.1.0,2026-07-29
474031,27.6,47980.0,0.49239327713872266,0.5296429487879383,0.30025670647193264,0.4188240220547268,0.46891284604791506,0.45520262242517073,0.20127201854861965,0.1551158465505978,0.37895902327063735,1.564,Fence Erectors,mult-5.1.0,2026-07-29
474041,51.8,49450.0,0.5917382571371583,0.6647706328666794,0.3221780878614225,0.631632158852573,0.31789984109195957,0.4365937101876635,0.3176932530426531,0.261541987544651,0.4735352498162646,1.887,Hazardous Materials Removal Workers,mult-5.1.0,2026-07-29
474051,163.9,50260.0,0.51153708106496,0.6961468498265597,0.24102714665739602,0.2536478936551428,0.3882967012346812,0.7371992155627765,0.41276372609151757,0.25766155169636473,0.4401186540316983,1.766,Highway Maintenance Workers,mult-5.1.0,2026-07-29
474061,15.3,70070.0,0.5802601820019464,0.5192638319944022,0.20919169637386228,0.5424689967629394,0.576927331001698,0.6026424655377257,0.21175060970539378,0.40035767643592923,0.4458217709829392,1.786,Rail-Track Laying and Maintenance Equipment Operators,mult-5.1.0,2026-07-29
474071,32.7,49880.0,0.3935155366537346,0.6277793970932104,0.3616563855932428,0.7357494609681072,0.3841337224569853,0.5410899096752028,0.2950087179362421,0.4266522659764228,0.4539938538821773,1.815,Septic Tank Servicers and Sewer Pipe Cleaners,mult-5.1.0,2026-07-29
475011,11.3,58620.0,0.514528569506185,0.8297321571842932,0.277155024398757,0.2024020722415559,0.7622923338181156,0.5568359123377087,0.17716389984690326,0.2241410092284398,0.4732578673347901,1.886,"Derrick Operators, Oil and Gas",mult-5.1.0,2026-07-29
475012,13.4,67890.0,0.8370606919532468,0.7428111895401476,0.27877392256227096,0.25669656697714976,0.8670060931920058,0.9476230693253551,0.009907063685025516,0.47809140731317895,0.6120986413117598,2.483,"Rotary Drill Operators, Oil and Gas",mult-5.1.0,2026-07-29
475013,45.4,58160.0,0.5061401719013029,0.7006131916827607,0.2848137480387689,0.34649153969053154,0.7954596682309749,0.9776836198628667,0.3362293024862044,0.6728313960549167,0.5521659481125639,2.205,"Service Unit Operators, Oil and Gas",mult-5.1.0,2026-07-29
475022,35.6,57430.0,0.5452913419657412,0.2593796404671559,0.25965429763790276,0.7558422908864655,0.4572479122807226,0.6498804735252438,0.2032829311990447,0.505562737101186,0.40675385650938845,1.653,"Excavating and Loading Machine and Dragline Operators, Surface Mining",mult-5.1.0,2026-07-29
475023,18.8,60190.0,0.6458144311632351,0.43989792973012376,0.314813687715867,0.7857770517422445,0.6345224147638614,0.6541748378877453,0.1568956030855314,0.6128788419458882,0.519901259811147,2.068,"Earth Drillers, Except Oil and Gas",mult-5.1.0,2026-07-29
475032,5.8,61390.0,0.6443967495491608,0.6706688508379649,0.2495194364321246,0.9125989290499668,0.5992218901302223,0.824517957600309,0.2745802427566327,0.8397758598079597,0.6208340898126543,2.526,"Explosives Workers, Ordnance Handling Experts, and Blasters",mult-5.1.0,2026-07-29
475041,15.0,61810.0,0.469726568869521,0.6031364386116564,0.36690125216786384,0.4796857328446396,0.648128137742508,0.8345381411128129,0.3406731271724361,0.5972208329362338,0.5143875389814017,2.046,Continuous Mining Machine Operators,mult-5.1.0,2026-07-29
475043,1.5,78540.0,0.2466258326946044,0.932205919692143,0.0,0.3111224394548691,0.7936102073877802,0.5783077341502171,0.42413278194894993,0.4507124045834772,0.41971733087728635,1.696,"Roof Bolters, Mining",mult-5.1.0,2026-07-29
475044,5.0,74500.0,0.37019800852994483,0.4878240937281225,0.06580355176899137,0.4877264686390255,0.39505760374659726,0.46379135115017395,0.35048923202521504,0.23649810801502377,0.30530066334856826,1.352,"Loading and Moving Machine Operators, Underground Mining",mult-5.1.0,2026-07-29
475051,3.4,48740.0,0.5473498423750552,0.2077507136502979,0.46515348685329655,0.3864632772662842,0.6590951274310575,0.19754076067507417,0.22218664990298104,0.10182046475597446,0.33462844468474395,1.433,"Rock Splitters, Quarry",mult-5.1.0,2026-07-29
475071,47.1,46960.0,0.7352387731530486,0.4160589127826857,0.31434357660549,0.3325383301105064,0.5984108714001424,0.7142959389627679,0.0034211559451118264,0.2305353759642703,0.4450889194537516,1.783,"Roustabouts, Oil and Gas",mult-5.1.0,2026-07-29
475081,6.9,47730.0,0.20494083927840615,0.6111679137895178,0.3143962133718406,0.7304651007059835,0.6988537260700518,0.7200217581127698,0.498486231393698,0.8134198202160048,0.4805084279592706,1.913,Helpers--Extraction Workers,mult-5.1.0,2026-07-29
491011,636.5,79860.0,0.6880458767061185,0.5076850888623043,0.27768564331134377,0.9999249096876758,0.3377632515829636,0.5138922687126928,0.28844034524087536,0.5683602024582334,0.5309622145042387,2.114,"First-Line Supervisors of Mechanics, Installers, and Repairers",mult-5.1.0,2026-07-29
492011,78.4,47810.0,0.5898434525493568,0.39420162825885063,0.3018284885578129,0.8789984156460987,0.6735597461933455,0.472380079875177,0.47604340873592893,0.7463996155835202,0.5224690444369623,2.079,"Computer, Automated Teller, and Office Machine Repairers",mult-5.1.0,2026-07-29
492021,12.7,63520.0,0.6766133706081882,0.2693729976603713,0.4017136164358659,0.9024504000761788,0.8046699344117384,0.5425213644627034,0.2802276711377077,0.7896764648605983,0.548089100099872,2.187,"Radio, Cellular, and Tower Equipment Installers and Repairers",mult-5.1.0,2026-07-29
492022,150.4,63890.0,0.6822939879412981,0.5086895195197434,0.21827246010801574,0.6787440810329444,0.7632424496981468,0.6384288352252392,0.20568781401402259,0.6269005807427492,0.5322402134696158,2.119,"Telecommunications Equipment Installers and Repairers, Except Line Installers",mult-5.1.0,2026-07-29
492091,23.1,82280.0,0.7149282581287709,0.46993424413314394,0.31625887869588576,0.7995337476379466,0.8736027227029058,0.6441546543752416,0.3537677950168103,0.8526797719547557,0.6083837571997833,2.465,Avionics Technicians,mult-5.1.0,2026-07-29
492092,17.7,56210.0,0.6547181106114598,0.6019249020281446,0.348090694748418,0.9047300299921195,0.7040215042509255,0.6899612075752584,0.16934633283251696,0.766367757917351,0.6081067371194955,2.463,"Electric Motor, Power Tool, and Related Repairers",mult-5.1.0,2026-07-29
492093,7.4,84890.0,0.7473282354311555,0.510910118522619,0.30693615904444776,0.7836949509181055,0.7155904440752847,0.48955753732518364,0.23989165358356737,0.6011876609884675,0.5636101473160079,2.255,"Electrical and Electronics Installers and Repairers, Transportation Equipment",mult-5.1.0,2026-07-29
492094,60.7,74090.0,0.7472986002456461,0.5457720671711611,0.20791638454175143,0.9815367799000556,0.8229166461947486,0.4952833564751859,0.34649373177353116,0.8604300924412787,0.617323396885154,2.509,"Electrical and Electronics Repairers, Commercial and Industrial Equipment",mult-5.1.0,2026-07-29
492095,24.7,103020.0,0.8603565918136897,0.5918322927936802,0.2993398918505089,0.7642530226998514,0.6811617834912083,0.877481784737829,0.1091712063592715,0.735400031498103,0.6497830369871544,2.675,"Electrical and Electronics Repairers, Powerhouse, Substation, and Relay",mult-5.1.0,2026-07-29
492096,8.9,48420.0,0.6628736460740482,0.5737962118579286,0.008429339770706576,0.8325475956654922,0.6687031272428177,0.6012110107502254,0.26107403010781505,0.6846790154780603,0.515166768610353,2.049,"Electronic Equipment Installers and Repairers, Motor Vehicles",mult-5.1.0,2026-07-29
492097,26.3,52600.0,0.6313799820376201,0.37998476587035684,0.39947615305963347,0.8520899698957809,0.8180086425379763,0.1374196596000515,0.3769481807427343,0.5666807534415126,0.5059756050511801,2.012,Audiovisual Equipment Installers and Repairers,mult-5.1.0,2026-07-29
492098,94.9,60070.0,0.6668471830189157,0.4132196427226918,0.4451454289901363,0.7568314381259265,0.5185033318364806,0.8560099629253206,0.15161266242879737,0.6407548319516061,0.5525768593722764,2.207,Security and Fire Alarm Systems Installers,mult-5.1.0,2026-07-29
493011,145.0,79870.0,0.7176025157395312,0.7054613230576328,0.2668620291417115,0.8609676346550719,0.675343383857645,0.6727837501252522,0.10195399760216316,0.6757673859102944,0.6139603377921834,2.492,Aircraft Mechanics and Service Technicians,mult-5.1.0,2026-07-29
493021,175.4,54890.0,0.49432507971357337,0.5136719719904387,0.26447891127893525,0.6713827074555776,0.616275170485961,0.6069368299002277,0.3724873563808034,0.5948609793995354,0.4783265440173526,1.905,Automotive Body and Related Repairers,mult-5.1.0,2026-07-29
493022,21.1,47630.0,0.6925148537891779,0.23055089256599764,0.20570889019633845,0.5605324514065396,0.5940260698302681,0.42657352667515974,0.007803330450279087,0.22160616854836834,0.3619354994546125,1.513,Automotive Glass Installers and Repairers,mult-5.1.0,2026-07-29
493023,839.2,50620.0,0.7584200670149247,0.6767324888779983,0.29593529493620974,0.7945990952511834,0.7169260326072957,0.7858686783377946,0.10959602070496935,0.7240403720370433,0.6369062943204797,2.608,Automotive Service Technicians and Mechanics,mult-5.1.0,2026-07-29
493031,327.7,61770.0,0.6846860402732203,0.5933078398069142,0.2623362356434276,0.9690653029293828,0.5910320356285768,0.7185903033252696,0.16998498302850815,0.7624131024849465,0.5968032947836168,2.409,Bus and Truck Mechanics and Diesel Engine Specialists,mult-5.1.0,2026-07-29
493041,43.3,56550.0,0.6761649924814795,0.5213494482211792,0.38591331092964565,0.6829677963383741,0.45047009876160726,0.6956870267252611,0.10100000805067584,0.428073302067459,0.5173878475025325,2.058,Farm Equipment Mechanics and Service Technicians,mult-5.1.0,2026-07-29
493042,199.6,65510.0,0.7254604016588663,0.5765435083596984,0.3111266034811465,0.9329550807737074,0.5305343970441241,0.7472193990752802,0.05041826969434552,0.6607647369075091,0.589190502510691,2.373,"Mobile Heavy Equipment Mechanics, Except Engines",mult-5.1.0,2026-07-29
493043,18.4,67530.0,0.41409098623265905,0.5548443654215867,0.2702378919462643,0.5490517409456528,0.48313050797505475,0.44231952933766583,0.30551408198186464,0.2984978039618482,0.3916104166049093,1.604,Rail Car Repairers,mult-5.1.0,2026-07-29
493051,27.8,57550.0,0.6908589467647038,0.581578895252393,0.36641371466646927,0.8334409901718843,0.5933016792615691,0.7429250347127785,0.06997787987099405,0.6338160539054077,0.5843891642521551,2.35,Motorboat Mechanics and Service Technicians,mult-5.1.0,2026-07-29
493052,15.7,48580.0,0.6957974249166828,0.7022687157307925,0.36800104571205,0.34303920350885425,0.5831836496746061,1.0,0.1431048474986395,0.4654333440377552,0.5742649515595518,2.303,Motorcycle Mechanics,mult-5.1.0,2026-07-29
493053,37.8,47880.0,0.5303916538464815,0.3781982291278766,0.3206677003261068,0.9157130789842818,0.564015383007319,0.5539730027627078,0.2931096361887014,0.6689138275248191,0.4850290503823397,1.93,Outdoor Power Equipment and Other Small Engine Mechanics,mult-5.1.0,2026-07-29
493091,12.9,42780.0,0.6778736486237984,0.48024256113725566,0.4174005910899938,0.502668419532597,0.7087035164606772,0.9404657953878522,0.23358199309898467,0.6617181323918455,0.5723323861874137,2.295,Bicycle Repairers,mult-5.1.0,2026-07-29
493092,21.7,52000.0,0.6911350802553572,0.43028106861337945,0.6042249333390131,0.6236506428622597,0.5014341616795102,0.4609284415751728,0.16332630128618958,0.3060422803732321,0.5122663479910627,2.037,Recreational Vehicle Service Technicians,mult-5.1.0,2026-07-29
493093,119.9,37710.0,0.39996200982055397,0.6572254926909373,0.5289997692989997,0.5398885147030671,0.567907392101239,0.6727837501252522,0.4571359299592046,0.5516711305722659,0.528012712621767,2.102,Tire Repairers and Changers,mult-5.1.0,2026-07-29
499011,31.7,55720.0,0.5264659923197613,0.3969019454610961,0.38927254038136977,0.7158955080709494,0.438865352370737,0.6012110107502255,0.23018205221137364,0.4499541626987544,0.447508332812165,1.792,Mechanical Door Repairers,mult-5.1.0,2026-07-29
499012,48.3,74340.0,0.7808765892015441,0.6112228332523424,0.24879627151980724,0.8555990477437152,0.6127329102822017,0.6656264761877496,0.17135214261641044,0.6634571176231723,0.6026922187833034,2.437,"Control and Valve Installers and Repairers, Except Mechanical Door",mult-5.1.0,2026-07-29
499021,459.7,61010.0,0.8766171142101631,0.5280966019852804,0.3604540739205905,0.6857901092027135,0.4679024316947801,0.7443564895002789,0.04080278739335267,0.4407638924201212,0.5772910726485174,2.317,"Heating, Air Conditioning, and Refrigeration Mechanics and Installers",mult-5.1.0,2026-07-29
499031,38.3,50990.0,0.6028436245377017,0.5016869571694952,0.26504782953002526,0.8010122304338844,0.47279703832485787,0.5783077341502166,0.18801612574129534,0.49721383541138897,0.4835878514125366,1.925,Home Appliance Repairers,mult-5.1.0,2026-07-29
499041,510.3,64520.0,0.7260428346163856,0.4934225705348361,0.4659558062284012,0.9843482968400262,0.8165444592000333,0.18465766758756916,0.14372998586534425,0.5773357290272121,0.578693586521108,2.324,Industrial Machinery Mechanics,mult-5.1.0,2026-07-29
499043,55.9,60850.0,0.7855906364912878,0.49890260657232577,0.22549980401736552,1.0,0.6925458591640834,0.5926222820252224,0.14070399611523166,0.756013100288597,0.59450607846609,2.398,"Maintenance Workers, Machinery",mult-5.1.0,2026-07-29
499044,41.3,65700.0,0.7832080539000468,0.695966872791762,0.26479388456716935,0.9124917334445036,0.46883333010327377,0.8731874203753273,0.1297187812226926,0.7221338283898273,0.6424463683788452,2.637,Millwrights,mult-5.1.0,2026-07-29
499045,0.9,61290.0,0.4387321243966942,0.7894450919610851,0.1825621447001848,0.5877052708400722,0.8756509863730525,0.4079646144376529,0.2529545413044817,0.5141656486548004,0.49403475141301667,1.965,"Refractory Materials Repairers, Except Brickmasons",mult-5.1.0,2026-07-29
499051,135.8,95320.0,0.763036485227476,0.6981312289712631,0.30166621797317256,0.8096021070524438,0.6126398882099393,0.90754233527534,0.0,0.6929334075200884,0.6370103482857152,2.608,Electrical Power-Line Installers and Repairers,mult-5.1.0,2026-07-29
499052,96.8,74330.0,0.6444371310991175,0.6562938468637476,0.2515766496422344,0.7479706111933222,0.697069488261521,0.5754448245752157,0.17447330558488744,0.5846259243742944,0.5538764120676927,2.212,Telecommunications Line Installers and Repairers,mult-5.1.0,2026-07-29
499061,1.9,52720.0,0.7044742165418498,0.14893130728509396,0.17524698753608295,0.7162461890470886,0.998144080785927,0.3836298830501438,0.5328530652756033,0.7975522665895962,0.4830125559384441,1.923,Camera and Photographic Equipment Repairers,mult-5.1.0,2026-07-29
499062,76.8,61660.0,0.6216544336372943,0.40820873800017166,0.45507979628852646,0.8979009415426067,0.7026445343217711,0.648449018737743,0.2529160588280711,0.7757510176173794,0.5735022282532813,2.3,Medical Equipment Repairers,mult-5.1.0,2026-07-29
499063,6.3,46420.0,0.671290302393739,0.18838399368153558,0.3206136384040842,0.6490134645844113,1.0,0.38219842826264344,0.3246882264601984,0.6507284531672526,0.47528793011113557,1.893,Musical Instrument Repairers and Tuners,mult-5.1.0,2026-07-29
499064,1.4,67230.0,0.8346137650566535,0.09469139010311438,0.17513298929800333,0.5473366531621168,0.9140921603024025,0.3091942341001161,0.2583909140520225,0.4520403245450331,0.4220936560386336,1.704,Watch and Clock Repairers,mult-5.1.0,2026-07-29
499071,1692.1,49590.0,0.6891431988586398,0.683646386071397,0.34496975803911706,0.9843784829993472,0.5987007089392362,0.6155255586252307,0.21800865000980238,0.7394475463599993,0.6315103943732644,2.58,"Maintenance and Repair Workers, General",mult-5.1.0,2026-07-29
499081,20.5,64120.0,0.6006476307089742,0.7894404601991607,0.6419568448860984,0.846943844608862,0.4735031278561307,0.8975221517628363,0.18611193232605072,0.7194337327445314,0.685804206425835,2.873,Wind Turbine Service Technicians,mult-5.1.0,2026-07-29
499091,31.6,47450.0,0.5370911711783349,0.38505257509652596,0.3456499845444102,0.9332233825788124,0.6472555772461879,0.37074678996263905,0.3247476122528442,0.6369872803987491,0.4857673121362013,1.933,"Coin, Vending, and Amusement Machine Servicers and Repairers",mult-5.1.0,2026-07-29
499092,4.5,72990.0,0.636744159702024,0.5070796514106861,0.3732444951268599,0.7792435097450114,0.6198601428669599,0.6627635666127485,0.14604754155655203,0.5994377628144295,0.5423015004922581,2.162,Commercial Divers,mult-5.1.0,2026-07-29
499094,17.2,51320.0,0.6966264290431421,0.2979873611524322,0.22397232449309226,0.7489911140209039,0.5735038607433998,0.5410899096752028,0.27398206629103694,0.5387624647778076,0.46296985009412106,1.848,Locksmiths and Safe Repairers,mult-5.1.0,2026-07-29
499095,3.3,45990.0,0.2536776453391164,0.742307650850878,0.3524852854070329,0.6203954409157986,0.41439192621826404,0.7157273937502683,0.43943756224812813,0.5349400434527769,0.46591227425905524,1.858,Manufactured Building and Mobile Home Installers,mult-5.1.0,2026-07-29
499096,25.4,62640.0,0.633586672403969,0.6970963610211743,0.35733691624469854,0.9407473635511558,0.5799937295863635,0.7314733964127743,0.17418419553005857,0.7452922299041504,0.6221405327014615,2.533,Riggers,mult-5.1.0,2026-07-29
499097,8.8,92460.0,0.5272119523464825,0.3782505018696007,0.30304478001203733,0.16525421211791036,0.7565298570870622,0.5983481011752242,0.23776390234276606,0.24773182597069981,0.3752681236664273,1.553,Signal and Track Switch Repairers,mult-5.1.0,2026-07-29
499098,101.0,39630.0,0.6653243138861351,0.4133010293965158,0.4364589508252146,0.9320092747226021,0.6585505229010822,0.6684893857627506,0.14822265055830025,0.7359622508398882,0.5742049043899844,2.303,"Helpers--Installation, Maintenance, and Repair Workers",mult-5.1.0,2026-07-29
499099,226.5,49230.0,0.6987700824404093,0.43223037870350794,0.3308480776805409,0.982821433008686,0.6804206708017232,0.7042757554502641,0.2054356960344279,0.8337716707114664,0.5923011526219746,2.387,"Installation, Maintenance, and Repair Workers, All Other",mult-5.1.0,2026-07-29
511011,706.9,74450.0,0.6655791115998616,0.7006806830708101,0.3208532147093594,1.0,0.32626904665700096,0.6870982980002577,0.43659702844144865,0.7351387369519222,0.6227992314275135,2.536,First-Line Supervisors of Production and Operating Workers,mult-5.1.0,2026-07-29
512011,28.7,65380.0,0.6350089208459843,0.5140795670398343,0.14476813540777136,0.20162523441815586,0.6715240936559643,0.4781058990251793,0.3781187623080977,0.21838995924951907,0.40257368490768786,1.639,"Aircraft Structure, Surfaces, Rigging, and Systems Assemblers",mult-5.1.0,2026-07-29
512021,11.5,48220.0,0.3850099132942556,0.38479782819065395,0.27437513081420106,0.8213501686807331,0.9600222859693461,0.5053035399876893,0.6015527245008945,0.9549956136994879,0.5053263606236524,2.009,"Coil Winders, Tapers, and Finishers",mult-5.1.0,2026-07-29
512031,30.3,53710.0,0.6884199014803464,0.4584626932055951,0.04196545815131735,0.6464138339213272,0.6840280081815615,0.5353640905252007,0.09187175234386706,0.44120225723334566,0.43983529968410257,1.765,Engine and Other Machine Assemblers,mult-5.1.0,2026-07-29
512041,45.0,51330.0,0.34414041115190996,0.39630378649250253,0.09214158149071598,0.7868051240663155,0.7085104162085711,0.3134885984626176,0.4514985401643915,0.5951601527859587,0.36953642446333146,1.535,Structural Metal Fabricators and Fitters,mult-5.1.0,2026-07-29
512051,19.4,46880.0,0.32510312998379914,0.6117951866902113,0.4169837090753119,0.6813935075006907,0.9245825317865909,0.15030275268755644,0.46965173463946575,0.560007923467759,0.47387845834969466,1.888,Fiberglass Laminators and Fabricators,mult-5.1.0,2026-07-29
512061,0.2,62620.0,0.6078974570572165,0.007589783743896049,0.0,0.0,0.8329752829070003,0.2905853218626089,0.40308462915676524,0.07081634029121038,0.20197076812594159,1.102,Timing Device Assemblers and Adjusters,mult-5.1.0,2026-07-29
513011,263.2,37160.0,0.3584481208682044,0.2473800686801629,0.6447511687830396,0.7374460589551393,0.3368051575966796,0.4480453484876681,0.633629012468732,0.5055172281718243,0.42470899423006603,1.713,Bakers,mult-5.1.0,2026-07-29
513021,144.5,40140.0,0.524013234580756,0.491041183225137,0.4217570893509973,0.40073137628368144,0.30279939297916625,0.7457879442877794,0.36957477093643815,0.29635685292668024,0.4384048972823806,1.76,Butchers and Meat Cutters,mult-5.1.0,2026-07-29
513022,154.9,38300.0,0.25629855501238197,0.6390253150469873,0.483655118108106,0.4653314984418405,0.4299170673410786,0.6756466597002535,0.5821949626837615,0.4775719046456013,0.452769895048483,1.811,"Meat, Poultry, and Fish Cutters and Trimmers",mult-5.1.0,2026-07-29
513023,71.2,40130.0,0.5844865442861131,0.142644021312113,0.44086684417871996,0.16736035827184673,0.42005606744620316,0.3134885984626176,0.20530720591793997,0.0,0.2991803374496062,1.336,Slaughterers and Meat Packers,mult-5.1.0,2026-07-29
513091,20.8,44810.0,0.4020399175850217,0.36861643706570646,0.4093940566134378,0.6883540215739882,0.7535875244954366,0.5153237235001932,0.5221799555620187,0.7054124910141635,0.4709980186181616,1.877,"Food and Tobacco Roasting, Baking, and Drying Machine Operators and Tenders",mult-5.1.0,2026-07-29
513092,185.4,42290.0,0.5226085856435039,0.27997377734602985,0.5573691761309959,0.6494945785728232,0.6444185096113564,0.3807669734751429,0.41381904043775736,0.48109200786227485,0.4585228572213265,1.831,Food Batchmakers,mult-5.1.0,2026-07-29
513093,29.9,41590.0,0.5032105101448195,0.3722881009116412,0.5642591367539576,0.6081081588202272,0.5577594123450134,0.5325011809501996,0.3629238081403798,0.4660371262135332,0.473396287175531,1.886,Food Cooking Machine Operators and Tenders,mult-5.1.0,2026-07-29
514021,66.8,47720.0,0.2663446897082822,0.5533820520138526,0.3283356805053098,0.7284905542626805,0.7595062520468903,0.877481784737829,0.5985516549663266,0.9894010140705066,0.5312663095346364,2.115,"Extruding and Drawing Machine Setters, Operators, and Tenders, Metal and Plastic",mult-5.1.0,2026-07-29
514022,7.2,49030.0,0.5238539588009293,0.480116841885007,0.0236253072380296,0.7910025862474326,0.7636156385042524,0.6355659256502383,0.2403614619454806,0.7220671839244938,0.4624272555402599,1.846,"Forging Machine Setters, Operators, and Tenders, Metal and Plastic",mult-5.1.0,2026-07-29
514023,20.6,50140.0,0.43476262730896276,0.4523421506619121,0.1917823023985493,0.8076115636758537,0.7934241253215912,0.6069368299002277,0.3818191265009258,0.8019538216355391,0.4823592417467615,1.92,"Rolling Machine Setters, Operators, and Tenders, Metal and Plastic",mult-5.1.0,2026-07-29
514031,153.6,46330.0,0.6716558126539037,0.5897082991109536,0.15444449215293798,0.9119819886295967,0.8516760876363209,0.38935570220014587,0.21519334561425038,0.7023692510961003,0.5554050297785222,2.219,"Cutting, Punching, and Press Machine Setters, Operators, and Tenders, Metal and Plastic",mult-5.1.0,2026-07-29
514032,4.3,49080.0,0.7385995584691627,0.36346128604323813,0.06261559730379064,0.8773452747631282,0.7831615972672115,0.6140941038377303,0.2898203838971039,0.8061042606032462,0.526494373663128,2.095,"Drilling and Boring Machine Tool Setters, Operators, and Tenders, Metal and Plastic",mult-5.1.0,2026-07-29
514033,61.7,46550.0,0.5653516341212427,0.36350098685973764,0.1331565998841666,0.8873611258100891,0.8475981149022371,0.47953735381267987,0.31868311733757076,0.7852747239556466,0.4834307379170522,1.924,"Grinding, Lapping, Polishing, and Buffing Machine Tool Setters, Operators, and Tenders, Metal and Plastic",mult-5.1.0,2026-07-29
514034,16.4,50620.0,0.771417662438014,0.10322640397024598,0.12564195242354131,0.8044465163613015,0.7900739984636105,0.0,0.2677097924113047,0.3822979504113352,0.37793477781150775,1.561,"Lathe and Turning Machine Tool Setters, Operators, and Tenders, Metal and Plastic",mult-5.1.0,2026-07-29
514035,11.8,52800.0,0.7521864065271375,0.5304038811041797,0.12478826938469385,0.9366165039433167,0.7673599583946635,0.15889148141255965,0.19286804475038347,0.5220546547933095,0.5137282098094523,2.043,"Milling and Planing Machine Setters, Operators, and Tenders, Metal and Plastic",mult-5.1.0,2026-07-29
514041,299.6,58750.0,0.6886067840650515,0.31125735906741125,0.31986011259594416,0.9137604406071839,0.8315819461744309,0.48240026338768077,0.2982691194154765,0.7865804557078709,0.5450135114325249,2.174,Machinists,mult-5.1.0,2026-07-29
514051,20.3,54430.0,0.7363989605996463,0.511089433877142,0.29306604909496553,0.5356593695745776,0.811802974031265,0.5983481011752242,0.10277169407516508,0.4808096864979507,0.5275076780926602,2.1,Metal-Refining Furnace Operators and Tenders,mult-5.1.0,2026-07-29
514052,5.7,51810.0,0.2586528381121132,0.34260049201354226,0.2976710961332138,0.4327837183128073,0.910907547332106,0.1760689388625661,0.4924991148211031,0.4005856342643739,0.3229266022297558,1.4,"Pourers and Casters, Metal",mult-5.1.0,2026-07-29
514061,2.6,63340.0,0.6167058563611578,0.24232549305949339,0.18808893722631442,0.872261487626044,0.7841311445255281,0.24907313302509343,0.30882401090898315,0.5949300741993618,0.431943436168324,1.738,"Model Makers, Metal and Plastic",mult-5.1.0,2026-07-29
514062,1.2,58000.0,0.7214118723362962,0.42148204431652575,0.0,0.5731205927723405,0.9250616629118797,0.39794443092514914,0.35473897615247046,0.5756329534589184,0.4657023111447499,1.858,"Patternmakers, Metal and Plastic",mult-5.1.0,2026-07-29
514071,9.4,48110.0,0.6404222359936419,0.492974612988666,0.045062383140988795,0.4251831169834425,0.9359535246615786,0.49528335647518573,0.08035738573328105,0.4038139633409532,0.4253362915086951,1.715,Foundry Mold and Coremakers,mult-5.1.0,2026-07-29
514072,148.8,44350.0,0.5639665071967778,0.5018881079730929,0.31602362038981724,0.6909767912678431,0.8097469733751934,0.32064587240012027,0.2787820113963271,0.5090283496663895,0.4851237906468674,1.931,"Molding, Coremaking, and Casting Machine Setters, Operators, and Tenders, Metal and Plastic",mult-5.1.0,2026-07-29
514081,130.3,47180.0,0.5790711640412224,0.28488278330620115,0.3128543657888621,0.94592809281269,0.7671875636685845,0.27913368356260454,0.47306889279204384,0.7334997338542476,0.4908878516602513,1.953,"Multiple Machine Tool Setters, Operators, and Tenders, Metal and Plastic",mult-5.1.0,2026-07-29
514111,49.3,64050.0,0.7495182997336219,0.27597590512452375,0.17747154006388244,0.9025367365726276,0.8397122717550194,0.6713522953377515,0.2754734647285029,0.8849704469885066,0.5505863859611206,2.198,Tool and Die Makers,mult-5.1.0,2026-07-29
514121,467.2,53750.0,0.527753357668102,0.3214842893976989,0.34155656769326903,0.9509603586969574,0.8593614604188489,0.43659371018766374,0.3365634281086858,0.8206398923030982,0.5121683662642837,2.037,"Welders, Cutters, Solderers, and Brazers",mult-5.1.0,2026-07-29
514122,35.4,47920.0,0.43766052275153705,0.4672888463937231,0.17458577858380317,0.9192514654873494,0.6787036332068264,0.6455861091627421,0.4028796089596176,0.8464228109288171,0.4946432268728568,1.967,"Welding, Soldering, and Brazing Machine Setters, Operators, and Tenders",mult-5.1.0,2026-07-29
514191,12.9,48750.0,0.3369300572458589,0.574370550336622,0.14266212984806872,0.8348918832934069,0.8470028471752186,0.3693153351751385,0.3462123965291041,0.6949881044869314,0.44695110684925976,1.79,"Heat Treating Equipment Setters, Operators, and Tenders, Metal and Plastic",mult-5.1.0,2026-07-29
514192,5.4,63870.0,0.6164400415688708,0.5687555315230338,0.22767246398790023,0.7896792313543695,0.7849560563802975,0.4222791623126584,0.27263769305013635,0.6222874090942343,0.5282272404225583,2.103,"Layout Workers, Metal and Plastic",mult-5.1.0,2026-07-29
514193,27.4,43960.0,0.5761366882040532,0.5155815812640678,0.12455725983239375,0.5452930342857937,0.833149551405419,0.36645242560013735,0.330354045722021,0.47074158681903777,0.44433325044847116,1.781,"Plating Machine Setters, Operators, and Tenders, Metal and Plastic",mult-5.1.0,2026-07-29
514194,5.4,50060.0,0.5539641093747808,0.40480174626423415,0.1994207466193313,0.9218304660540927,0.8241395611642265,0.4036702500751514,0.2767613972211248,0.7308376145732873,0.4899832223456808,1.949,"Tool Grinders, Filers, and Sharpeners",mult-5.1.0,2026-07-29
515111,22.3,48690.0,0.65991615700229,0.25855187844314015,0.28006573767158965,0.5624393161051287,0.9070349137844458,0.25193604260009456,0.5690273775747684,0.5724072074794501,0.46172776611565247,1.843,Prepress Technicians and Workers,mult-5.1.0,2026-07-29
515112,138.0,45780.0,0.6015136372233013,0.5136051422826644,0.22846226858990162,0.7324995689360738,0.8342892266644069,0.581170643725218,0.35524781049387316,0.744665329065537,0.5407141627220211,2.155,Printing Press Operators,mult-5.1.0,2026-07-29
515113,30.0,42290.0,0.5527460713632131,0.4053906417089777,0.10532739044383105,0.062168544626036853,0.8381899885849015,0.4952833564751855,0.3697388064704643,0.22421525270165982,0.3442907731003895,1.461,Print Binding and Finishing Workers,mult-5.1.0,2026-07-29
516011,213.5,34890.0,0.010650384824150991,0.4372975262494024,0.6317651885492728,0.8146529694501117,0.4039184008666178,0.17893184843756726,0.7668810974301837,0.5038809608286993,0.3648427749266253,1.521,Laundry and Dry-Cleaning Workers,mult-5.1.0,2026-07-29
516021,24.6,35060.0,0.6841447120856087,0.1453622038817834,0.23579455630452067,0.39454041493548664,0.7540056364852524,0.0,0.22433914840501157,0.047552400864281426,0.30063097607310296,1.34,"Pressers, Textile, Garment, and Related Materials",mult-5.1.0,2026-07-29
516031,110.7,36670.0,0.47212264471119886,0.06738583019498953,0.2851899321204229,0.9197341782090528,0.9539193446627986,0.07729855852502912,0.41364328301734843,0.677529634401736,0.38490364598662563,1.583,Sewing Machine Operators,mult-5.1.0,2026-07-29
516041,9.1,37800.0,0.3679238386232261,0.34331973847245917,0.27725570362046664,0.3741490813336929,1.0,0.37074678996263905,0.5245649700051888,0.5428133688324593,0.3873615691372908,1.591,Shoe and Leather Workers and Repairers,mult-5.1.0,2026-07-29
516042,3.9,35650.0,0.2614270053481399,0.39779124375068614,0.2962869780257704,0.0,0.9274099370244515,0.2762707739876036,0.668701121935284,0.2449043475210724,0.29835939502753567,1.334,Shoe Machine Operators and Tenders,mult-5.1.0,2026-07-29
516051,5.0,36480.0,0.4355082855140768,0.09156892088542404,0.43990996808674726,0.8282047782575084,0.9735789733989499,0.13026238566254905,0.6533291942582351,0.7694701640324989,0.43389425050105324,1.744,"Sewers, Hand",mult-5.1.0,2026-07-29
516052,37.1,41640.0,0.5603505525008167,0.0889109512207781,0.4438512425626378,0.8539564614417942,1.0,0.571150460212714,0.5358643642774674,1.0,0.5291031520679671,2.106,"Tailors, Dressmakers, and Custom Sewers",mult-5.1.0,2026-07-29
516061,5.5,38180.0,0.2581440657850486,0.477781110514283,0.34138321668010857,0.0,0.8563134280172404,0.49385190168768517,0.5348684990315871,0.26835608962656354,0.33225416310674794,1.426,Textile Bleaching and Dyeing Machine Operators and Tenders,mult-5.1.0,2026-07-29
516062,8.2,38760.0,0.2312176424983734,0.377948775664204,0.29661078032753846,0.8502952267345377,0.7829650918827966,0.25336749738759506,0.5891623007502755,0.7145369197485094,0.4018088726681981,1.637,"Textile Cutting Machine Setters, Operators, and Tenders",mult-5.1.0,2026-07-29
516063,13.6,39530.0,0.3279471467911756,0.2675705805912914,0.31735684327804503,0.2343889466224106,0.8513117573607488,0.17893184843756726,0.5425760942610075,0.2490270642569408,0.29100492390501975,1.314,"Textile Knitting and Weaving Machine Setters, Operators, and Tenders",mult-5.1.0,2026-07-29
516064,19.8,38670.0,0.010991141180544516,0.41735911452304636,0.3494085117593081,0.19261545165138322,0.8922232498390723,0.12310511172504619,0.7860133309008716,0.32619484902380524,0.2590675355927379,1.234,"Textile Winding, Twisting, and Drawing Out Machine Setters, Operators, and Tenders",mult-5.1.0,2026-07-29
516091,15.0,46350.0,0.41136789770351917,0.4191608699118514,0.47686760910060927,0.6857677394245068,0.7930299839359474,0.6956870267252611,0.43054328209294246,0.7907229728515578,0.5212548518220299,2.074,"Extruding and Forming Machine Setters, Operators, and Tenders, Synthetic and Glass Fibers",mult-5.1.0,2026-07-29
516092,2.5,62750.0,0.8170069120703098,0.21583181484878408,0.3047575190437126,0.8099586074671528,1.0,0.6155255586252308,0.3878455416335823,0.9345082505148435,0.5936385937707424,2.394,Fabric and Apparel Patternmakers,mult-5.1.0,2026-07-29
516093,22.3,46340.0,0.6044401036187288,0.4601387293421515,0.2995978516844492,0.7985754834276845,0.8041761913117903,0.27913368356260454,0.35404653534122366,0.5936571428597798,0.5047005694729912,2.007,Upholsterers,mult-5.1.0,2026-07-29
517011,84.7,46680.0,0.6951447610471708,0.4532744581693769,0.28721720288093044,0.47815939829167786,0.6639120291551721,0.413690433587655,0.10848865755416318,0.24463249353681055,0.4404636068168842,1.767,Cabinetmakers and Bench Carpenters,mult-5.1.0,2026-07-29
517021,19.8,44540.0,0.689970305575247,0.5370332557793323,0.29342112264146364,0.554873839102924,0.8589851788338095,0.35643224208763374,0.2495472558770948,0.4485305956413879,0.5120662790560468,2.036,Furniture Finishers,mult-5.1.0,2026-07-29
517031,0.9,56550.0,0.7296359716977493,0.23713990474437527,0.32852935110445763,0.687975815360838,0.7179933878979756,0.3807669734751429,0.17104943799924827,0.43679063507403587,0.45307929668481906,1.812,"Model Makers, Wood",mult-5.1.0,2026-07-29
517032,0.4,49630.0,0.9161154879941598,0.3768629583329408,0.0,0.0,0.8115882648924162,0.5453842740377045,0.026743200096305358,0.030561830198404992,0.37669084353108434,1.557,"Patternmakers, Wood",mult-5.1.0,2026-07-29
517041,44.7,42770.0,0.42775855218379627,0.35127445873842206,0.35626473549884957,0.6400694057633664,0.912610933495304,0.33066605591262405,0.2636740934583663,0.532652878644335,0.42056234710059803,1.699,"Sawing Machine Setters, Operators, and Tenders, Wood",mult-5.1.0,2026-07-29
517042,61.9,43380.0,0.4610431442111418,0.49476048805087147,0.32269100936273637,0.6462524203687158,0.844394067139838,0.39651297613764874,0.2866097066637281,0.5465734331168346,0.46318462542781635,1.848,"Woodworking Machine Setters, Operators, and Tenders, Except Sawing",mult-5.1.0,2026-07-29
518011,4.9,122890.0,0.792879446068291,0.48486175113698016,0.057713470658941834,0.7134327712365967,0.8610898328841025,0.9132681544253425,0.5415347235610174,1.0,0.6206219657365206,2.525,Nuclear Power Reactor Operators,mult-5.1.0,2026-07-29
518012,9.0,106730.0,0.822722540954719,0.4289411660565192,0.23551737295508635,0.691208685427852,0.7918642063626697,0.9805465294378672,0.7338209301394767,1.0,0.6511555283915628,2.682,Power Distributors and Dispatchers,mult-5.1.0,2026-07-29
518013,28.0,102040.0,0.8163405188373971,0.5123781664927363,0.1432791780073104,0.765748234842168,0.4153745308342335,0.7233618192836045,0.165644536473253,0.5135256706418043,0.5300339505363163,2.11,Power Plant Operators,mult-5.1.0,2026-07-29
518021,34.0,78620.0,0.6928387076117086,0.6754878682807367,0.41058446380908536,0.9566848674171636,0.5872769797706333,0.6971184815127612,0.3098640109401506,0.8051417470113503,0.6601259088683514,2.731,Stationary Engineers and Boiler Operators,mult-5.1.0,2026-07-29
518031,123.8,60020.0,0.6620842627901085,0.5325966895355057,0.18468486911273127,0.5125167336304394,0.6274292685640879,0.5969166463877239,0.3781481255128353,0.4848105669013603,0.4899140667687953,1.949,Water and Wastewater Treatment Plant and System Operators,mult-5.1.0,2026-07-29
518091,17.0,78120.0,0.7559712786794245,0.5694277986824265,0.22686576154038368,0.4006496965618795,0.818126025076477,0.824517957600309,0.1184901551888989,0.5302232486065609,0.5470772977341509,2.183,Chemical Plant and System Operators,mult-5.1.0,2026-07-29
518092,14.8,87820.0,0.6668550407348198,0.3995579300849168,0.1644736927297675,0.7642045127176144,0.8742009406598719,0.8059090453628021,0.464732334115297,0.9768615612470734,0.577056123599397,2.316,Gas Plant Operators,mult-5.1.0,2026-07-29
518093,34.0,96710.0,0.6484311471652394,0.504064374397544,0.26571187292216597,0.6291432566566816,0.9075835625539396,0.7801428591877926,0.19192425211273773,0.7551244906222518,0.562468934988954,2.25,"Petroleum Pump System Operators, Refinery Operators, and Gaugers",mult-5.1.0,2026-07-29
518099,16.6,62470.0,0.40050632008579506,0.5018411286735686,0.3285608049003248,0.9328835528933099,0.7627880634089079,0.8087719549378032,0.4022548654995189,1.0,0.5613243391741957,2.245,"Plant and System Operators, All Other",mult-5.1.0,2026-07-29
519011,133.1,58040.0,0.7252666243153563,0.6045530960804157,0.40610616767499486,0.3961969197690296,0.9452035066987855,0.6369973804377387,0.2388694151915793,0.5483790886879043,0.5870342670216859,2.362,Chemical Equipment Operators and Tenders,mult-5.1.0,2026-07-29
519012,52.0,51610.0,0.4755426997594649,0.5510337487179034,0.29547299051385983,0.7802519585515408,0.8196286461839118,0.6756466597002535,0.3713436412037546,0.833903668411861,0.5479917623130526,2.187,"Separating, Filtering, Clarifying, Precipitating, and Still Machine Setters, Operators, and Tenders",mult-5.1.0,2026-07-29
519021,27.9,48540.0,0.4460298752689314,0.3124722040522983,0.28219180908965497,0.9290122646319888,0.804703559629236,0.5554044575502083,0.2528509189653198,0.8032944270032438,0.46918898216249594,1.871,"Crushing, Grinding, and Polishing Machine Setters, Operators, and Tenders",mult-5.1.0,2026-07-29
519022,9.3,42660.0,0.5775109589471487,0.29063940169863794,0.009653364726430668,0.9506239251241193,0.8338327012500881,0.22473840163758443,0.3503329206595726,0.6857235392875909,0.41927469587598787,1.694,"Grinding and Polishing Workers, Hand",mult-5.1.0,2026-07-29
519023,94.3,48990.0,0.2711795258109642,0.5332285941981242,0.21473387796704163,0.9214219623135617,0.8207735651217287,0.7157273937502683,0.40363806409203185,0.9745867974864066,0.5012544812578303,1.993,"Mixing and Blending Machine Setters, Operators, and Tenders",mult-5.1.0,2026-07-29
519031,5.7,38020.0,0.456884540133648,0.0078028447924435255,0.1399323408253706,0.9313389744938443,0.8157716925120593,0.0,0.4228645704743952,0.5620255136027026,0.30750891980395506,1.358,"Cutters and Trimmers, Hand",mult-5.1.0,2026-07-29
519032,47.9,46570.0,0.28390543061932405,0.47842889550350065,0.3521654853786584,0.9149689718615649,0.8605704268008506,0.5611302767002104,0.45497266046339857,0.9261131857428052,0.5067402465731053,2.015,"Cutting and Slicing Machine Setters, Operators, and Tenders",mult-5.1.0,2026-07-29
519041,58.4,45760.0,0.5657100871064038,0.5038843973627463,0.29747131075861155,0.823808760600202,0.7523564687990258,0.5167551782876939,0.33475901374662526,0.713033303739155,0.5334367135591187,2.124,"Extruding, Forming, Pressing, and Compacting Machine Setters, Operators, and Tenders",mult-5.1.0,2026-07-29
519051,17.0,48040.0,0.49431104105546975,0.3642301585227797,0.42000170293194167,0.8619657897126528,0.8372550511621061,0.6327030160752372,0.264032229243337,0.8261041122263347,0.5298772205903078,2.11,"Furnace, Kiln, Oven, Drier, and Kettle Operators and Tenders",mult-5.1.0,2026-07-29
519061,598.1,48570.0,0.607463802326407,0.4796437404883872,0.4095715831956402,0.9967583373220416,0.7233482425450298,0.4122589788001546,0.33147234349341353,0.7555155874972238,0.5729432893334528,2.297,"Inspectors, Testers, Sorters, Samplers, and Weighers",mult-5.1.0,2026-07-29
519071,33.2,52540.0,0.7569803509820457,0.250062189674846,0.3624327987110126,0.7807020032543714,0.879699769372875,0.4602127141814226,0.39833756772279283,0.7546409276630542,0.5507564443712913,2.199,Jewelers and Precious Stone and Metal Workers,mult-5.1.0,2026-07-29
519081,33.6,49610.0,0.7756846950748809,0.3827062568414019,0.35035249483356745,0.3215289833719357,0.7510324341647588,0.39937588571264987,0.4906495881102959,0.35801545404411805,0.48795633521055776,1.941,Dental Laboratory Technicians,mult-5.1.0,2026-07-29
519082,12.4,48030.0,0.7408762224561452,0.7008838189152331,0.4730989919913208,0.7223853361411109,0.9167645962190729,0.6384288352252392,0.383866606684859,0.8341990875984895,0.7006533917635384,2.959,Medical Appliance Technicians,mult-5.1.0,2026-07-29
519083,20.0,39460.0,0.4955812743724835,0.49857110475455446,0.4519018803383413,0.8597072734847392,0.9767733438740696,0.3292346011251235,0.5767653602463987,0.875797353309067,0.5826468728953187,2.342,Ophthalmic Laboratory Technicians,mult-5.1.0,2026-07-29
519111,398.2,43220.0,0.40484195099533876,0.5066885983681654,0.4473938389686115,0.8992137578547031,0.7195658309332432,0.6384288352252392,0.4342217620386902,0.8670871753805659,0.5543752965295068,2.214,Packaging and Filling Machine Operators and Tenders,mult-5.1.0,2026-07-29
519123,8.9,41600.0,0.1428954184603525,0.24467445803571763,0.2945345874271954,0.9563658582408745,0.7604927529937227,0.08731874203753281,0.751925064615633,0.7555723900142858,0.3518372550360457,1.483,"Painting, Coating, and Decorating Workers",mult-5.1.0,2026-07-29
519124,166.7,48250.0,0.43053419062090803,0.5495429830583448,0.3101458056058326,0.9450311457822751,0.7577385846425533,0.39794443092514914,0.45802258733157125,0.7907619634173891,0.5262656549263725,2.095,"Coating, Painting, and Spraying Machine Setters, Operators, and Tenders",mult-5.1.0,2026-07-29
519141,35.4,51430.0,0.3964096025353713,0.4849854853484036,0.5052215859260512,0.014715189211588969,0.8968836296317968,0.47524298945017834,0.5387746235171081,0.2937865474806155,0.4146602061530764,1.679,Semiconductor Processing Technicians,mult-5.1.0,2026-07-29
519151,10.9,40610.0,0.3504890205367472,0.5602840389623017,0.480078311673733,0.867564547248172,0.8164561168115609,0.25909331653759715,0.806405500886951,0.8535954954214622,0.5546322520917117,2.216,Photographic Process Workers and Processing Machine Operators,mult-5.1.0,2026-07-29
519161,158.1,50690.0,0.647096764972794,0.44958956071794237,0.1301716588100105,0.9089720829317711,0.7596870829205633,0.5525415479752072,0.2790160029304355,0.7729550288068359,0.5257995086350349,2.093,Computer Numerically Controlled Tool Operators,mult-5.1.0,2026-07-29
519162,31.9,68120.0,0.7521207097353522,0.3220533344341931,0.46426806141584137,0.9055695836456956,0.7734148713736948,0.648449018737743,0.2731692871697324,0.8329697585207263,0.6072455984425038,2.459,Computer Numerically Controlled Tool Programmers,mult-5.1.0,2026-07-29
519191,12.3,46460.0,0.40586421045448606,0.6454786827689911,0.3668545794097015,0.8820764191707122,0.7485390134299941,0.6441546543752416,0.31150546040639726,0.8170889175410232,0.5607720790957897,2.243,Adhesive Bonding Machine Operators and Tenders,mult-5.1.0,2026-07-29
519192,15.2,43530.0,0.390874629230002,0.34781784098185986,0.39537495203284795,0.9095914669325788,0.742738598982581,0.3993758857126497,0.36909536198840015,0.7150627491111484,0.4620575266988223,1.844,"Cleaning, Washing, and Metal Pickling Equipment Operators and Tenders",mult-5.1.0,2026-07-29
519193,7.6,41330.0,0.5970144050936419,0.332150575430582,0.43775252808570136,0.590875467239289,0.8016563207586838,0.5525415479752072,0.14424366629728236,0.5066799687660883,0.47636246319440045,1.897,Cooling and Freezing Equipment Operators and Tenders,mult-5.1.0,2026-07-29
519194,8.6,43310.0,0.6103797576046728,0.24211044697012085,0.3417743207391851,0.8739775242227058,0.9517695367191158,0.30346841495011384,0.370036563457803,0.757386758471491,0.5013430927896418,1.994,Etchers and Engravers,mult-5.1.0,2026-07-29
519195,44.3,46170.0,0.7885419638123384,0.32000278726199044,0.5180557998765957,0.6107019754001569,0.5871758726293488,0.43623584649078856,0.07352694456430321,0.2903781831635321,0.4927689917254013,1.96,"Molders, Shapers, and Casters, Except Metal and Plastic",mult-5.1.0,2026-07-29
519196,91.4,50270.0,0.34728382506051986,0.4205325331219113,0.19772199924355455,0.31295342478426524,0.7583023679010704,0.6441546543752413,0.5334131349186335,0.5222009865519414,0.37941292728533005,1.566,"Paper Goods Machine Setters, Operators, and Tenders",mult-5.1.0,2026-07-29
519197,21.4,57390.0,0.3911510382966666,0.5820195743155383,0.4364138488114495,0.04191780987893894,0.7641481624100925,0.47524298945017834,0.39772036591491455,0.16710209197527084,0.3919084978239922,1.605,Tire Builders,mult-5.1.0,2026-07-29
519198,153.5,39070.0,0.3433084144029229,0.2562856235012901,0.48454408031129903,0.9761916424689225,0.486835682419699,0.3779040639001419,0.31758163468850487,0.5730705604793526,0.4072403863782974,1.655,Helpers--Production Workers,mult-5.1.0,2026-07-29
531041,10.8,58170.0,0.5729090544450369,0.6122411591955564,0.3975821289174184,0.6592191147350898,0.47948900792954074,0.8502841437753187,0.31711171921024006,0.6232185019993256,0.5602540574157152,2.24,Aircraft Cargo Handling Supervisors,mult-5.1.0,2026-07-29
532011,103.9,232140.0,0.8207634827212691,0.6751954055991902,0.4347078108075196,0.2133444860734659,0.9248554068291197,0.8488526889878182,0.1623297722369965,0.4953415208881314,0.6258048385997151,2.551,"Airline Pilots, Copilots, and Flight Engineers",mult-5.1.0,2026-07-29
532012,58.3,123220.0,0.7526164296037712,0.5676908879605707,0.45175461602439365,0.8347780242819786,0.6663716518202214,0.8374010506878138,0.3402209310724077,0.8630739874381937,0.6738270709357012,2.806,Commercial Pilots,mult-5.1.0,2026-07-29
532021,24.4,148080.0,0.7493863906949081,0.5590433884466905,0.29352698273791195,0.39725880526381435,0.826224953498404,0.993429622525372,0.9464140420744175,1.0,0.6732821608677275,2.803,Air Traffic Controllers,mult-5.1.0,2026-07-29
532022,17.6,56850.0,0.7073410050457507,0.6686222737474122,0.3324736522709633,0.6522366547564374,0.8236256079964526,0.9762521650753656,0.33669103215809487,0.9072374457674394,0.6726619618466309,2.799,Airfield Operations Specialists,mult-5.1.0,2026-07-29
532031,142.9,63580.0,0.4104989934253992,1.0,0.62358260844718,0.0,0.7239653708165869,0.9318770666628493,0.46292231129559536,0.41597324755812826,0.6018595316065879,2.433,Flight Attendants,mult-5.1.0,2026-07-29
533011,12.1,35450.0,0.33694870954999023,0.7042881639300708,0.3885774381173727,0.6954443407458824,0.3254901756759231,0.8144977740878052,0.44417382758095936,0.5966452624591748,0.5040334570857831,2.004,"Ambulance Drivers and Attendants, Except Emergency Medical Technicians",mult-5.1.0,2026-07-29
533031,491.3,38770.0,0.08993424616008745,0.4549299822174089,0.45246196968772073,0.8357812500726489,0.13886192458886892,0.4809688086001802,0.35669547353634407,0.34573694227862745,0.3176393989095795,1.385,Driver/Sales Workers,mult-5.1.0,2026-07-29
533032,2324.4,58640.0,0.4228839094982395,0.28394253563543637,0.3852503363066903,0.880199202432957,0.3461102389382287,0.883207603887831,0.2727372195513349,0.7000976478811776,0.4499252859899634,1.801,Heavy and Tractor-Trailer Truck Drivers,mult-5.1.0,2026-07-29
533033,1158.6,44860.0,0.13079158182675976,0.1845991825085773,0.4315343041358421,0.9090487182481067,0.3053929399677141,0.5582673671252094,0.4620721212637152,0.5932637567943571,0.32001007020093,1.392,Light Truck Drivers,mult-5.1.0,2026-07-29
533051,388.2,47920.0,0.10871052448476433,0.3222108143396412,0.6081865257119439,0.7385061220384983,0.5095213489308212,0.6470175639502425,0.8438450160987978,0.8274602675052583,0.44166823294904295,1.771,"Bus Drivers, School",mult-5.1.0,2026-07-29
533052,165.6,59050.0,0.350946644912124,0.3682723633227104,0.5057025356162115,0.6034642997783336,0.437106519265301,0.7729855852502899,0.5448366329981604,0.6205966546261964,0.4536417550841062,1.814,"Bus Drivers, Transit and Intercity",mult-5.1.0,2026-07-29
533053,260.3,37290.0,0.7606283928004612,0.42644067629732146,0.5985212069011727,0.911764377967318,0.33653098214738997,0.7314733964127741,0.1554433187359761,0.570834328586329,0.5972115104412855,2.411,Shuttle Drivers and Chauffeurs,mult-5.1.0,2026-07-29
534011,27.2,81410.0,0.5741159981164266,0.5174250225101973,0.24240115930785833,0.0,0.5079627185057292,0.7744170400377902,0.2505779959130819,0.09271845234032168,0.3732509000091294,1.547,Locomotive Engineers,mult-5.1.0,2026-07-29
534013,3.1,60600.0,0.6054812228305044,0.3523609377499601,0.15792070642027897,0.3938374025928594,0.39991070725026856,0.7429250347127785,0.27579258401400625,0.30287140287038694,0.37703659328829386,1.558,"Rail Yard Engineers, Dinkey Operators, and Hostlers",mult-5.1.0,2026-07-29
534031,37.2,78000.0,0.42554984205072194,0.48999109662872375,0.25905628530943625,0.0,0.6298051629845349,0.8059090453628022,0.30363516647892913,0.20919635141836063,0.3542730716888749,1.49,Railroad Conductors and Yardmasters,mult-5.1.0,2026-07-29
534041,9.9,86380.0,0.3735733742807603,0.7870015067055374,0.32305641314810696,0.1616696101643946,0.46053286664097526,0.8116348645128043,0.388159226643009,0.2675460851525848,0.44032019287838003,1.767,Subway and Streetcar Operators,mult-5.1.0,2026-07-29
535011,32.8,51520.0,0.3151056510397412,0.6699072568414478,0.4465521764788014,0.816737809636351,0.7696357459076271,0.6455861091627421,0.4179046419494931,0.8344857426790688,0.5599403804878118,2.239,Sailors and Marine Oilers,mult-5.1.0,2026-07-29
535021,40.9,92460.0,0.7932598564413675,0.5494556412620459,0.3582559242539931,0.8590495844109959,1.0,0.9390343406003521,0.08480941082656823,1.0,0.6969930520987204,2.937,"Captains, Mates, and Pilots of Water Vessels",mult-5.1.0,2026-07-29
535022,2.8,47520.0,0.7050803702980547,0.4532744581693772,0.3786395268276622,0.944303888998492,0.5576689092368374,0.7429250347127785,0.08591156182356528,0.6993487339098049,0.5754078144747444,2.309,Motorboat Operators,mult-5.1.0,2026-07-29
535031,9.0,109530.0,0.7339302548263523,0.5704838404013148,0.4544932952782431,0.8027591065479132,0.5138203882830557,0.8846390586753317,0.12815113125664362,0.6766239754940833,0.6228546894774039,2.536,Ship Engineers,mult-5.1.0,2026-07-29
536011,2.8,57700.0,0.40769154675356795,0.051608064037787726,0.32331324698088254,0.5439922431405957,0.666475081839894,0.6656264761877496,0.5371429834678189,0.6470644834283844,0.36163825028878993,1.512,Bridge and Lock Tenders,mult-5.1.0,2026-07-29
536021,139.8,35150.0,0.0,0.40139806292967156,0.5202498119095306,0.7502172399866385,0.39762849701181335,0.4723800798751772,0.7908726317441714,0.6401397924682848,0.3644344262313952,1.52,Parking Attendants,mult-5.1.0,2026-07-29
536031,99.0,35670.0,0.47319675342846995,0.6107834775497473,0.5371256685677,0.8335976145320395,0.5802606562889179,0.8230865028128085,0.3747002188787473,0.8188944080431536,0.6068036311403062,2.457,Automotive and Watercraft Service Attendants,mult-5.1.0,2026-07-29
536041,8.2,59090.0,0.6927100785617544,0.2364120564418833,0.35901032545275174,0.6100317655914185,0.7289902368362755,0.41082752401265404,0.28258867365620255,0.4586582887235421,0.45338267495043305,1.813,Traffic Technicians,mult-5.1.0,2026-07-29
536051,26.1,92100.0,0.8247380654016343,0.5144293753452137,0.3268129600141716,0.8424956194589204,0.3757461653246492,0.819746441641974,0.15577429715000357,0.5973868979869793,0.5907380799563728,2.38,Transportation Inspectors,mult-5.1.0,2026-07-29
536061,26.8,37720.0,0.1673942295468464,0.4530786008079791,0.6409286115420298,0.5299027379251767,0.6603181912410954,0.28342804792510634,0.7645179616935974,0.5141765570209391,0.42021778062968945,1.698,Passenger Attendants,mult-5.1.0,2026-07-29
537011,28.1,42420.0,0.22133894602528872,0.29961575630918913,0.25089434295837443,0.8241821906767188,0.4275742656474937,0.6284086517127354,0.5236826358034182,0.6764195384693013,0.3605893760938841,1.508,Conveyor Operators and Tenders,mult-5.1.0,2026-07-29
537021,43.5,68080.0,0.5967144428566175,0.2318365373403085,0.30103097672798074,0.9046037266232634,0.4446939698367942,0.738630670350277,0.15130356011548282,0.6323606789632947,0.45526983227848217,1.82,Crane and Tower Operators,mult-5.1.0,2026-07-29
537031,1.2,49640.0,0.6870279971517858,0.08386497744368343,0.26023344019979333,0.7040005898212618,0.639492891118681,0.5911908272377215,0.09267723516592044,0.48941644214289404,0.4014754420821387,1.636,Dredge Operators,mult-5.1.0,2026-07-29
537041,2.7,56450.0,0.7093999024205893,0.5495409980175199,0.36855261737659695,0.9130099366886332,0.38344863710845145,0.9619376172003606,0.11621301711318369,0.7180779504553413,0.6034352313197114,2.441,Hoist and Winch Operators,mult-5.1.0,2026-07-29
537051,801.6,46420.0,0.47672407874753564,0.29922801166804364,0.3174296341427362,0.9012643999176674,0.4262479609647317,0.8187921384503067,0.3264398571345268,0.7500505458724414,0.4688227898379292,1.869,Industrial Truck and Tractor Operators,mult-5.1.0,2026-07-29
537061,426.2,35830.0,0.32316396123044583,0.4290933525197676,0.5285585709656758,0.8523260663905642,0.36991237564783075,0.36358951602513623,0.5255504590434502,0.5055437339014095,0.4363201741675632,1.753,Cleaners of Vehicles and Equipment,mult-5.1.0,2026-07-29
537062,3033.1,40240.0,0.3676096555262997,0.38038739831769,0.47515162279520756,0.9626526817836281,0.18252016274374994,0.46880144290642584,0.40706775926486105,0.47902447742997906,0.4201661901538487,1.697,"Laborers and Freight, Stock, and Material Movers, Hand",mult-5.1.0,2026-07-29
537063,40.4,41220.0,0.4473136372672016,0.3335381189672419,0.25394129486416167,0.9396780830693043,0.4745401805057179,0.17320602928756498,0.31811446104017393,0.4181573945614572,0.3729062285351676,1.546,Machine Feeders and Offbearers,mult-5.1.0,2026-07-29
537064,559.7,36280.0,0.10856228711342218,0.2783526606722979,0.42079259171928185,0.9319749972775059,0.48237968804457887,0.36072660645013527,0.7834371126908659,0.7503579622498665,0.3739048602084242,1.549,"Packers and Packagers, Hand",mult-5.1.0,2026-07-29
537065,2999.8,37330.0,0.34668809478524115,0.30477950917523244,0.7073932476808729,0.8585192559487163,0.12016688061261027,0.2877224122876079,0.5132273024032902,0.3103793057978169,0.3992747817150093,1.629,Stockers and Order Fillers,mult-5.1.0,2026-07-29
537071,5.3,77320.0,0.6579805995237982,0.42815310484900265,0.37641670304154434,0.840177209735851,0.847441109235053,0.7643968565252864,0.25043079911371235,0.888485266860078,0.6018371133927185,2.433,Gas Compressor and Gas Pumping Station Operators,mult-5.1.0,2026-07-29
537072,13.5,61770.0,0.5830420729943735,0.35400322819249197,0.41210734831980733,0.9267659657357683,0.856873854753669,0.7243161224752717,0.3045510352416277,0.9578285835924449,0.5852920445085077,2.354,"Pump Operators, Except Wellhead Pumpers",mult-5.1.0,2026-07-29
537073,17.9,69960.0,0.5755400248481549,0.3669529728543748,0.32920059975178867,0.20626445300797333,0.920264030129139,0.7185903033252694,0.2931751915176084,0.47233304271829113,0.4483236312979707,1.795,Wellhead Pumpers,mult-5.1.0,2026-07-29
537081,149.2,49690.0,0.4081169933555934,0.3226395831578366,0.40262230620249206,0.6505083880911214,0.20647382605353903,0.3449806037876294,0.10324958944930421,0.05215648855554252,0.2966585771755212,1.329,Refuse and Recyclable Material Collectors,mult-5.1.0,2026-07-29
537121,12.5,58870.0,0.6259137098509028,0.6284371072865536,0.39745818410419304,0.8620000841638191,0.296610584569838,0.9018165161253381,0.1965138468947409,0.6324477303025151,0.5824869591733766,2.341,"Tank Car, Truck, and Ship Loaders",mult-5.1.0,2026-07-29
132011,1652.6,83680.0,0.7712123800382411,0.15432664824738465,0.26039068098716284,0.9469980656555519,0.30946118289101265,0.581170643725218,0.3492334860421012,0.5826974807374534,0.4676978824551144,1.865,Accountants and Auditors,mult-5.1.0,2026-07-29
119013,825.0,89900.0,0.7591218668794549,0.40235749932841086,0.3297650831068968,0.2331083676217996,0.8325515099777747,0.5267753618001975,0.0,0.1856572074002222,0.44069325336737414,1.768,"Farmers, Ranchers, and Other Agricultural Managers",mult-5.1.0,2026-07-29
173011,115.1,66150.0,0.7734983652261729,0.14565598992388007,0.3116627475972854,0.6688325657766576,0.5655746476268,0.333528965487625,0.16228393845593636,0.3001674800243616,0.4058379265743694,1.65,Architectural and Civil Drafters,mult-5.1.0,2026-07-29
173023,94.3,78190.0,0.756656260285902,0.3276934970982311,0.28116815585524146,0.9581219090163945,0.8516269319009334,0.509597904350191,0.0,0.7043957875496395,0.5412528304187866,2.158,Electrical and Electronic Engineering Technologists and Technicians,mult-5.1.0,2026-07-29
173031,62.1,54240.0,0.6976436440388162,0.27828186088287377,0.48941567834297417,0.6936001331796621,0.7050655702459685,0.44661389370016735,0.0,0.3908781903244527,0.47446624168207135,1.89,Surveying and Mapping Technicians,mult-5.1.0,2026-07-29
273023,47.4,62200.0,0.7785124878353911,0.28714242144530117,0.21562314404342145,0.724477095990936,0.6743264136919908,0.5711504602127142,0.0,0.4687262404880655,0.46564554064264324,1.858,"News Analysts, Reporters, and Journalists",mult-5.1.0,2026-07-29
434041,11.3,50080.0,0.6387741064303116,0.37219546567314227,0.19828564674483543,0.9247322623951313,0.3489425945274862,0.7443564895002789,0.26411152344373784,0.6468624297971595,0.486053835145636,1.934,"Credit Authorizers, Checkers, and Clerks",mult-5.1.0,2026-07-29
534022,11.1,68840.0,0.5718543434310589,0.490333185330895,0.29081274276759667,0.11694448488609925,0.5694186460931971,0.8416954150503156,0.0,0.1335346346801281,0.3856858065855927,1.585,"Railroad Brake, Signal, and Switch Operators and Locomotive Firers",mult-5.1.0,2026-07-29
194043,10.0,53350.0,0.7610155785613126,0.28087101579892004,0.49122638749129044,0.7808513494341941,0.8783761134020889,0.4079646144376529,0.0,0.533285180900055,0.5300890002413956,2.11,"Geological Technicians, Except Hydrologic Technicians",mult-5.1.0,2026-07-29
