statefp,countyfp,parcels,area_m2,area_parcels,government_parcels,ownertype_known
01,001,37087,1937701312.1,37087,284,31331
01,003,161455,4011437795.0,161455,2653,161455
01,005,25036,2342792395.0,25036,90,4833
01,007,16308,1587867683.8,16308,537,15065
01,009,52589,1741713108.2,52589,422,45786
01,011,10680,1595366382.5,10680,156,10461
01,013,20538,1971797289.3,20538,250,20501
01,015,77626,1142054372.5,77626,1440,77585
01,017,24553,1399766343.8,24553,371,24030
01,019,35663,1392401208.4,35663,248,35662
01,021,31191,1753491040.6,31191,366,25695
01,023,22689,2366884919.6,22689,176,22550
01,025,31022,3186771649.4,31022,398,28583
01,027,16957,1536178755.1,16957,285,15627
01,029,17048,1418599148.8,17048,734,17043
01,031,35605,1713592680.5,35605,575,35325
01,033,43289,1498347403.0,43289,964,43217
01,035,18542,2171045215.2,18542,173,18211
01,037,15991,1726506921.5,15991,0,29
01,039,33547,2614219713.3,33547,1005,32848
01,041,15098,1272107427.7,15098,111,15078
01,043,60295,1896648082.7,60295,534,60292
01,045,30693,1414369891.2,30693,576,30472
01,047,32153,2575159360.2,32153,883,29331
01,049,52493,1944133680.1,52493,713,52491
01,051,53174,1702963972.6,53174,365,49776
01,053,31682,2411912395.8,31682,722,26482
01,055,74227,1265909052.6,74227,1796,74227
01,057,21817,1588525901.0,21817,201,21623
01,059,23537,1629930061.1,23537,344,23537
01,061,24080,1457577122.9,24080,658,20377
01,063,10945,1654454962.5,10945,264,10878
01,065,16418,1658556568.3,16418,275,16328
01,067,21153,1416433617.9,21153,227,21111
01,069,63398,1441976940.6,63398,848,63212
01,071,44057,2733010006.4,44057,1510,43671
01,073,330187,2968024837.7,330187,6641,327909
01,075,20050,1533272222.0,20050,429,15550
01,077,55133,1766917934.1,55133,890,55098
01,079,26771,1848672482.3,26771,709,26119
01,081,65754,1620102784.8,65754,193,21619
01,083,66371,1448546947.1,66371,792,66371
01,085,12467,1832089121.3,12467,202,12467
01,087,20106,1585418445.8,20106,137,18387
01,089,192597,1839265812.6,192597,1634,192597
01,091,23333,2499137940.7,23333,542,19971
01,093,29049,1866311559.5,29049,543,27924
01,095,62774,1611791968.4,62774,1188,62166
01,097,227000,3440654597.2,227000,4303,154094
01,099,26992,2679510271.8,26992,0,57
01,101,105484,1967050648.5,105484,2403,105484
01,103,64962,1475370176.2,64962,939,64962
01,105,12198,1844535614.7,12198,674,11547
01,107,23928,2289316463.4,23928,422,21239
01,109,23044,1696726226.6,23044,338,23044
01,111,27807,1464583801.5,27807,299,27430
01,113,37776,1765060173.4,37776,755,37114
01,115,60680,1690837667.5,60680,461,58811
01,117,108169,1981834779.6,108169,1326,106934
01,119,16161,2310939023.6,16161,406,16060
01,121,57548,1706554460.4,57548,1291,57548
01,123,38516,1591493611.9,38516,426,37745
01,125,122453,3352487293.5,122453,1104,113179
01,127,57257,1990567737.8,57257,593,56949
01,129,25859,2771878188.4,25859,207,22147
01,131,16524,2269825651.4,16524,0,0
01,133,28624,1575584939.2,28624,854,28376
02,013,161,3334415.4,161,1,46
02,016,1981,80747673.4,1981,152,1050
02,020,99696,1329141967.9,99696,1439,98647
02,050,5061,1797349078.7,5061,115,3478
02,060,2331,199796743.1,2331,66,357
02,063,7580,1789637429.0,7580,681,4530
02,066,1162,126394648.1,1162,0,35
02,068,7469,1447616440.2,7469,123,7206
02,070,4190,170874295.3,4190,131,2139
02,090,64065,11194342130.7,64065,9955,58034
02,100,4683,317046373.4,4683,352,3796
02,105,16,46262277.1,16,0,0
02,110,13170,367062962.5,13170,0,0
02,122,65547,9306565442.9,65547,3481,65542
02,130,7498,433392938.0,7498,689,7458
02,150,8731,3647808151.5,8731,2235,8479
02,158,1774,266594843.8,1774,24,925
02,164,1209,91997973.2,1209,13,175
02,170,111161,63224392970.8,111161,4112,82067
02,180,8309,168422400.7,8309,808,4868
02,185,18313,2651085881.9,18313,1240,10917
02,188,1880,321213291.5,1880,62,79
02,195,8016,405785908.4,8016,2662,7077
02,198,92,404891.0,92,0,1
02,220,10267,101366711.9,10267,371,3732
02,230,2617,37252517.1,2617,28,2353
02,240,281,17033806.2,281,1,17
02,275,4300,155181468.3,4300,605,3502
02,282,2353,13216037442.9,2353,628,2170
02,290,2142,983138441.8,2142,305,861
04,001,50195,3651128045.0,50195,574,50048
04,003,122596,7232054592.6,122596,4454,122596
04,005,72162,6882391683.6,72162,1375,72093
04,007,35925,445769724.7,35925,981,35816
04,009,14278,946668502.4,14278,689,14272
04,011,4309,894073485.2,4309,0,0
04,012,11473,1824130677.0,11473,745,11276
04,013,1755114,7410183426.2,1755114,20916,1749103
04,015,269891,15856944290.2,269891,8318,266790
04,017,86815,6621872265.6,86815,1401,84209
04,019,448061,8781325519.4,448061,13293,447258
04,021,283526,13901845820.7,283526,6977,274448
04,023,36217,1046200187.5,36217,147,9483
04,025,206398,31729132.7,206398,0,0
04,027,96698,14145700688.7,96698,0,0
05,001,15995,2632577089.9,15995,415,15995
05,003,19315,2409805509.8,19315,529,19313
05,005,39974,1458182361.5,39974,2411,39974
05,007,174229,2262209028.5,174229,3689,174228
05,009,29374,1471121091.1,29374,210,29374
05,011,12489,1638720062.9,12489,191,12487
05,013,9737,1581694696.6,9737,40,9737
05,015,25708,1649132196.0,25708,317,25706
05,017,10846,1528622577.4,10846,153,10846
05,019,20479,2330611269.6,20479,436,20478
05,021,16359,1683272891.1,16359,485,16359
05,023,30995,1506312434.1,30995,556,30995
05,025,8039,1398181093.9,8039,4,8039
05,027,19485,1806197205.0,19485,132,19485
05,029,19478,1446579186.4,19478,371,19477
05,031,49512,1776059513.2,49512,641,49062
05,033,37614,1544628787.5,37614,1404,37614
05,035,27319,1551199159.6,27319,514,27319
05,037,12287,1637655949.8,12287,169,12287
05,039,10762,1619803839.9,10762,122,10762
05,041,9615,1677079725.5,9615,264,9615
05,043,13193,1958112421.9,13193,124,13193
05,045,65988,1707068073.4,65988,636,65988
05,047,15370,1512581183.9,15370,414,15355
05,049,10932,1282240945.5,10932,70,10932
05,051,77015,1994343288.7,77015,1425,77015
05,053,16025,1672419479.7,16025,116,16025
05,055,27778,1476908409.0,27778,397,27778
05,057,18476,1896581830.7,18476,503,18475
05,059,23414,1541474618.6,23414,157,23414
05,061,10479,1669203071.1,10479,352,10479
05,063,29330,1879969881.4,29330,223,29330
05,065,30272,1496746262.7,30272,201,30272
05,067,14108,1696134757.9,14108,258,14108
05,069,54564,2317978835.5,54564,1102,54564
05,071,17920,1705726934.6,17920,650,17919
05,073,11210,1314410146.5,11210,188,11210
05,075,9662,1463572332.4,9662,112,9662
05,077,10118,1313273049.3,10118,164,10117
05,079,10160,1394360508.3,10160,117,10160
05,081,14537,1444402353.8,14537,455,14537
05,083,20083,1774408926.6,20083,795,20083
05,085,37702,1896743310.6,37702,372,37702
05,087,20799,2213653488.5,20799,550,20799
05,089,13411,1617847895.5,13411,911,13411
05,091,27097,1654452417.6,27097,487,27097
05,093,30840,2276732588.5,30840,834,30840
05,095,8785,1554204545.1,8785,495,8785
05,097,11214,2025870498.7,11214,1875,11214
05,099,12094,1487195054.0,12094,197,12094
05,101,9946,2587347157.6,9946,2068,9945
05,103,16561,1750129844.2,16561,359,16560
05,105,10335,1411280825.4,10335,966,10335
05,107,19421,1765627200.4,19421,509,19421
05,109,11451,1607398444.8,11451,370,11451
05,111,17942,1743981538.9,17942,418,17942
05,113,19212,2271754478.7,19212,1072,19212
05,115,32491,2041461238.6,32491,556,32491
05,117,10136,1753636392.5,10136,533,10136
05,119,180262,1852788579.3,180262,2354,180262
05,121,17973,1622938821.9,17973,230,17973
05,123,17934,1462972914.0,17934,349,17934
05,125,79858,1864349049.8,79858,1084,79858
05,127,10812,2333321578.3,10812,1492,10812
05,129,11756,1673064398.0,11756,283,11756
05,131,60190,1406819024.1,60190,973,60190
05,133,11545,1397709218.1,11545,219,11545
05,135,46399,1580087357.9,46399,573,46399
05,137,15339,1528040814.5,15339,1104,15339
05,139,31532,2661922739.9,31532,365,31532
05,141,32088,1778495384.3,32088,291,32088
05,143,113399,2415896794.7,113399,3053,113399
05,145,49491,2659687523.7,49491,736,49490
05,147,9230,1522985214.8,9230,693,9230
05,149,19462,2333832803.6,19462,1546,19462
06,001,489651,2608776431.7,489651,0,0
06,003,2938,355783765.4,2938,18,97
06,005,24381,1571296997.1,24381,109,14266
06,007,96164,4186241630.7,96164,1132,95979
06,009,43351,2679469394.0,43351,452,41602
06,011,15062,2954019315.3,15062,0,0
06,013,407366,2224830847.7,407366,7733,382133
06,015,15557,2517625347.1,15557,387,15555
06,017,120305,4615891215.8,120305,9034,115811
06,019,315532,12906080026.3,315532,14,224
06,021,14592,3068308634.5,14592,807,14206
06,023,72359,9221205422.6,72359,8191,72358
06,025,89462,10593144623.1,89462,3640,88073
06,027,15939,24858649820.3,15939,14,19
06,029,423679,20924229533.6,423679,910,420385
06,031,52401,3515711301.4,52401,233,51620
06,033,63857,3255898593.6,63857,1315,21579
06,035,33453,9799479307.8,33453,8454,31642
06,037,2547504,13758954867.6,2547504,32178,2191506
06,039,67978,4745539790.3,67978,0,38265
06,041,96227,1453776033.4,96227,2674,96227
06,043,14313,3609090276.1,14313,451,11842
06,045,62049,9097094359.4,62049,0,0
06,047,91143,4987783501.9,91143,0,0
06,049,36569,9020873554.9,36569,6303,33497
06,051,20475,8101405202.0,20475,211,18555
06,053,123270,8478833373.0,123270,2957,122138
06,055,50174,1914393736.8,50174,1173,49686
06,057,64504,2469237907.0,64504,8,63515
06,059,987581,8821648669.2,987581,353,21177
06,061,248700,3684681894.7,248700,127,48527
06,063,25998,6142509614.3,25998,48,87
06,065,989066,18872209138.9,989066,25262,975937
06,067,554920,4140865528.3,554920,1416,553516
06,069,25433,3539396151.7,25433,712,24473
06,071,855022,51699891577.0,855022,29981,839533
06,073,1089494,30268507589.5,1089494,15238,950041
06,075,234962,362320501.8,234962,2627,154707
06,077,252571,3488662867.4,252571,2766,251953
06,079,132454,8323996400.5,132454,13,1489
06,081,257141,1841465522.0,257141,3679,239600
06,083,133249,6518016379.9,133249,3155,130757
06,085,495200,3192990080.7,495200,0,0
06,087,96872,1114137127.8,96872,2390,94624
06,089,103070,9996199806.9,103070,8288,94773
06,091,4964,2492962613.4,4964,1247,4962
06,093,54279,16123869299.3,54279,15,209
06,095,152799,2137836216.0,152799,685,150698
06,097,189234,3978138276.6,189234,581,186452
06,099,168188,3740951706.0,168188,2453,166688
06,101,36136,1513172161.4,36136,0,1
06,103,40043,7555329006.7,40043,0,0
06,105,16641,8310035271.9,16641,155,12359
06,107,173593,12393967918.2,173593,37,2791
06,109,43190,5892079350.2,43190,353,1278
06,111,307672,5098356381.0,307672,5458,291781
06,113,67391,2607209634.1,67391,1701,66658
06,115,37369,1700538798.5,37369,2,54
08,001,188473,2967996674.7,188473,3178,188001
08,003,14601,1644295300.2,14601,13,13616
08,005,232434,1993235945.4,232434,1895,199342
08,007,17874,1701355705.6,17874,341,17142
08,009,1720,4239023256.2,1720,265,278
08,011,6084,8300281654.8,6084,375,4192
08,013,131267,1789543175.1,131267,4727,130422
08,014,27476,72677210.9,27476,957,27422
08,015,16982,567916760.3,16982,647,16957
08,017,4784,4597327960.5,4784,205,3958
08,019,24105,530440937.5,24105,4379,24104
08,021,8958,1539827995.1,8958,222,8919
08,023,64625,2321161601.1,64625,2672,64605
08,025,3574,1846959407.5,3574,196,3094
08,027,9477,1312204929.6,9477,285,9470
08,029,18963,2624381013.6,18963,992,18961
08,031,238657,2372084731.6,238657,4398,236690
08,033,4492,2013385268.7,4492,336,4307
08,035,158335,1707498821.2,158335,6258,157751
08,037,39402,5221830462.0,39402,1609,38638
08,039,17657,4547945719.0,17657,320,17485
08,041,277031,4705417417.2,277031,718,34601
08,043,23346,3159622480.0,23346,521,22723
08,045,28660,4218701443.8,28660,770,25692
08,047,8172,273148065.8,8172,58,273
08,049,27695,2558854116.5,27695,1041,27275
08,051,20317,3784230240.8,20317,722,20187
08,053,2654,199547658.0,2654,95,2598
08,055,18091,3878565280.9,18091,480,13761
08,057,2742,2240305100.8,2742,142,2593
08,059,260726,1778786285.9,260726,3027,232228
08,061,2837,4010872649.5,2837,105,2602
08,063,9450,5476571960.1,9450,231,9427
08,065,9882,367331214.3,9882,762,9881
08,067,35865,3007521588.9,35865,1036,35013
08,069,175268,6632428268.1,175268,5433,173688
08,071,17694,10200263408.5,17694,472,16858
08,073,4243,9312632113.3,4243,342,2266
08,075,12124,4613378049.9,12124,446,11359
08,077,78521,4725644030.0,78521,1458,77538
08,079,2089,157109135.9,2089,59,2062
08,081,10405,5011006780.0,10405,865,10112
08,083,17905,6992037258.0,17905,357,15396
08,085,29060,5809121802.1,29060,502,24611
08,087,15954,3351247180.9,15954,605,15948
08,089,13420,3251611959.1,13420,590,13058
08,091,7461,811971501.1,7461,1011,7432
08,093,42991,3403311500.7,42991,1123,42707
08,095,4483,1795381842.4,4483,126,4376
08,097,16918,411814288.2,16918,714,16469
08,099,9909,4169638938.4,9909,31,9118
08,101,101072,5803844650.9,101072,2696,100893
08,103,5106,2378594073.1,5106,211,5106
08,105,13160,1575869597.6,13160,465,13038
08,107,25365,3982770622.4,25365,756,25328
08,109,15867,3137527446.4,15867,1433,15867
08,111,4763,278086143.4,4763,590,4672
08,113,10992,2173710932.7,10992,802,10461
08,115,3158,1402437478.6,3158,186,3148
08,117,38082,570631684.9,38082,1085,37992
08,119,31534,1458270942.6,31534,798,28713
08,121,6464,6196042043.5,6464,190,5993
08,123,249162,17162517752.1,249162,3977,233392
08,125,11856,6174062120.6,11856,553,11822
09,110,363243,3389892659.4,363243,10407,344990
09,120,99872,901187909.3,99872,2270,99507
09,130,91864,1572959114.1,91864,2072,89277
09,140,165962,1107690682.7,165962,4386,162783
09,150,47300,1403824350.5,47300,1438,45244
09,160,71235,2456149514.8,71235,2337,69379
09,170,191979,1053585464.2,191979,4836,189299
09,180,124231,1804153533.2,124231,3767,121304
09,190,179676,1322965427.7,179676,4005,170980
10,001,81229,1475988524.5,81229,0,0
10,003,198154,998161539.9,198154,2757,197763
10,005,205369,2365704265.5,163367,1795,162880
11,001,235074,93943214.5,161315,4516,127232
12,001,135646,2975543052.3,135646,2310,134492
12,003,13236,1515834138.1,13236,325,8909
12,005,122140,1880142313.3,122140,1789,121620
12,007,15332,743524053.5,15332,126,15296
12,009,352312,3263411376.7,352312,8319,352024
12,011,775912,7961575251.8,775912,23527,755360
12,013,12199,1476963096.5,12199,152,11622
12,015,224611,1583328656.6,224611,2878,223820
12,017,147055,1385146380.5,147055,3341,147055
12,019,105752,1556092569.9,105752,856,105260
12,021,296626,8424144747.1,296626,15386,296626
12,023,37705,2021619173.5,37705,780,37684
12,027,20090,1633356935.6,20090,501,19981
12,029,16380,1830424561.8,16380,258,16338
12,031,405722,1822364667.9,405722,5264,405718
12,033,163062,1804671938.5,163062,2002,162854
12,035,89645,1245155533.8,89645,1562,89640
12,037,18205,1356793300.8,18205,714,18055
12,039,27621,1319419328.0,27621,573,27367
12,041,14606,896892922.4,14606,207,14479
12,043,11384,2011258992.6,11384,434,11341
12,045,19222,1402447158.8,19222,225,19152
12,047,13296,1347804750.4,13296,599,12807
12,049,14858,1625652624.0,14858,169,14790
12,051,35815,2970571201.1,35815,525,35749
12,053,115585,1311542014.3,115585,998,115585
12,055,114145,2435610894.9,114145,6545,113656
12,057,531456,3191019242.0,531456,10567,507261
12,059,14564,1225092410.5,14564,251,14506
12,061,82803,1248582764.8,82803,754,82787
12,063,40101,2371725722.7,40101,505,39961
12,065,12467,1578138221.1,12467,0,0
12,067,7196,1404015750.1,7196,377,7135
12,069,214147,2820031335.2,214147,3204,209678
12,071,563253,2033693522.6,563253,6790,563234
12,073,113113,1606159820.9,113113,1922,113113
12,075,48223,2889126110.6,48223,598,48182
12,077,6380,2161519560.7,6380,664,6324
12,079,16621,1813611362.4,16621,174,16621
12,081,228229,2795663205.5,228229,2360,227932
12,083,289006,3784359929.3,289006,3191,289001
12,085,96783,2581468733.2,96783,2751,96779
12,086,918996,10486246089.3,918996,22386,913104
12,087,105447,2450825238.3,105447,23572,104972
12,089,66899,1972139884.4,66899,932,66645
12,091,113948,2586431087.9,113948,1754,113942
12,093,31948,1975102811.3,31948,338,31944
12,095,584345,3763779557.9,584345,6946,584345
12,097,215336,3685419776.0,215336,2438,192829
12,099,694545,19693652593.8,694545,5824,691371
12,101,314128,2000035974.6,314128,13265,312790
12,103,437398,5946213698.6,437398,4818,437053
12,105,430518,5039676844.1,430518,3612,428002
12,107,97870,1973881187.7,97870,1664,97415
12,109,232364,1655132844.5,232364,8087,228732
12,111,208397,2310847281.3,208397,4609,208168
12,113,117586,2698177312.9,117586,1143,113123
12,115,307440,3286819551.1,307440,1273,306249
12,117,176473,765030442.1,176473,1,11
12,119,96051,1331763272.7,96051,746,95906
12,121,31761,1733583174.0,31761,493,31634
12,123,18839,2719748469.0,18839,722,18700
12,125,6961,637858148.6,6961,151,6892
12,127,327884,4225189998.6,327884,10030,325129
12,129,27070,1560882050.4,27070,0,0
12,131,96450,2381326237.3,96450,1131,95981
12,133,44083,1604812891.9,44083,519,43907
13,001,13060,1484174495.4,13060,107,12672
13,003,5443,895245588.4,5443,60,5395
13,005,6713,821750348.0,6713,36,6614
13,007,2602,672255236.4,2602,18,2551
13,009,21757,676536229.3,21757,127,21747
13,011,11113,590275679.0,11113,60,11036
13,013,31613,350267170.3,31613,266,31299
13,015,51610,1056393464.7,51610,745,50936
13,017,10732,568595578.1,10732,218,10675
13,019,10548,1139308137.8,10548,100,10501
13,021,70065,603641431.6,70065,211,69839
13,023,7321,555173544.8,7321,65,7267
13,025,13252,925774106.0,13252,678,13111
13,027,9902,1236734115.3,9902,132,9889
13,029,22551,558495931.2,22551,234,22073
13,031,36022,1721006541.1,36022,114,35818
13,033,17431,2118407286.9,17431,213,17308
13,035,13373,456891579.3,13373,132,13354
13,037,3380,717646174.9,3380,76,3376
13,039,33394,1677207593.3,33394,247,31255
13,043,7021,631490592.6,7021,78,6937
13,045,55409,1243053231.3,55409,182,54931
13,047,29756,428729493.3,29756,569,29667
13,049,7418,1895290063.4,7418,34,7288
13,051,127448,938123571.3,127448,999,127144
13,053,1832,187778665.7,1832,4,1798
13,055,14730,804163106.2,14730,247,14099
13,057,115539,994780860.5,115539,290,115353
13,059,42767,289444972.0,42767,309,42651
13,061,3007,489563589.0,3007,40,2960
13,063,90752,326607059.8,90752,929,90740
13,065,4428,2105668187.6,4428,51,4365
13,067,305264,1770782023.3,305264,2565,289197
13,069,21458,1505990005.6,21458,231,21241
13,071,23717,1549845769.9,23717,17,238
13,073,67780,665379284.3,67780,225,67346
13,075,10627,668024222.7,10627,151,10510
13,077,64698,1200290261.4,64698,387,64231
13,079,8289,897985677.5,8289,26,5921
13,081,12361,686811150.5,12361,254,12325
13,083,10447,437134586.4,10447,64,10270
13,085,19603,485122594.9,19603,0,0
13,087,19118,1504327398.3,19118,392,18936
13,089,235819,582618518.1,235819,2234,232313
13,091,12674,1355785756.8,12674,105,12341
13,093,7404,1046089880.8,7404,132,7359
13,095,39443,783739970.4,39443,1331,38989
13,097,56601,519049188.5,56601,309,55939
13,099,8838,1345503789.2,8838,128,8771
13,101,2172,941562629.9,2172,1,2156
13,103,34173,1326594607.8,34173,205,33522
13,105,14565,1213495750.4,14565,174,14488
13,107,15303,1841559281.5,15303,238,15243
13,109,6654,400708510.4,6654,106,6631
13,111,25137,1655028277.0,25137,474,24596
13,113,49048,481856525.9,49048,206,47553
13,115,50817,1292805719.0,50817,710,50429
13,117,104619,594203981.2,104619,0,0
13,119,17204,725958028.7,17204,162,16803
13,121,371926,1557430170.3,371926,5492,371897
13,123,35843,1215615863.6,35843,183,35367
13,125,2462,412891486.2,2462,21,2453
13,127,51862,1221957256.5,51862,1221,49371
13,129,30095,891928710.8,30095,302,28643
13,131,15145,1169941374.9,15145,191,14338
13,133,17904,1028611162.1,17904,255,17870
13,135,305479,991449042.3,305479,1371,304472
13,137,24381,694972993.6,24381,233,23651
13,139,82357,1073903094.8,82357,345,76751
13,141,11125,1340186201.0,11125,48,10953
13,143,17140,696820590.3,17140,186,16868
13,145,21305,1168330666.9,21305,98,21110
13,147,18331,550047329.4,18331,100,18316
13,149,7011,764289463.6,7011,57,6842
13,151,94867,1127021984.4,94867,370,90799
13,153,70420,930690381.8,70420,631,70006
13,155,7065,925132788.2,7065,46,6903
13,157,44190,848474162.3,44190,392,43494
13,159,10352,941741093.4,10352,72,10254
13,161,8321,845633789.2,8321,126,8277
13,163,12019,1378046739.5,12019,205,11985
13,165,6624,890441880.4,6624,74,6578
13,167,6106,939844823.6,6106,34,6040
13,169,15705,1001752242.7,15705,110,15527
13,171,9954,462167121.9,9954,85,9722
13,173,5956,502977272.5,5956,44,5893
13,175,29185,2062344204.3,29185,244,25568
13,177,15160,914362826.3,15160,68,14971
13,179,30484,1176936511.9,30484,367,28057
13,181,8806,658022412.6,8806,25,8757
13,183,10403,984128891.9,10403,47,8963
13,185,52123,1273119159.6,52123,564,51583
13,187,18269,1301446356.5,18269,133,310
13,189,14598,756545635.9,14598,142,14509
13,191,13366,1096261522.2,13366,270,12709
13,193,8955,1123724683.0,8955,217,8770
13,195,16310,687776089.8,16310,71,16152
13,197,5589,928423412.7,5589,42,5430
13,199,18986,1522977722.2,18986,212,18870
13,201,4254,718520307.4,4254,75,4224
13,205,11821,1293978407.1,11821,123,11702
13,207,16286,998923945.4,16286,1,1
13,209,6174,624024539.4,6174,70,5909
13,211,12971,881008717.1,12971,136,12911
13,213,18412,880077522.4,18412,106,18211
13,215,70372,327637581.2,70372,0,0
13,217,48762,682829409.3,48762,323,48571
13,219,19323,486736666.6,19323,92,18333
13,221,9803,1140185790.0,9803,70,9732
13,223,74546,776339049.7,74546,182,73675
13,225,14150,375711206.8,14150,0,0
13,227,22462,647767003.3,22462,91,21885
13,229,12897,867173869.5,12897,69,12860
13,231,10282,549273661.5,10282,59,9956
13,233,24000,780462170.3,24000,303,23833
13,235,6881,631274050.3,6881,40,6824
13,237,19436,866450416.2,19436,54,19352
13,239,3030,462882212.8,3030,134,3000
13,241,17409,953390343.0,17409,115,17107
13,243,5733,1232519018.3,5733,71,5545
13,245,83025,772544991.2,83025,0,0
13,247,31365,260077282.5,31365,112,31061
13,249,3190,482389076.1,3190,17,3004
13,251,11085,1629916963.6,11085,102,9748
13,253,7979,608815958.6,7979,42,7797
13,255,33445,489017426.9,33445,399,33266
13,257,17318,458748451.1,17318,205,17289
13,259,4068,1182346546.6,4068,75,3946
13,261,16270,1228540451.3,16270,292,16148
13,263,6683,1000060653.7,6683,108,6611
13,265,2478,419559374.9,2478,6,8
13,267,13152,1240793288.7,13152,132,12341
13,269,6454,960868678.6,6454,79,6320
13,271,8830,1121328914.0,8830,150,8786
13,273,6516,873026706.9,6516,115,6442
13,275,24591,1430013722.5,24591,257,24456
13,277,19193,665400482.3,19193,251,19180
13,279,16393,925344854.3,16393,202,16393
13,281,15042,1432483378.5,15042,203,14392
13,283,4384,563516155.8,4384,24,2869
13,285,35784,951674830.4,35784,0,1
13,287,5693,727646324.0,5693,88,5668
13,289,7247,923532612.0,7247,54,7026
13,291,24301,835502782.3,24301,0,0
13,293,15816,821200861.6,15816,0,0
13,295,35027,1132036071.5,35027,302,34867
13,297,43241,889170984.9,43241,126,43060
13,299,24913,2324810707.3,24913,0,0
13,301,4864,856894523.0,4864,47,4818
13,303,12497,1744754944.4,12497,0,0
13,305,17926,1850066783.9,17926,117,13557
13,307,2118,628404415.3,2118,12,2064
13,309,4126,827980511.0,4126,38,2516
13,311,19952,1543806024.0,19952,187,19707
13,313,43910,716391336.8,43910,0,1
13,315,6238,1015283785.6,6238,45,4307
13,317,7978,1662216174.6,7978,73,7853
13,319,7727,1157856853.6,7727,0,0
13,321,12408,1449292952.3,12408,139,12263
15,001,135995,7002162307.9,135995,3758,7857
15,003,340052,2864321675.0,340052,6943,21714
15,005,11,69478242.4,11,1,2
15,007,39395,3712065047.8,39395,2089,39213
15,009,81826,4964725481.6,81826,4240,81826
16,001,219179,2651486373.4,219179,87,111060
16,003,7620,3541231888.5,7620,217,6262
16,005,45826,2900334493.1,45826,2416,44625
16,007,12472,2499027420.1,12472,273,11522
16,009,11702,2012852707.1,11702,783,11454
16,011,37524,5479823362.6,37524,1546,34012
16,013,24805,6841866596.6,24805,1213,24796
16,015,12230,2882961233.1,12230,253,10943
16,017,45654,4487370650.5,45654,2337,45651
16,019,65407,4828741256.2,65407,3169,63903
16,021,10785,3281888132.0,10785,0,0
16,023,5595,5799756197.7,5595,2421,4644
16,025,4648,2851688357.4,4648,350,4598
16,027,110305,1521353011.9,110305,10,13
16,029,9152,4684829181.1,9152,1417,9132
16,031,19501,6643763587.7,19501,2551,2559
16,033,3925,4369413975.7,3925,292,3835
16,035,11616,6366994653.0,11616,1442,11563
16,037,4828,591206930.9,4828,243,4740
16,039,21608,8016837935.9,21608,2782,2813
16,041,10940,1738460369.6,10940,181,10451
16,043,22782,4888643253.7,22782,2886,22752
16,045,11839,1457717761.4,11839,383,390
16,047,10098,1915200275.0,10098,817,10021
16,049,19406,3281944625.8,19406,405,19404
16,051,18030,2823459973.3,18030,488,17881
16,053,18781,1805733773.6,18781,720,18410
16,055,91745,3250215101.7,91745,1641,91634
16,057,20843,2800064421.2,20843,828,20444
16,059,11643,8564372329.9,11643,3020,10689
16,061,3402,823985992.9,3402,163,3401
16,063,4928,3138491135.3,4928,28,1292
16,065,17702,1209378588.0,17702,823,17533
16,067,13124,1930151071.8,13124,837,13089
16,069,28183,2458157933.0,28183,1019,27588
16,071,10549,3093731320.9,10549,88,7847
16,073,14166,13938906357.2,14166,4584,13666
16,075,14046,1057757384.4,14046,240,13673
16,077,8067,3655629518.1,8067,371,7593
16,079,16043,6684932007.1,16043,2172,16043
16,081,15531,1161640362.6,15531,397,15319
16,083,38641,4142717851.4,38641,2169,38578
16,085,29798,2442844200.3,29798,657,28397
16,087,12729,4249853203.8,12729,754,10915
17,001,38784,2231761138.3,38784,375,38643
17,003,8506,531696089.3,8506,365,370
17,005,14351,977993537.9,14351,323,14313
17,007,24274,715462409.0,24274,167,24189
17,009,5608,789679643.1,5608,110,5001
17,011,27614,2230188388.6,27614,806,27393
17,013,7189,874098788.5,7189,59,1273
17,015,14526,977778294.6,14526,226,2066
17,017,12562,989998796.7,12562,229,11849
17,019,86156,2731701361.9,86156,767,1324
17,021,24518,1844401455.2,24518,360,24339
17,023,14770,1310043092.0,14770,160,14203
17,025,15602,1204524072.6,15602,247,15542
17,027,21402,1038314483.5,21402,589,20878
17,029,27610,1303918835.3,27610,393,27228
17,031,1864616,11988202183.6,1864616,25813,1863595
17,033,17010,1139067284.4,17010,201,17003
17,035,11752,893657400.8,11752,182,11658
17,037,43102,1590128945.7,43102,746,43081
17,039,11068,1024227095.3,11068,185,10769
17,041,15446,1070311310.1,15446,309,15053
17,043,337013,2802711432.8,337013,4426,336487
17,045,18030,1610108483.4,18030,14,3598
17,047,7558,574290972.8,7558,106,7455
17,049,23478,1213829202.8,23478,430,23429
17,051,21800,1839990552.7,21800,416,21460
17,053,10546,1249112275.8,10546,157,10417
17,055,31419,1097996204.9,31419,845,30563
17,057,27906,2261546243.0,27906,712,27746
17,059,8040,834962771.3,8040,185,8028
17,061,9620,929057010.5,9620,18,94
17,063,27032,1087991657.0,27032,630,26675
17,065,10393,1126847202.1,10393,189,10314
17,067,21017,2056991921.3,21017,585,20571
17,069,4978,413044409.0,4978,426,427
17,071,8038,988876245.0,8038,205,7923
17,073,31757,2115882157.0,31757,731,31530
17,075,28241,2895323833.9,28241,845,27692
17,077,34237,1548066987.3,34237,1495,34110
17,079,16029,1288646184.1,16029,440,15950
17,081,30894,1491995661.1,30894,1125,30273
17,083,14809,997166881.7,14809,248,452
17,085,24539,1389124042.5,24539,352,3132
17,087,13422,813147653.4,13422,423,1887
17,089,184881,1270231319.7,184881,5062,183162
17,091,55380,1716021357.8,55380,854,55275
17,093,62231,814146549.4,62231,519,58235
17,095,33415,1856172134.3,33415,511,32622
17,097,322690,2579958690.5,322690,5448,278634
17,099,70831,2943737494.2,70831,1410,69128
17,101,15061,965996517.6,15061,523,14806
17,103,29042,1861276832.6,29042,388,28786
17,105,26318,2652005862.8,26318,338,25761
17,107,18935,1603539999.3,18935,726,18517
17,109,18292,1530058280.1,18292,351,18224
17,111,153245,1650540254.2,153245,1548,152847
17,113,68914,3014898087.7,68914,841,67686
17,115,57038,1453779631.4,57038,1749,56675
17,117,35820,2156897071.1,35820,55,1371
17,119,147577,2172485727.8,147577,0,0
17,121,23087,1207844096.1,23087,307,22250
17,123,13222,1021588761.3,13222,267,12990
17,125,16655,1441739191.7,16655,524,16345
17,127,10721,614206874.8,10721,445,10721
17,129,11995,810641123.6,11995,273,11942
17,131,13674,1468338090.8,13674,441,13123
17,133,19609,992517481.4,19609,473,19433
17,135,25675,1785253488.4,25675,26,80
17,137,22452,1434474818.0,22452,375,22426
17,139,11236,890644074.1,11236,132,7801
17,141,31304,1905447916.5,31304,153,315
17,143,88698,1594593095.4,88698,2921,88455
17,145,16267,1199601084.2,16267,524,15862
17,147,12760,972910241.1,12760,61,119
17,149,23192,2863278332.4,23192,458,22296
17,151,7608,582618590.5,7608,360,497
17,153,7954,565760015.4,7954,335,341
17,155,7861,396924992.2,7861,21,135
17,157,25765,1514905775.8,25765,1624,25122
17,159,15097,936565255.2,15097,76,4530
17,161,65948,1066263557.5,65948,1045,65795
17,163,149873,1661062596.6,149873,5155,148955
17,165,22267,886799707.7,22267,259,460
17,167,116484,2733583225.5,116484,463,12011
17,169,9105,1138018441.2,9105,172,8900
17,171,6911,571904177.8,6911,0,8
17,173,21061,2063422947.3,21061,532,21051
17,175,6082,744758856.3,6082,163,6029
17,177,27995,1542703442.1,27995,40,123
17,179,67517,1632259350.7,67517,1098,67271
17,181,12957,1069691637.2,12957,481,12318
17,183,55474,2321571769.7,55474,508,1828
17,185,10223,518722963.9,10223,7,23
17,187,14191,1397255234.2,14191,369,14126
17,189,22236,1450403995.1,22236,373,20645
17,191,20639,2192604464.0,20639,30,426
17,193,20957,1280185366.8,20957,563,20710
17,195,36546,1747093313.7,36546,194,36321
17,197,327965,5233235262.3,327965,0,0
17,199,51048,1133030286.0,51048,1588,50185
17,201,119074,1233684576.0,119074,2455,119058
17,203,26646,1445040510.2,26646,424,25784
18,001,20187,892765334.1,20187,1,28
18,003,163792,1614474741.9,163792,0,0
18,005,39779,943558472.5,39779,0,0
18,007,7779,1035486389.0,7779,0,0
18,009,8586,413661349.3,8586,120,6505
18,011,42965,1092622363.4,42965,0,0
18,013,15757,953253336.4,15757,0,0
18,015,21348,934853392.3,21348,0,0
18,017,25557,1092375538.4,25557,0,0
18,019,63444,949662292.4,63444,957,49845
18,021,23249,894528439.6,23249,0,0
18,023,25924,1037172332.4,25924,281,15898
18,025,13163,799086275.6,13163,0,0
18,027,22913,1096982522.9,22913,0,0
18,029,37546,799712563.6,37546,798,32152
18,031,21192,983279164.3,21192,537,17728
18,033,31691,952020720.6,31691,0,0
18,035,59557,1014514118.6,59557,647,41635
18,037,34950,1135875149.9,34950,0,0
18,039,87678,1137144407.4,87678,0,0
18,041,14053,540897832.1,14053,0,0
18,043,46639,384419165.4,46639,0,0
18,045,18025,1044321031.9,18025,440,14602
18,047,18079,995699357.1,18079,0,0
18,049,17519,955048572.5,17519,0,0
18,051,24815,1282067527.9,24815,379,21526
18,053,37889,1071625902.2,37889,3,35
18,055,27297,1419306732.5,27297,0,0
18,057,149936,979495281.7,149936,0,0
18,059,54050,796934900.3,54050,1125,44654
18,061,30300,1225432621.3,30300,465,27628
18,063,90027,1041492682.6,90027,0,0
18,065,28245,999415094.1,28245,0,0
18,067,43997,768514518.2,43997,584,29237
18,069,22999,998918834.6,22999,0,0
18,071,27083,1282694540.2,27083,0,0
18,073,24470,1495309769.1,24470,0,0
18,075,16207,989655241.6,16207,0,0
18,077,20372,924983685.2,20372,0,0
18,079,21184,939818410.8,21184,0,0
18,081,71643,768368544.4,71643,0,1
18,083,29991,1364496982.7,29991,597,22830
18,085,52962,1383037083.4,52962,0,0
18,087,27792,970971826.6,27792,0,0
18,089,243572,1328351135.0,243572,11026,165306
18,091,64915,1531353324.5,64915,3203,64277
18,093,32331,1152072715.6,32331,0,5
18,095,83973,1140418733.9,83973,0,0
18,097,384280,1082863220.2,384280,3291,307512
18,099,35789,1184530842.3,35789,0,16
18,101,10389,637505879.3,10389,0,0
18,103,23131,982125723.5,23131,0,0
18,105,62705,1059757184.8,62705,2318,39799
18,107,23745,1283591193.4,23745,0,0
18,109,44251,1063734189.5,44251,2,241
18,111,11636,1019898185.1,11636,0,0
18,113,27674,1099316505.1,27674,0,0
18,115,3611,241595606.2,3611,0,0
18,117,27836,1076247904.3,27836,28,301
18,119,17867,1002740997.9,17867,0,0
18,121,20554,1139509320.7,20554,0,0
18,123,17881,955237657.7,17881,0,0
18,125,17472,866956759.4,17472,0,0
18,127,82927,1061146882.1,82927,270,17134
18,129,20424,1035438949.2,20424,0,0
18,131,18186,1127095657.3,18186,0,0
18,133,25797,1208520613.5,25797,0,0
18,135,18724,1191419541.4,18724,0,0
18,137,18508,1034910743.5,18508,0,0
18,139,13500,1107728276.1,13500,0,0
18,141,122724,1271083422.9,122724,2519,112331
18,143,15414,501819408.3,15414,0,0
18,145,30462,1076816381.7,30462,0,18
18,147,22132,985902010.8,22132,0,0
18,149,20039,807077343.7,20039,0,0
18,151,39702,791772627.3,39702,0,0
18,153,18554,1132709564.0,18554,0,0
18,155,8829,555119354.0,8829,0,0
18,157,79631,1298649116.0,79631,219,981
18,159,12597,689370442.7,12597,0,0
18,161,6489,407854334.6,6489,0,0
18,163,92983,761060370.1,92983,481,91437
18,165,12776,652462735.6,12776,0,0
18,167,59220,1027528484.9,59220,0,0
18,169,19634,1091881093.3,19634,2,83
18,171,10815,924583321.5,10815,0,0
18,173,40815,1030925970.3,40815,0,4
18,175,19598,1295867283.4,19598,0,0
18,177,35437,1014229954.6,35437,0,0
18,179,18267,968230046.7,18267,0,0
18,181,21954,1246989849.3,21954,0,0
18,183,20484,868652449.0,20484,0,0
19,001,14664,1465375413.9,14664,215,14635
19,003,10209,1069253487.6,10209,69,10008
19,005,14507,1783579701.6,14507,633,13933
19,007,22123,1275087334.5,22123,967,22057
19,009,11858,1151668912.3,11858,120,11748
19,011,18005,1851368418.8,18005,382,17913
19,013,76752,1637369288.1,76752,5619,75704
19,015,19238,1152151674.0,19238,742,19086
19,017,20162,1113770762.6,20162,1130,20069
19,019,21682,1471148290.5,21682,535,21510
19,021,19868,1456685722.8,19868,440,19702
19,023,15567,1693298373.1,15567,548,14193
19,025,17863,1438261799.8,17863,458,17837
19,027,22031,1426660930.9,22031,109,21808
19,029,17010,1445442163.8,17010,281,16983
19,031,20260,1476073807.4,20260,315,20052
19,033,33005,1412883776.4,33005,1158,32516
19,035,17076,1445439307.5,17076,224,16987
19,037,10088,1267089258.6,10088,80,5663
19,039,12386,1072012294.4,12386,257,12340
19,041,18847,1441328316.1,18847,789,18686
19,043,30752,1947351798.5,30752,1004,30605
19,045,34768,1829538205.8,34768,1387,34492
19,047,22777,1790271544.2,22777,608,22759
19,049,56773,1473298743.6,56773,2091,56656
19,051,12397,1307544321.7,12397,260,12286
19,053,16016,1343720905.9,16016,539,15985
19,055,18163,1484913929.1,18163,411,18155
19,057,28810,1041056735.3,28810,1715,28808
19,059,27020,1035043308.5,27020,1356,26953
19,061,52933,1527660251.1,52933,1645,52929
19,063,13839,1027791599.3,13839,712,13775
19,065,17238,1901319557.3,17238,449,17145
19,067,12102,1259045811.7,12102,327,12075
19,069,17401,1459989683.9,17401,405,17211
19,071,14733,1297269436.0,14733,1097,14675
19,073,12290,1147256050.4,12290,289,12210
19,075,10566,1262414658.1,10566,150,10521
19,077,15270,1158510307.4,15270,344,15189
19,079,19279,1444223382.1,19279,523,19104
19,081,16251,1367330718.6,16251,647,16249
19,083,21868,1427671393.2,21868,594,21430
19,085,25256,1791101562.8,25256,1074,25237
19,087,16582,1121426396.3,16582,64,443
19,089,13546,1190201437.2,13546,271,13531
19,091,16755,1091433452.5,16755,235,16447
19,093,11688,1098060628.0,11688,47,11649
19,095,19680,1468626443.1,19680,847,19600
19,097,22520,1675665989.2,22520,773,22382
19,099,30244,1830031909.9,30244,453,1522
19,101,18370,1091054728.1,18370,193,18310
19,103,74133,1918833521.5,74133,835,47257
19,105,23116,1457664046.3,23116,503,22750
19,107,17968,1511342295.4,17968,333,17941
19,109,26119,2447795377.4,26119,624,23654
19,111,31152,1312978073.6,31152,639,29836
19,113,107186,1982562394.0,107186,2559,106471
19,115,13732,1042731206.2,13732,601,1395
19,117,12474,1096182065.4,12474,559,12458
19,119,11660,1518044011.3,11660,235,11531
19,121,19988,1429494247.7,19988,279,17911
19,123,22898,1461454577.2,22898,532,22778
19,125,23931,1202414700.3,23931,343,23909
19,127,27013,1458004002.8,27013,367,15716
19,129,17595,1144227676.1,17595,713,17588
19,131,13855,1183486603.6,13855,192,13111
19,133,21444,1760282975.2,21444,862,20910
19,135,17164,1105855985.0,17164,383,16846
19,137,14556,1082785139.2,14556,317,14490
19,139,24923,1094844754.3,24923,707,24787
19,141,18456,1462521252.2,18456,467,18430
19,143,12492,1054337032.1,12492,347,12346
19,145,18501,1349015633.6,18501,19,169
19,147,17020,1472259474.6,17020,565,16968
19,149,29510,2187984965.5,29510,451,28968
19,151,19766,1507935532.8,19766,691,19657
19,153,207191,1524940842.6,207191,22,162400
19,155,53845,2361663085.7,53845,754,53843
19,157,21297,1513422057.7,21297,240,21252
19,159,13801,1399954893.3,13801,8,23
19,161,19444,1493826566.0,19444,976,19415
19,163,75930,1153201897.8,75930,1261,75562
19,165,17806,1506876966.0,17806,334,17774
19,167,32238,1904021384.9,32238,832,31638
19,169,42166,1533416375.8,42166,1108,42047
19,171,23109,1826599718.8,23109,555,22153
19,173,16541,1355774143.3,16541,387,16312
19,175,14806,1104295930.3,14806,514,14772
19,177,15173,1238854990.6,15173,542,15159
19,179,30639,1080206641.7,30639,1436,30328
19,181,37000,1451741735.7,37000,0,0
19,183,20743,1287211442.0,20743,514,20708
19,185,13967,1327606014.9,13967,228,13967
19,187,33531,1802181401.3,33531,1219,33069
19,189,12408,1032215525.6,12408,370,12365
19,191,21296,1771146739.1,21296,675,21164
19,193,56051,2188036019.1,56051,1695,47919
19,195,11659,986417909.2,11659,557,11010
19,197,18956,1457416647.3,18956,611,18913
20,001,10830,1274491710.3,10830,365,10799
20,003,7431,1476786205.4,7431,90,7383
20,005,8362,784315294.3,8362,257,8328
20,007,6929,2905404000.5,6929,110,6926
20,009,18152,2270777052.4,18152,388,17928
20,011,12405,1614556066.7,12405,248,12372
20,013,8734,1439172781.4,8734,119,8730
20,015,34633,3649802534.9,34633,519,34523
20,017,4464,1987599263.1,4464,185,4438
20,019,5544,1645076729.7,5544,103,5519
20,021,15979,1483442440.9,15979,295,15934
20,023,4876,2601903205.4,4876,73,4859
20,025,3854,2501008563.6,3854,85,3757
20,027,7777,1652886496.8,7777,100,7764
20,029,9437,1810314478.5,9437,236,9435
20,031,8458,1649013951.1,8458,208,6045
20,033,3561,2021953371.5,3561,124,3556
20,035,21111,2857187903.7,21111,444,21110
20,037,24300,1492671414.2,24300,557,24290
20,039,4871,2273209823.7,4871,82,4867
20,041,14575,2141751429.8,14575,337,14568
20,043,7788,988833638.5,7788,170,7751
20,045,41758,1162408152.6,41758,418,20717
20,047,4606,1571875430.2,4606,82,4597
20,049,4330,1656936787.3,4330,83,4308
20,051,16060,2274483165.2,16060,173,16049
20,053,6863,1825492611.3,6863,261,6769
20,055,15916,3308915346.8,15916,197,15915
20,057,16494,2771713327.9,16494,379,16483
20,059,15399,1444183171.3,15399,185,11133
20,061,13872,1017376567.3,13872,318,13865
20,063,4684,2728307520.2,4684,84,4681
20,065,5074,2287063104.4,5074,98,5065
20,067,5787,1462140886.7,5787,43,5778
20,069,6488,2207044712.6,6488,123,6476
20,071,3425,1993973179.6,3425,49,3406
20,073,9487,2934960940.2,9487,275,9446
20,075,4364,2552600295.3,4364,59,4344
20,077,7167,2031157657.8,7167,102,5233
20,079,19332,1348530379.6,19332,465,19228
20,081,4309,1465728816.6,4309,62,3956
20,083,3583,2195272316.1,3583,61,3576
20,085,9750,1664925254.2,9750,123,9712
20,087,15510,1420471852.4,15510,384,15378
20,089,6946,2311696726.5,6946,181,6944
20,091,276287,1891370270.2,276287,9607,228382
20,093,4245,2226345713.5,4245,46,4233
20,095,7992,2186765311.9,7992,162,7951
20,097,4109,1839367939.9,4109,86,4055
20,099,15409,1641026261.3,15409,135,15373
20,101,3402,1833699353.2,3402,33,3394
20,103,32517,1157974900.4,32517,71,32352
20,105,5331,1827800089.3,5331,130,5303
20,107,18980,1530182107.9,18980,286,18956
20,109,4289,2742098059.0,4289,57,4273
20,111,17269,2153308361.7,17269,269,12749
20,113,18384,2253800173.1,18384,378,18267
20,115,12410,2406906410.3,12410,343,12391
20,117,9995,2283691911.5,9995,270,9981
20,119,5423,2498133274.2,5423,138,5413
20,121,18679,1469771726.8,18679,202,18582
20,123,7505,1825879438.7,7505,218,7500
20,125,22915,1629160590.3,22915,606,22801
20,127,6291,1789211044.9,6291,91,6274
20,129,5031,1864796175.5,5031,426,5013
20,131,8774,1816845555.8,8774,175,6393
20,133,12158,1456483489.7,12158,131,12152
20,135,6045,2738973310.8,6045,69,6034
20,137,6078,2229060655.4,6078,138,6074
20,139,12606,1813909684.8,12606,349,12458
20,141,6615,2272365338.1,6615,144,6610
20,143,6761,1826511510.2,6761,175,6748
20,145,6483,1923988078.2,6483,119,6416
20,147,7305,2265313714.6,7305,136,7298
20,149,17257,2177313974.1,17257,245,17239
20,151,8275,1859476189.6,8275,164,8191
20,153,5024,2724000691.2,5024,61,5024
20,155,35460,3187137671.3,35460,480,35423
20,157,7244,1817904012.8,7244,132,7221
20,159,9340,1826342899.8,9340,187,9333
20,161,24897,1574477898.1,24897,873,24703
20,163,6871,2277608727.7,6871,215,6853
20,165,5402,1814105851.1,5402,4,5402
20,167,7939,2268197822.2,7939,244,7939
20,169,26732,1805649462.0,26732,541,26651
20,171,5006,1827833125.4,5006,58,3349
20,173,240664,2390072502.8,240664,8951,221697
20,175,10313,1627571938.1,10313,362,10265
20,177,76607,1360741454.2,76607,770,68006
20,179,4160,2274464217.7,4160,73,4151
20,181,6425,2687464194.0,6425,86,6411
20,183,6788,2275126052.3,6788,91,6784
20,185,6253,2032917442.7,6253,159,6136
20,187,4064,1737077661.0,4064,35,4024
20,189,5860,1846985947.0,5860,48,5849
20,191,18174,2978434805.5,18174,262,13646
20,193,7447,2718985631.4,7447,90,7433
20,195,4793,2284892530.0,4793,92,4784
20,197,7240,2026318445.1,7240,154,7209
20,199,2900,2336294452.7,2900,13,2885
20,201,7973,2275949063.0,7973,181,7969
20,203,3358,1830910270.2,3358,25,3347
20,205,8868,1062135383.4,8868,218,8834
20,207,4893,1281302468.4,4893,144,4889
20,209,68157,334229579.4,68157,467,68122
21,001,17174,1204893490.8,17174,722,15330
21,003,15848,921725748.8,15848,549,13867
21,005,13299,578747368.0,13299,87,12838
21,007,7540,706357293.5,7540,96,6725
21,009,19283,1044032181.6,19283,199,19099
21,011,5617,536636004.4,5617,19,4944
21,013,14868,1118522274.2,14868,272,376
21,015,58095,618970125.7,58095,641,55156
21,017,7539,663089254.4,7539,3,6886
21,019,24381,395842915.1,24381,0,0
21,021,13681,523991219.6,13681,101,13491
21,023,5639,433657875.6,5639,93,5438
21,025,10277,1271225542.2,10277,60,10102
21,027,21351,1302715778.3,21351,349,16841
21,029,37150,712292425.0,37150,322,36908
21,031,9165,1169239656.8,9165,4,8270
21,033,11401,971494821.8,11401,42,9363
21,035,37348,926843280.2,37348,0,0
21,037,37142,368770736.0,37142,970,37001
21,039,4003,484276829.1,4003,0,12
21,041,7145,374481310.3,7145,146,6943
21,043,12623,830902084.5,12623,93,11621
21,045,12055,1116443643.3,12055,34,11941
21,047,23886,1202955568.7,23886,54,112
21,049,17867,652679794.0,17867,19,17258
21,051,15009,1404482301.6,15009,579,706
21,053,9442,727985975.5,9442,1067,8136
21,055,9283,1054601788.3,9283,31,8264
21,057,8041,931729628.1,8041,435,7768
21,059,47891,1156091866.9,47891,71,3818
21,061,9024,652995544.1,9024,79,8049
21,063,5250,671112786.7,5250,16,4358
21,065,10043,556809320.8,10043,52,66
21,067,114238,689459063.3,114238,0,0
21,069,7437,718237171.7,7437,44,7258
21,071,25750,1071812761.9,25750,265,20233
21,073,23483,591939622.4,23483,330,22488
21,075,4752,518765005.7,4752,0,21
21,077,5699,297171083.7,5699,80,5494
21,079,11318,652952680.2,11318,28,10758
21,081,10526,500828014.1,10526,136,10231
21,083,30311,1392589644.4,30311,0,0
21,085,26905,1182176434.9,26905,142,18218
21,087,7297,514810917.8,7297,11,6489
21,089,19305,580690397.3,19305,19,33
21,091,6149,549199800.2,6149,59,5965
21,093,46670,1395234103.0,46670,408,46421
21,095,17819,1430790503.0,17819,480,16633
21,097,9966,793531173.7,9966,234,9646
21,099,12587,1011533047.8,12587,0,8
21,101,22823,1126262718.3,22823,0,0
21,103,9441,775492446.4,9441,51,9306
21,105,4780,683136318.9,4780,4,15
21,107,24552,1165576543.0,24552,123,21015
21,109,8923,966291418.6,8923,343,6162
21,111,293038,1003583983.4,293038,1203,109475
21,113,22783,460178364.9,22783,10,154
21,115,15031,725669614.9,15031,295,338
21,117,65058,404339812.1,65058,1000,64735
21,119,11812,1112807181.8,11812,337,9178
21,121,16056,1077956252.8,16056,90,15250
21,123,8025,585820464.7,8025,68,267
21,125,32167,1008561031.9,32167,102,126
21,127,7906,647337449.0,7906,140,143
21,129,6163,571471811.1,6163,183,4444
21,131,10459,1296851806.1,10459,1137,9725
21,133,12200,1127086510.1,12200,131,11374
21,135,10276,1334533980.5,10276,121,9320
21,137,16087,934670558.8,16087,27,15801
21,139,6553,707093486.0,6553,77,5508
21,141,16400,1124959622.6,16400,99,281
21,143,12208,802477674.4,12208,1041,8738
21,145,36888,721804254.8,36888,476,35400
21,147,13210,1115338850.8,13210,1469,11254
21,149,5354,472862701.9,5354,33,5085
21,151,39123,1058777763.1,39123,0,0
21,153,10459,872146269.9,10459,11,12
21,155,11558,880344552.9,11558,19,11298
21,157,28510,748572513.9,28510,4,6
21,159,7113,509397340.9,7113,1,4
21,161,9026,506352938.9,9026,84,7779
21,163,12252,868494351.3,12252,57,11898
21,165,4255,438185202.1,4255,190,191
21,167,13209,695724911.1,13209,151,12736
21,169,5701,592692284.0,5701,14,4944
21,171,11329,918232838.0,11329,12,10204
21,173,10156,339401655.1,10156,0,1
21,175,10116,1026623036.5,10116,104,8285
21,177,22078,1634890765.8,22078,26,85
21,179,20953,845380189.7,20953,123,18553
21,181,4524,478392517.7,4524,0,11
21,183,20055,1653637423.0,20055,253,299
21,185,28928,526563343.7,28928,104,27095
21,187,11256,971959843.6,11256,61,243
21,189,4552,620129501.8,4552,184,287
21,191,9038,728032916.1,9038,150,8988
21,193,17850,1124570902.0,17850,55,14275
21,195,45089,2202694450.4,45089,542,586
21,197,7737,493116612.9,7737,59,76
21,199,48447,1972651644.5,48447,3978,47433
21,201,1519,259109191.9,1519,0,3
21,203,14684,871698034.5,14684,158,171
21,205,12712,654689062.7,12712,208,212
21,207,24508,861065451.5,24508,3928,4100
21,209,24962,726345968.4,24962,0,3283
21,211,23322,995944082.0,23322,181,23028
21,213,11937,632416793.3,11937,6,10255
21,215,11042,499035945.1,11042,17,10476
21,217,15868,864164474.2,15868,629,15177
21,219,8343,749242924.2,8343,31,6648
21,221,19082,1156761595.4,19082,401,423
21,223,6642,415334296.2,6642,10,17
21,225,8923,912349984.3,8923,167,8883
21,227,68585,1476321830.7,68585,0,2
21,229,7453,639697694.5,7453,9,16
21,231,18092,1089819775.6,18092,2994,2996
21,233,13257,877733916.2,13257,168,13247
21,235,20256,1040695391.2,20256,200,220
21,237,5633,481215852.0,5633,27,43
21,239,12024,519271140.6,12024,0,22
22,001,47241,1717935175.0,47241,244,46520
22,003,18903,2005967045.9,18903,257,15808
22,005,49481,606846964.0,49481,132,42597
22,007,14632,876957083.3,14632,26,14259
22,009,36922,2187928345.2,36922,291,696
22,011,27028,2983245795.9,27028,0,0
22,013,19348,2309806673.3,19348,126,17614
22,015,78890,2207589547.1,78890,1,78869
22,017,140496,2380020454.8,140496,2976,136829
22,019,155810,2830107208.4,155810,1792,149846
22,021,9387,1371537107.4,9387,166,9185
22,023,14919,13606536182.1,14919,143,14917
22,025,14620,1926816914.6,14620,407,13985
22,027,19581,2214541320.7,19581,127,3825
22,029,15463,2503315139.6,15463,724,13456
22,031,49518,2370569833.9,49518,828,46345
22,033,204767,1093915765.4,204767,742,200237
22,035,6709,1193793619.9,6709,128,148
22,037,17700,1270702622.9,17700,0,8
22,039,28328,1731888051.2,28328,256,27042
22,041,13636,1536031428.2,13636,1,4
22,043,19971,1728053929.3,19971,656,19080
22,045,37171,1387465500.1,37171,0,0
22,047,18740,1775607258.4,18740,423,16890
22,049,13515,1604393080.2,13515,182,8821
22,051,223825,574961886.6,223813,736,151412
22,053,25898,2280751856.1,25898,18,54
22,055,115719,672081487.4,115719,3313,111632
22,057,61352,2745838614.9,61352,357,55477
22,059,13702,1811567964.7,13702,271,9149
22,061,27358,1218966001.8,27358,937,26386
22,063,90479,1624299377.6,90479,80,5560
22,065,9589,1749581137.0,9589,745,813
22,067,21412,1829937600.3,21412,165,191
22,069,30194,3711933759.4,30194,1957,29788
22,071,150676,317632952.3,150676,3079,150664
22,073,92122,1641958423.4,92122,2591,73559
22,075,18130,2421279331.9,18130,0,0
22,077,18433,1538736461.1,18433,53,71
22,079,73959,3406764605.7,73959,958,72399
22,081,10805,958592018.8,10805,65,10003
22,083,18749,1461621036.6,18749,195,17511
22,085,29566,2404023153.5,29566,516,26274
22,087,21924,1691212265.3,21924,214,21924
22,089,39038,739478485.5,39038,400,38975
22,091,109,7234796.9,109,18,18
22,093,10742,647064036.3,10742,81,10602
22,095,25648,1213126753.2,25648,10,17
22,097,62001,2379050805.6,62001,0,0
22,099,39265,1864306343.4,39265,379,37763
22,101,38204,1299222192.4,38204,1271,37550
22,103,135296,2022355382.2,135296,1192,122076
22,105,77188,2016554716.7,77188,519,76932
22,107,5629,1805497780.4,5629,0,1
22,109,54414,1981741935.9,54414,82,49910
22,111,28333,2130950124.8,28333,492,27297
22,113,45600,3523257798.6,45600,75,34513
22,115,26052,3418621208.2,26052,755,25915
22,117,33291,1618701010.4,33291,189,32986
22,119,55578,1567882886.3,55578,2285,54801
22,121,12024,444313223.2,12024,38,12021
22,123,7415,795610979.5,7415,35,35
22,125,6462,979315918.0,6462,66,6299
22,127,1299,8880131.4,1299,20,20
23,001,43040,1006845615.2,43040,442,34931
23,003,36856,6631848278.6,36856,240,8352
23,005,145378,2274293222.1,145378,1950,127236
23,007,28322,2677389223.1,28322,293,17255
23,009,52582,3320067885.3,52582,666,43128
23,011,54646,1628260692.0,54646,606,38476
23,013,29627,947687179.0,29627,276,17889
23,015,29823,1075806511.2,29823,116,11565
23,017,42523,3459947996.4,42523,424,27665
23,019,56191,4624395267.4,56191,851,30582
23,021,14733,3206665153.9,14733,501,5915
23,023,20673,635489692.4,20673,311,17166
23,025,16209,3298254309.3,16209,205,7020
23,027,19770,1135658196.0,19770,87,10771
23,029,38594,4934400750.0,38594,481,26796
23,031,105598,2202539151.4,105598,1364,83524
24,001,41768,967456748.6,41768,691,39366
24,003,267221,1382467698.6,267221,2,2
24,005,374227,1921749250.8,374227,6324,350287
24,009,56728,555988800.1,56728,523,51931
24,011,17974,821203271.0,17974,1646,17790
24,013,69707,1126789489.9,69707,1,6
24,015,49724,878984937.3,49724,332,48959
24,017,74597,1207208094.2,74597,384,73581
24,019,26133,1066722540.7,26133,347,25662
24,021,123899,1734039950.6,123899,0,0
24,023,31631,1727141453.8,31631,1656,30472
24,025,96117,911486177.2,96117,535,93271
24,027,85015,604757845.8,85015,333,80676
24,029,15382,723870267.0,15382,106,9363
24,031,288099,1292189299.0,288099,1292,281298
24,033,352673,1851698645.9,352673,0,0
24,035,28123,974642544.9,28123,165,27432
24,037,53048,943572506.4,53048,1161,51520
24,039,18057,844945597.9,18057,1535,17789
24,041,22564,726637630.1,22564,220,21476
24,043,63118,1218322275.4,63118,583,60920
24,045,48740,973277706.7,48740,728,47242
24,047,47426,1243906873.4,47426,1213,46655
24,510,243575,778720701.9,243575,2194,238030
25,001,182344,3797188936.3,182344,0,0
25,003,73861,2456988815.5,73861,2539,72452
25,005,191052,1430145266.5,191052,5753,180747
25,007,21354,277430907.0,21354,711,20805
25,009,267779,3169501089.7,267779,8189,266384
25,011,41849,1693932115.7,41849,1545,40980
25,013,155814,1549460664.1,155814,2694,119800
25,015,62135,1508426644.4,62135,2373,60344
25,017,525751,5825494427.5,525751,16434,516981
25,019,13800,126995799.0,13800,283,11745
25,021,246371,2959854251.6,246371,8436,245322
25,023,215738,8627025191.7,215738,9192,209199
25,025,202110,474776178.7,202110,3442,180183
25,027,320036,6219183466.6,320036,10894,318186
26,001,21403,2097874647.2,21403,1063,1914
26,003,12522,2368217402.5,12522,1401,12522
26,005,68710,2209528515.6,68710,1604,65821
26,007,25094,1945975551.0,25094,1913,1976
26,009,37567,1217790565.9,37567,832,37471
26,011,18481,949583090.9,18481,375,18380
26,013,10940,2360257257.4,10940,938,10938
26,015,34076,1432539082.3,34076,173,33841
26,017,52405,1151413364.2,52405,600,52405
26,019,23098,1328192811.8,23098,568,20155
26,021,86588,1521414061.6,86588,199,870
26,023,27698,1136548548.4,27698,62,96
26,025,63191,1772504681.0,63191,515,21997
26,027,36376,1268446316.7,36376,145,34996
26,029,31398,1099649757.6,31398,1028,30268
26,031,30530,1833229527.7,30530,1132,30530
26,033,25726,3875069259.2,25726,937,1263
26,035,36452,1490625592.5,36452,78,135
26,037,37778,1489478266.8,37778,0,0
26,039,18036,1455988537.4,18036,2678,18004
26,041,22624,2892738915.9,22624,1,30
26,043,22886,1948406405.5,22886,2034,22835
26,045,46321,1469180614.2,46321,608,46321
26,047,32559,1189127284.3,32559,998,31808
26,049,54917,72208419.4,54917,2101,54908
26,051,28045,1336530413.6,28045,313,27668
26,053,20928,2782902375.1,20928,2014,20867
26,055,55932,1280392688.8,55932,665,54229
26,057,22401,1470671278.0,22401,1,2
26,059,33529,1549618232.5,33529,658,33351
26,061,24739,2175742665.9,24739,2415,24719
26,063,32997,2104006294.2,32997,338,16151
26,065,103649,1457416253.6,103649,1434,101619
26,067,31666,1474286987.2,31666,566,31427
26,069,31445,2337150499.6,31445,952,1046
26,071,20784,3146135000.0,20784,1874,20597
26,073,30772,1481843355.5,30772,63,14785
26,075,77822,1770380635.1,77822,1812,77733
26,077,122519,1503847546.2,122519,1261,46557
26,079,20474,1452799760.2,20474,706,20470
26,081,268709,3405964679.8,268709,4985,268698
26,083,4836,1021003410.6,4836,264,4825
26,085,27155,1469260130.2,27155,1558,27154
26,087,43628,1696901479.4,43628,526,43492
26,089,25222,885808478.9,25222,434,25177
26,091,55193,1972304679.0,55193,516,52097
26,093,96395,1784768983.0,96395,559,1035
26,095,10076,2361483419.7,10076,1593,10057
26,097,22472,2783350066.0,22472,0,39
26,099,375618,5254446552.4,375618,3273,373351
26,101,25621,1426130196.2,25621,1039,25022
26,103,46874,5224198338.9,46874,245,3724
26,105,24583,1303315740.8,24583,775,24374
26,107,33594,1474905874.6,33594,507,16113
26,109,24451,2661849425.9,24451,639,24356
26,111,35707,1005837194.6,35707,344,17319
26,113,16192,1512315058.4,16192,407,15380
26,115,71343,1318175373.0,71343,1206,71267
26,117,44067,1866727295.9,44067,881,42009
26,119,18933,1441955331.4,18933,993,17868
26,121,84722,1296510322.8,84722,2481,75017
26,123,40421,2254000089.5,40421,2931,39316
26,125,490567,7085488089.1,490567,0,0
26,127,26431,1396803911.2,26431,2326,16757
26,129,25939,1486821828.8,25939,210,273
26,131,13795,3402763765.4,13795,1336,13794
26,133,22271,1276821321.4,22271,114,157
26,135,14822,1502504684.7,14822,689,14242
26,137,27714,1137990757.8,27714,26,82
26,139,117832,2249911496.2,117832,1199,117799
26,141,24397,1561976888.9,24397,699,24311
26,143,34430,1401355615.1,34430,882,34411
26,145,96798,2064386013.0,96798,266,635
26,147,88520,1851019263.7,88520,2329,88490
26,149,34337,1289475231.8,34337,454,28265
26,151,32345,2492084740.2,32345,139,203
26,153,13618,2997489307.4,13618,0,0
26,155,35611,1398734603.8,35611,708,34069
26,157,36589,2109416677.1,36589,1018,35561
26,159,51289,1562407959.8,51289,1345,50969
26,161,126846,1799818404.4,126846,721,10543
26,163,380440,258549349.8,380440,8926,380398
26,165,26220,1511207578.4,26220,1790,25510
27,001,42999,4733892797.1,42999,8512,42999
27,003,148037,1100314714.7,148037,4608,138760
27,005,34878,3753531458.3,34878,2273,32748
27,007,41603,5505234162.9,41603,2877,36508
27,009,19486,1028264930.8,19486,725,19486
27,011,8059,1404172186.0,8059,599,7138
27,013,33664,1859639998.0,33664,1299,32984
27,015,18681,1618641323.3,18681,957,18485
27,017,34062,2293563285.4,34062,2006,32998
27,019,47715,883322856.4,47715,2036,47408
27,021,52246,5914833922.2,52246,3919,50406
27,023,11814,1522222688.9,11814,978,11145
27,025,29932,1118853109.4,29932,1182,29710
27,027,30878,2710600933.6,30878,32,14110
27,029,10717,2127229624.2,10717,512,9606
27,031,12605,4156758639.9,12605,3062,12080
27,033,11182,1686745401.4,11182,876,11106
27,035,94133,2899385386.3,94133,3721,93356
27,037,170975,2092653363.6,170975,1,2
27,039,12418,1099925492.9,12418,319,12394
27,041,33505,1874207939.3,33505,968,31172
27,043,15263,1876199129.5,15263,690,15056
27,045,20996,2267566465.3,20996,1095,20047
27,047,22252,1800587880.8,22252,769,22252
27,049,29206,1892912272.3,29206,1206,28990
27,051,7712,1491751280.7,7712,255,7112
27,053,448857,2128890525.7,448857,8011,444534
27,055,16584,1455466804.9,16584,1070,16241
27,057,29360,2432325123.6,29360,2061,29233
27,059,23639,1099417635.5,23639,737,23428
27,061,78231,7427027616.9,78231,13324,74861
27,063,10838,1810382412.4,10838,343,10733
27,065,12120,1361045277.0,12120,473,12111
27,067,29799,2061811884.2,29799,1463,29176
27,069,9998,2861141727.5,9998,789,9422
27,071,57310,8078352664.0,57310,2220,54947
27,073,8968,1992007652.5,8968,1064,8455
27,075,47098,5524154321.9,47098,30100,46942
27,077,9077,3394824622.5,9077,1728,9063
27,079,22596,1228276800.1,22596,1891,22157
27,081,7010,1418421201.4,7010,2,273
27,083,16390,1826539294.5,16390,624,14217
27,085,20466,1257933919.9,20466,286,20440
27,087,6219,1510617864.3,6219,519,5721
27,089,15417,4623909516.2,15417,709,14638
27,091,15654,1837103585.4,15654,561,15639
27,093,18444,1682867398.6,18444,930,17531
27,095,20930,1502291488.9,20930,679,20062
27,097,30204,2828458990.9,30204,1025,29753
27,099,23296,1838126832.7,23296,1269,23042
27,101,10248,1865843293.5,10248,138,10017
27,103,16970,1152733761.5,16970,526,16724
27,105,15282,1600247566.8,15282,858,14943
27,107,9688,2270545282.4,9688,366,9149
27,109,75846,1678243431.9,75846,4024,75564
27,111,66905,5793189631.9,66905,2143,64225
27,113,10478,1599791287.1,10478,373,9720
27,115,30764,3655311241.1,30764,1218,30742
27,117,8385,1202188121.6,8385,454,8331
27,119,34496,5123212955.8,34496,730,34145
27,121,14044,1865923930.3,14044,265,12893
27,123,172311,552499842.0,172311,2857,172071
27,125,4214,1120685491.0,4214,97,3887
27,127,15651,1975738161.0,15651,1137,15351
27,129,16377,2573674719.3,16377,783,15408
27,131,28181,1238179596.5,28181,541,28171
27,133,8188,1259003412.5,8188,313,8085
27,135,14856,3971578203.1,14856,530,14466
27,137,186195,16586836336.7,186195,24694,186087
27,139,61782,895848397.2,61782,1997,61782
27,141,44662,1117072658.7,44662,1094,42754
27,143,12964,1535557475.3,12964,416,12595
27,145,70538,3463656726.8,70538,2204,70522
27,147,20229,1120130987.5,20229,802,20028
27,149,8153,1491243837.8,8153,139,8153
27,151,10699,1651181178.9,10699,850,10418
27,153,24860,2434173473.1,24860,99,24850
27,155,6234,1514176622.6,6234,0,266
27,157,19892,1388995835.7,19892,1582,19880
27,159,11766,1394696653.9,11766,512,11363
27,161,12344,1125620647.6,12344,657,12030
27,163,127421,1005487854.5,127421,6628,127278
27,165,8402,1141251819.0,8402,429,8276
27,167,8603,2070456608.0,8603,564,8209
27,169,25634,1630405418.6,25634,996,13486
27,171,75437,1731194897.4,75437,3380,73145
27,173,10782,1977442671.5,10782,493,10343
28,001,18902,1205821566.6,18902,362,18477
28,003,22536,1005982315.6,22536,356,22478
28,005,17141,1925411891.5,17141,230,17133
28,007,16912,1860429775.4,16912,261,16908
28,009,9342,1058217756.6,9342,485,8770
28,011,28624,3493032186.3,28624,965,28377
28,013,14235,1503366144.5,14235,222,14160
28,015,11886,1652366146.0,11886,72,10832
28,017,13520,1326487583.3,13520,465,13520
28,019,9320,1062486966.7,9320,184,9312
28,021,8498,1227037644.8,8498,122,8385
28,023,16799,1758571648.8,16799,129,16799
28,025,13698,1077432167.3,13698,164,13246
28,027,15926,1428059528.1,15926,664,15470
28,029,22181,1975230768.0,22181,375,22176
28,031,17348,1072703709.0,17348,185,17345
28,033,85131,1204482284.6,85131,506,84959
28,035,42859,1180643585.1,42859,1685,42833
28,037,9563,1442505338.4,9563,394,9561
28,039,19865,1221349804.0,19865,1,35
28,041,13570,1832998573.9,13570,287,13362
28,043,17765,1220488517.0,17765,607,17761
28,045,52420,1236094311.6,52420,3397,52010
28,047,106866,1421991042.4,106866,0,0
28,049,114806,2166207187.7,114806,4522,114546
28,051,15921,1941281433.7,15921,396,15805
28,053,8262,1125506737.3,8262,170,8260
28,055,2817,1063274171.1,2817,110,2812
28,057,16546,1400360176.8,16546,328,16405
28,059,78113,1615274461.1,78113,2878,78101
28,061,17559,1726780977.9,17559,194,17559
28,063,8336,1330365254.0,8336,96,8331
28,065,14706,1040388154.7,14706,130,14600
28,067,40872,1794310649.3,40872,602,40844
28,069,11775,1956429813.9,11775,91,11774
28,071,34154,1721663726.3,34154,548,34150
28,073,36066,1296536151.6,36066,388,34956
28,075,47299,1801195751.7,47299,651,47213
28,077,12918,1106279587.3,12918,114,12917
28,079,16832,1475520112.1,16832,100,16830
28,081,44156,1112850278.2,44156,547,44137
28,083,16960,1529503106.6,16960,536,16940
28,085,26122,1485219591.3,26122,250,26076
28,087,32315,1319325950.6,32315,578,32310
28,089,65083,2389861652.9,65083,860,62420
28,091,20642,1378194374.9,20642,197,20635
28,093,25434,1768628585.0,25434,277,25403
28,095,28582,1999714621.5,28582,865,28579
28,097,10855,1052410047.3,10855,217,10852
28,099,20333,1441924668.8,20333,180,20333
28,101,17897,1466965408.8,17897,265,17897
28,103,10229,1827405405.4,10229,182,10223
28,105,24434,1172145104.6,24434,260,24341
28,107,25333,1911495836.1,25333,368,25130
28,109,44323,2073022967.5,44323,554,44168
28,111,11664,1673163705.2,11664,799,11652
28,113,29051,1063513935.6,29051,356,27974
28,115,19989,1263621623.9,19989,224,19975
28,117,18140,1045466452.7,18140,186,18124
28,119,8386,1072366088.2,8386,354,8326
28,121,79387,2021166298.8,79387,923,78797
28,123,21289,1577301733.5,21289,839,21279
28,125,4711,1105780768.5,4711,258,4705
28,127,21312,1499061186.8,21312,189,21295
28,129,16972,1628839098.2,16972,789,16969
28,131,14222,1141770219.1,14222,488,14209
28,133,12011,1306043004.3,12011,652,11969
28,135,11560,1670858259.5,11560,259,11426
28,137,16862,1073395691.6,16862,120,16859
28,139,16872,1180892743.2,16872,397,16867
28,141,16598,1119029413.2,16598,222,16438
28,143,6437,1199546180.0,6437,177,6408
28,145,19774,1095934401.7,19774,269,19769
28,147,14761,1027875775.4,14761,90,14745
28,149,20814,1159299484.2,20814,918,20712
28,151,32680,1955649537.0,32680,1783,32614
28,153,17259,2068037272.3,17259,287,17257
28,155,9819,1072765351.9,9819,126,9800
28,157,10668,1761211550.2,10668,158,10654
28,159,16410,1546828369.5,16410,342,16410
28,161,13496,1281748882.2,13496,270,12212
28,163,20202,2434568583.4,20202,718,20201
29,001,14797,1437672986.2,14797,215,14797
29,003,11352,1091842748.9,11352,111,11348
29,005,6523,1155762282.3,6523,36,55
29,007,15492,1779312440.0,15492,232,15423
29,009,27204,2016376989.6,27204,459,27109
29,011,8834,1277323150.3,8834,61,81
29,013,13609,2156791667.7,13609,189,13494
29,015,32424,1902537464.1,32424,144,32424
29,017,12615,1621438241.1,12615,228,12613
29,019,73120,1715970286.0,73120,851,73120
29,021,40061,1010082646.7,40061,511,40041
29,023,28516,1741362900.3,28516,680,28374
29,025,9348,1351828981.8,9348,6,14
29,027,26577,2121126309.9,26577,194,26577
29,029,59826,1817614725.6,59826,468,59826
29,031,40882,1509847661.8,40882,510,39596
29,033,10565,1507501023.7,10565,150,156
29,035,7481,1105037819.1,7481,514,531
29,037,54289,1786387202.5,54289,589,53135
29,039,12609,1267254128.7,12609,344,12608
29,041,12062,1956974695.4,12062,494,12062
29,043,43166,1419718653.3,43166,416,43113
29,045,7827,1304625045.5,7827,230,7776
29,047,95861,953732027.7,95861,1581,95663
29,049,13356,1070802569.0,13356,411,13342
29,051,36201,857584922.1,36201,72,125
29,053,12304,1431492650.7,12304,262,12273
29,055,18813,1895791203.8,18813,458,18799
29,057,8101,1115620927.3,8101,291,423
29,059,13736,1202609558.8,13736,68,77
29,061,11512,1250119677.5,11512,24,32
29,063,7536,1087311491.5,7536,147,7536
29,065,12378,1931799312.6,12378,679,12375
29,067,12448,1781091338.1,12448,94,112
29,069,16263,995129697.1,16263,191,16262
29,071,71634,2349926957.9,71634,1137,71615
29,073,15008,1341804508.5,15008,239,15006
29,075,8113,1049969637.8,8113,23,26
29,077,118373,1654089864.2,118373,1092,118236
29,079,9597,1100482267.1,9597,172,9591
29,081,11091,1583780969.5,11091,38,79
29,083,16673,1857528729.8,16673,701,16641
29,085,11497,1020912832.0,11497,467,11496
29,087,7693,1002256177.4,7693,170,184
29,089,8806,1005972328.0,8806,135,144
29,091,22458,2354758803.3,22458,574,22455
29,093,10583,1413671255.8,10583,556,10579
29,095,300375,1419442660.9,300375,3001,222000
29,097,61847,1586049309.7,61847,516,61818
29,099,106268,1646416533.2,106268,573,105935
29,101,28185,1842373114.7,28185,129,163
29,103,6419,1104372545.8,6419,57,59
29,105,22015,1969513614.0,22015,415,21827
29,107,22965,1591348822.1,22965,428,22957
29,109,21671,1543443823.0,21671,289,21671
29,111,9092,1300050272.3,9092,228,9081
29,113,32938,1601441941.0,32938,666,32896
29,115,11095,1566686844.7,11095,322,11095
29,117,11237,1176002475.9,11237,141,1668
29,119,16962,1383070796.8,16962,203,16814
29,121,14612,2039728580.3,14612,302,14600
29,123,11145,1275160877.0,11145,311,1226
29,125,8267,1348690220.7,8267,57,8267
29,127,18708,1094118568.1,18708,614,18695
29,129,5859,990342576.2,5859,31,32
29,131,21624,1514337541.6,21624,292,21585
29,133,9582,1206732752.2,9582,7,9
29,135,10401,1073012139.4,10401,169,10304
29,137,10100,1479798600.2,10100,100,116
29,139,11838,1187451987.5,11838,38,58
29,141,29192,1515801931.5,29192,145,29192
29,143,14769,1673577953.6,14769,137,14769
29,145,32370,1567675196.1,32370,158,32280
29,147,15902,1901052001.1,15902,20,38
29,149,10250,1734761452.5,10250,226,234
29,151,11566,1540508035.8,11566,131,11566
29,153,11096,1813448405.5,11096,1,29
29,155,13967,1444834084.6,13967,24,25
29,157,15043,1202641271.1,15043,218,14907
29,159,25462,1752557066.3,25462,497,25383
29,161,21810,1710612575.3,21810,508,21810
29,163,13992,1726033168.5,13992,311,13977
29,165,44042,1029137111.2,44042,0,0
29,167,19741,1627062423.1,19741,146,19730
29,169,19947,1389361517.8,19947,392,19947
29,171,7774,1322617728.8,7774,92,7731
29,173,9495,1214257768.7,9495,81,9494
29,175,15609,1048334035.0,15609,51,58
29,177,16005,1418527568.2,16005,12,1484
29,179,13025,2084879265.5,13025,669,13024
29,181,11576,1380479762.0,11576,175,184
29,183,171878,1386651166.0,171878,1649,171877
29,185,11165,1785479475.5,11165,439,11164
29,186,17885,1272502970.4,17885,100,133
29,187,40346,1132785613.3,40346,469,40340
29,189,398327,1608303518.3,398327,6735,398327
29,195,16079,1923379433.7,16079,524,16077
29,197,4530,665896555.9,4530,6,6
29,199,5793,1120688796.7,5793,81,5792
29,201,23104,1050959108.2,23104,479,23102
29,203,10653,2569498334.6,10653,1777,10651
29,205,6785,1221087712.9,6785,147,6769
29,207,19418,2060056471.2,19418,290,19418
29,209,36610,1174925464.7,36610,522,3537
29,211,8114,1393490218.2,8114,96,97
29,213,49997,1649329386.9,49997,892,49924
29,215,21485,3007697665.8,21485,588,21474
29,217,15180,2118171157.2,15180,339,15177
29,219,27182,1101236478.9,27182,229,27178
29,221,26716,1948380228.0,26716,251,26632
29,223,15549,2127280688.5,15549,869,911
29,225,18824,1501683177.1,18824,134,18741
29,227,3395,683037073.2,3395,61,3395
29,229,14651,1734270474.1,14651,219,14651
29,510,139869,97918141.7,139869,104,1971
30,001,17704,15600891542.4,17704,6079,17685
30,003,15778,14078061556.8,15778,786,15773
30,005,12934,11081315812.7,12934,2252,12934
30,007,8753,3509436834.7,8753,996,8749
30,009,15406,5498393666.9,15406,1040,15390
30,011,8296,9079787298.7,8296,2418,8295
30,013,43651,6828733510.5,43651,1583,43651
30,015,14638,10642965174.5,14638,2069,14635
30,017,12503,10491382471.9,12503,1622,12497
30,019,6086,4013218766.0,6086,802,6084
30,021,9388,6545200694.1,9388,810,9386
30,023,8702,2426873403.6,8702,1242,8693
30,025,4943,4503752153.1,4943,700,4940
30,027,21916,11903922021.9,21916,2918,21908
30,029,74485,4301632123.2,74485,3176,74138
30,031,53141,6886879241.2,53141,1951,53081
30,033,9996,13106827016.8,9996,3097,9996
30,035,13893,8457805653.4,13893,1180,13893
30,037,2799,3310279993.7,2799,247,2786
30,039,9061,5417223083.3,9061,2076,9042
30,041,14936,8128937386.3,14936,1349,14936
30,043,14741,4834117633.6,14741,2202,14734
30,045,7772,5271366501.2,7772,1343,7772
30,047,23753,3895089935.7,23753,1055,23594
30,049,45692,10157970276.4,45692,4566,45646
30,051,5048,4070883332.5,5048,602,5048
30,053,24712,10166106581.6,24712,4741,24568
30,055,6904,7121767711.7,6904,1313,6875
30,057,22303,9949570074.4,22303,3324,22252
30,059,6628,6785384821.8,6628,1408,6610
30,061,6033,3199555064.8,6033,1692,6024
30,063,53919,6864356755.2,53919,3754,53769
30,065,8638,5496521552.1,8638,707,8619
30,067,17873,7937208824.0,17873,2466,17860
30,069,4544,4504777722.9,4544,1423,4544
30,071,15267,14172220082.0,15267,5550,15266
30,073,8816,4641405141.9,8816,765,8815
30,075,7663,9270153758.2,7663,2306,7662
30,077,9330,6689354053.1,9330,2198,9329
30,079,3996,4913700767.7,3996,1280,3996
30,081,36122,6533581310.3,36122,2853,35991
30,083,11359,5654526948.9,11359,980,11356
30,085,12596,6429937456.2,12596,846,12579
30,087,11886,13774510556.7,11886,1564,11843
30,089,16094,7410279690.0,16094,2442,15794
30,091,8395,4515993149.8,8395,584,8385
30,093,21858,1814205567.3,21858,1582,21490
30,095,11051,4901717932.0,11051,690,11026
30,097,5656,5030901451.2,5656,668,5656
30,099,10860,5989545213.6,10860,1421,10856
30,101,9574,5204210993.0,9574,1225,9574
30,103,2185,2530313064.8,2185,128,2185
30,105,18797,13779231623.9,18797,4523,18787
30,107,4587,4312023121.3,4587,549,4584
30,109,2329,2460405701.2,2329,223,2329
30,111,83381,6410119518.8,83381,1988,82525
31,001,17693,1478936736.6,17693,1105,17556
31,003,7692,2197497183.9,7692,298,7580
31,005,1068,1777694341.8,1068,1,1058
31,007,2741,2827227789.6,2741,220,2479
31,009,1732,1916509730.1,1732,21,1710
31,011,6101,1795259152.8,6101,165,6026
31,013,8144,2874765338.2,8144,175,8056
31,015,3816,1354068510.5,3816,131,3782
31,017,4992,3092118347.3,4992,447,4958
31,019,26185,2461841655.2,26185,884,25750
31,021,7250,1294155429.9,7250,164,7154
31,023,8501,1468833753.1,8501,464,8487
31,025,21331,1438574849.3,21331,1254,21252
31,027,8972,2049267663.5,8972,241,8858
31,029,4947,2264808851.2,4947,286,4903
31,031,15664,15455044184.1,15664,975,15555
31,033,9273,3168108606.2,9273,433,9162
31,035,7669,1347879643.2,7669,173,7639
31,037,8447,1090739511.8,8447,343,8328
31,039,9015,1533303016.9,9015,132,8769
31,041,15539,6658234386.8,15539,371,15311
31,043,11581,767406591.8,11581,312,11236
31,045,7455,3667987409.6,7455,210,7347
31,047,16181,2692029532.7,16181,840,16006
31,049,2517,1183069948.3,2517,122,2453
31,051,6961,1337311557.1,6961,531,6790
31,053,20989,1346026346.2,20989,713,20678
31,055,216674,839513334.5,216674,2730,215388
31,057,3767,2335782162.0,3767,104,3762
31,059,6887,1467361067.0,6887,213,6786
31,061,5359,1463539287.3,5359,348,5324
31,063,4225,2500149798.0,4225,109,1532
31,065,6867,1842563274.9,6867,486,6802
31,067,17799,2225587776.4,17799,835,17702
31,069,4618,4359250620.6,4618,115,4601
31,071,2734,1530111544.9,2734,211,2644
31,073,3170,1263992444.6,3170,73,2994
31,075,1776,2120875999.8,1776,114,1702
31,077,3432,1443930897.6,3432,301,3387
31,079,28819,1371688835.4,28819,715,28006
31,081,8136,1346367886.9,8136,158,8045
31,083,4845,1385620292.7,4845,68,4772
31,085,2585,1916910962.9,2585,39,2472
31,087,4240,1810172928.7,4240,177,4209
31,089,12841,6188163007.2,12841,215,12474
31,091,1951,1936828813.4,1951,10,1846
31,093,6116,1470536772.5,6116,194,6025
31,095,7669,1538908104.3,7669,182,7422
31,097,4951,982573312.5,4951,3,4308
31,099,5706,1277062763.5,5706,189,5581
31,101,9286,2726723003.0,9286,520,9225
31,103,2634,2046158625.4,2634,87,2561
31,105,4732,2501191430.8,4732,488,4677
31,107,12204,2791883228.4,12204,775,12149
31,109,121780,2136997347.8,121780,2215,120725
31,111,23253,6451251428.3,23253,919,23128
31,113,1492,1404583636.9,1492,17,1476
31,115,1913,1528649653.2,1913,73,1855
31,117,1706,2338591678.8,1706,26,1622
31,119,19563,1566655771.2,19563,988,19374
31,121,7043,1298876035.9,7043,218,6899
31,123,7550,3871016199.6,7550,393,7423
31,125,4743,1213666088.4,4743,302,4608
31,127,6783,1126422832.4,6783,83,2313
31,129,6107,1457863773.1,6107,512,6043
31,131,12502,1569216066.0,12502,618,12359
31,133,4281,1120499969.3,4281,119,4228
31,135,4876,2431404568.4,4876,149,4704
31,137,7700,1449999560.8,7700,459,7551
31,139,6368,1421822684.4,6368,105,6315
31,141,19812,1781936177.7,19812,375,19650
31,143,5717,1173521417.2,5717,334,5645
31,145,8734,1919407559.8,8734,6,8035
31,147,9585,1422482093.5,9585,445,9484
31,149,3300,2615500600.1,3300,140,3242
31,151,10894,1527258416.2,10894,808,10758
31,153,76876,569975570.0,76876,762,76516
31,155,17916,2007773541.1,17916,607,17748
31,157,21343,1835453814.1,21343,1020,21211
31,159,11371,1440325859.8,11371,360,11174
31,161,8720,6247132568.7,8720,555,8660
31,163,4141,1627744246.8,4141,307,4004
31,165,5150,5319881771.7,5150,57,4638
31,167,5948,1114888384.5,5948,100,5811
31,169,5974,1504105278.3,5974,13,5891
31,171,2506,2162469284.2,2506,21,1650
31,173,5091,983932638.5,5091,134,5029
31,175,4691,1391963839.0,4691,207,4623
31,177,13258,1001067211.2,13258,276,13032
31,179,6355,1116477950.1,6355,259,6269
31,181,4638,1459772109.3,4638,107,4582
31,183,2111,1582279340.8,2111,90,2018
31,185,10641,1562567258.7,10641,257,10323
32,001,13983,4722211118.6,13983,0,0
32,003,941270,20654006950.0,941270,12623,704986
32,005,30964,1819357309.1,30964,909,30964
32,007,44921,14886964443.9,44921,0,0
32,009,2799,224223575.2,2799,0,0
32,011,4492,4164936270.7,4492,0,0
32,013,17556,9648657293.7,17556,0,0
32,015,7708,5497210214.7,7708,0,0
32,017,5118,1472931168.9,5118,0,0
32,019,35298,3021221706.5,35298,428,35118
32,021,3864,1270211457.2,3864,0,0
32,023,59526,6186395507.4,59526,0,0
32,027,12211,6971365599.1,12211,0,0
32,029,4740,526727103.3,4740,0,0
32,031,193266,4686120386.9,193266,4508,193088
32,033,7504,2993867457.0,7504,0,0
32,510,21225,314479898.3,21225,0,0
33,001,46618,1266187381.5,46618,921,35271
33,003,58528,2392113341.4,58528,759,38314
33,005,49597,2421925678.0,49597,1119,30679
33,007,30081,3984014571.4,30081,980,20241
33,009,70068,3836395729.6,70068,1540,49143
33,011,142156,2471674000.8,142156,3994,129957
33,013,64231,2258352855.4,64231,1893,56164
33,015,135894,1798248379.5,135894,4068,119472
33,017,51136,1118853940.5,51136,1221,45365
33,019,25857,1164713077.1,25857,807,24357
34,001,170533,1345296608.9,170533,18683,146782
34,003,297640,531443096.6,297640,4680,271951
34,005,231722,2194632605.3,231722,7612,195421
34,007,222471,531451863.5,222471,230,221976
34,009,150011,638781480.2,150011,9907,106376
34,011,76953,1243362632.8,76953,8825,68191
34,013,197747,277682541.9,197747,2460,146592
34,015,124697,792140006.8,124697,3502,111376
34,017,147116,115869221.3,147116,0,0
34,019,55972,1115065180.4,55972,1532,48220
34,021,142354,536718334.8,142354,2842,141600
34,023,282022,723664074.0,282022,11283,245959
34,025,264841,1132947847.5,264841,9197,263420
34,027,179325,1179991528.5,179325,4978,168634
34,029,421579,1515154801.4,421579,43591,388381
34,031,128992,474350855.4,128992,2969,117296
34,033,34851,871839395.1,34851,2568,33116
34,035,132885,732957492.9,132885,4774,99683
34,037,76583,1339821821.2,76583,16,75687
34,039,140918,208291755.9,140918,2363,140506
34,041,50489,919877426.5,50489,3035,48544
35,001,255177,2797327979.5,255177,3736,254789
35,003,15076,17074672175.4,15076,6190,6598
35,005,36225,14877119386.6,36225,2324,36165
35,006,22955,6934734824.2,22955,2431,22744
35,007,24916,6550110011.3,24916,289,13635
35,009,25922,3632530865.3,25922,515,25605
35,011,8024,1287902223.2,8024,4730,4730
35,013,92152,9736064838.6,92152,5412,91958
35,015,51492,10829836809.7,51492,3095,50543
35,017,44502,10164538569.6,44502,3791,44502
35,019,3800,366913.7,3800,60,3770
35,021,5411,5392631214.9,5411,1268,5399
35,023,5165,4241671887.5,5165,45,3276
35,025,43273,11389718337.7,43273,3958,41380
35,027,38903,12424938095.7,38903,4122,38530
35,028,8550,72567399.7,8550,379,7576
35,029,115348,2291677089.8,115348,1775,115295
35,031,12825,2162699873.9,12825,429,12621
35,033,1169,3105093628.7,1169,260,884
35,035,50429,9368086773.6,50429,1629,49442
35,037,15487,7015807642.0,15487,2,235
35,039,34944,5754005106.7,34944,4011,11100
35,041,14418,6315851637.8,14418,731,14261
35,043,151875,2827970362.8,151875,3256,148965
35,045,44683,6909444640.3,44683,832,44618
35,047,33148,13404797566.8,33148,1940,32014
35,049,85135,3408190643.1,85135,1086,83039
35,051,15778,14919483344.7,15778,1773,14432
35,053,35562,1991902088.0,35562,92,3031
35,055,61143,1024858623.5,61143,578,60064
35,057,29251,6748649874.5,29251,446,2716
35,059,13621,2391731482.4,13621,10980,10990
35,061,199493,2119236429.3,199493,1876,198318
36,001,112621,1327708725.3,112621,2384,112613
36,003,34799,2740458349.5,34799,952,33162
36,005,107023,1442692135.4,107023,1942,89166
36,007,85153,1764305190.0,85153,1962,84978
36,009,48376,3315889952.9,48376,1237,48354
36,011,39031,1767527395.8,39031,721,39031
36,013,88299,2737815106.7,88299,2179,87906
36,015,32933,849598708.9,32933,739,32925
36,017,31116,2387968773.6,31116,2432,30958
36,019,40302,2598175803.9,40302,961,1215
36,021,36033,1599339652.5,36033,0,0
36,023,22517,1273059581.7,22517,714,22517
36,025,36855,3177606110.8,36855,1828,36653
36,027,102308,1879725403.0,102308,378,62258
36,029,358793,2533341832.7,358793,6280,351864
36,031,32229,5037040972.7,32229,4098,32228
36,033,28514,4567631685.4,28514,2265,28078
36,035,27339,1178492395.0,27339,457,562
36,037,28268,1362474633.7,28268,508,28240
36,039,38428,1656091427.9,38428,1689,38133
36,041,12866,3650226156.9,12866,3016,12864
36,043,36056,3640469915.3,36056,2153,35823
36,045,58329,2969241484.4,58329,0,0
36,047,357214,359629232.9,357214,3223,275381
36,049,24766,3242711460.7,24766,1629,24761
36,051,28806,1651022319.7,28806,468,28800
36,053,32093,1434170433.0,32093,484,19537
36,055,317720,2142099261.2,317720,6049,305484
36,057,25227,1016907994.9,25227,737,25224
36,059,407635,620781191.4,407635,1,52
36,061,178247,392548692.3,178247,1683,42091
36,063,85910,1207088878.5,85910,1437,85780
36,065,103266,3159128325.0,103266,2229,103264
36,067,181898,2116596536.2,181898,2538,181873
36,069,50992,1681758918.2,50992,715,50963
36,071,144365,2131037452.5,144365,3561,143711
36,073,16028,765287005.6,16028,6,10
36,075,59414,2354920549.3,59414,1069,59411
36,077,39692,2537148896.9,39692,813,39690
36,079,48658,790480228.0,48658,2024,48411
36,081,379431,477528681.3,379431,3685,323874
36,083,64197,1673849889.8,64197,1078,64197
36,085,125510,120127942.7,125510,4196,125486
36,087,92616,463847442.7,92616,1932,90827
36,089,67373,6828837585.6,67373,1811,67339
36,091,87025,1932860974.4,87025,445,1066
36,093,59262,501439210.1,59262,984,59107
36,095,23123,1581480741.9,23123,732,23038
36,097,13288,827369619.8,13288,584,13282
36,099,14654,595626674.5,14654,169,236
36,101,55234,3554631812.7,55234,994,55231
36,103,586548,3122290901.0,586548,23651,580402
36,105,67339,2685769877.4,67339,1238,67301
36,107,26175,1317097934.5,26175,606,26175
36,109,35397,1262182641.6,35397,1226,35390
36,111,87982,3133483989.2,87982,2559,87190
36,113,45926,2200257556.7,45926,2042,45919
36,115,35904,2264006515.0,35904,902,35729
36,117,43762,1522549238.3,43762,726,43762
36,119,250309,1887217582.9,250309,6983,249447
36,121,23319,1571809505.0,23319,296,23310
36,123,12756,582536165.7,12756,77,171
37,001,79400,1057812791.7,79400,531,79235
37,003,25029,652404899.7,25029,91,24937
37,005,14791,599521649.2,14791,408,14776
37,007,18948,1349716009.7,18948,215,18840
37,009,39273,1086907630.8,39273,859,39103
37,011,24616,567780065.1,24616,351,24393
37,013,45234,2132936322.0,45234,520,45228
37,015,19121,1807179214.3,19121,462,19075
37,017,33178,2265893428.8,33178,368,32569
37,019,164568,1847989812.4,164568,2658,163820
37,021,129065,1644875924.7,129065,1125,129065
37,023,59054,1116389911.8,59054,840,59032
37,025,101264,894120065.4,101264,850,100874
37,027,52908,1022123185.5,52908,783,52705
37,029,7619,547461595.3,7619,96,7504
37,031,65271,1490257779.8,65271,1641,64645
37,033,17222,1093442138.4,17222,104,17147
37,035,93564,1007684203.4,93564,1063,93480
37,037,49941,1738763316.2,49941,462,49651
37,039,35537,1016450127.2,35537,464,35503
37,041,12773,437993760.4,12773,123,12716
37,043,16937,405407036.8,16937,175,16673
37,045,59540,1172106555.7,59540,727,59388
37,047,51532,2390859371.7,51532,1316,50905
37,049,61881,3386029230.5,61881,1185,56022
37,051,143065,1463386264.8,143065,1855,142904
37,053,27916,662033512.6,27916,403,27825
37,055,41686,503621403.9,41686,1369,41307
37,057,97440,1371634253.4,97440,477,97217
37,059,26037,666280992.3,26037,149,26030
37,061,43318,2075347409.2,43318,398,43014
37,063,128831,708019393.7,128831,2467,128831
37,065,24660,941688788.3,24660,914,24624
37,067,165580,971113359.6,165580,2462,165056
37,069,47367,1247784934.7,47367,195,46903
37,071,114804,873367002.3,114804,1463,114754
37,073,7891,868339384.4,7891,0,1
37,075,9577,418927372.7,9577,343,9320
37,077,34386,1372277680.8,34386,356,34332
37,079,12670,681005517.3,12670,164,12597
37,081,222515,1560321825.4,222515,0,0
37,083,39912,1873581138.0,39912,637,38185
37,085,80429,1563229907.8,80429,2280,80132
37,087,50497,887932010.4,50497,532,50483
37,089,68705,892903483.1,68705,467,68690
37,091,15822,902838503.3,15822,483,15816
37,093,28928,1259870461.5,28928,300,28928
37,095,8508,1729043197.8,8508,905,8052
37,097,108050,1421588731.7,108050,671,108050
37,099,41295,1193234662.4,41295,442,41259
37,101,122308,1986259096.1,122308,799,121976
37,103,9414,1267335404.1,9414,375,9332
37,105,34467,646329602.0,34467,292,33837
37,107,36282,1003757975.5,36282,559,35949
37,109,46242,628823912.1,46242,458,45883
37,111,33608,975287505.5,33608,526,33449
37,113,46271,924569165.5,46271,759,46146
37,115,21712,1145101259.0,21712,655,20067
37,117,17377,1174678803.8,17377,304,17251
37,119,431003,1484082421.2,431003,5970,422250
37,121,17900,570652075.4,17900,256,17744
37,123,30375,1365809968.8,30375,494,30147
37,125,74664,1799507977.9,74664,352,32727
37,127,49857,516919723.2,49857,447,49817
37,129,102728,475981600.1,102728,890,102603
37,131,15432,987262230.3,15432,223,15284
37,133,96076,1808605488.7,96076,1775,94996
37,135,59227,1107708081.3,59227,320,30618
37,137,17125,868826508.5,17125,82,17071
37,139,21584,569667884.1,21584,420,21278
37,141,55108,2020159711.4,55108,1341,54775
37,143,14490,618549119.5,14490,173,14323
37,145,28197,1002933539.9,28197,248,28026
37,147,80206,1629200107.7,80206,1289,80206
37,149,17469,602113840.2,17469,164,17355
37,151,80209,1971239868.1,80209,1068,80189
37,153,32719,1100393277.1,32719,532,32628
37,155,79983,2395209942.6,79983,1315,78397
37,157,56328,1422179108.2,56328,698,56024
37,159,88723,1337030082.8,88723,703,83176
37,161,57777,1447818560.5,57777,938,57773
37,163,50621,2408252840.6,50621,384,49901
37,165,21987,820286701.4,21987,278,21903
37,167,43029,999555216.6,43029,389,42823
37,169,31811,1162371858.5,31811,239,31677
37,171,44296,1351943417.1,44296,460,44272
37,173,12875,1604131098.1,12875,301,12842
37,175,29398,822050759.0,29398,355,29328
37,177,5137,858525257.2,5137,649,5071
37,179,114628,1588032534.9,114628,835,113820
37,181,26786,642370745.8,26786,488,26557
37,183,438574,1968481685.8,438574,4099,438451
37,185,23468,1086360104.3,23468,180,23408
37,187,12665,972233887.4,12665,298,10455
37,189,47524,800776503.3,47524,768,47150
37,191,70012,1398124426.5,70012,1262,69663
37,193,51121,1981601794.0,51121,536,50946
37,195,46716,1109405468.5,46716,896,41356
37,197,28181,847926344.4,28181,150,28140
37,199,17436,756349282.0,17436,260,17418
38,001,5134,2531875766.5,5134,3,5134
38,003,11199,3841812252.4,11199,0,0
38,005,9455,3560859384.5,9455,86,9324
38,007,3160,2839461112.0,3160,105,3041
38,009,26049,5566907001.7,26049,2321,16953
38,011,6642,2991435076.8,6642,133,6607
38,013,8271,2875630224.9,8271,0,0
38,015,48686,4273342373.9,48686,67,2285
38,017,75719,4650444715.2,75719,1445,36559
38,019,15154,3902779284.5,15154,0,22
38,021,8072,2929288023.3,8072,141,6673
38,023,8729,3402312248.2,8729,27,702
38,025,21496,5488021593.2,21496,2115,2631
38,027,5599,1615094040.3,5599,0,0
38,029,9969,3836272817.2,9969,0,0
38,031,3668,1713610433.1,3668,2,916
38,033,3788,2662670867.9,3788,0,69
38,035,33220,3802326749.7,33220,0,48
38,037,9267,4362889805.7,9267,0,9
38,039,4063,1840940538.2,4063,6,3317
38,041,7041,2926227022.5,7041,0,84
38,043,6895,3626576958.2,6895,0,5
38,045,9788,2977734650.0,9788,0,2
38,047,6853,2550520005.1,6853,434,572
38,049,15949,4959183903.3,15949,0,28
38,051,8745,2611866261.3,8745,206,6707
38,053,18708,7198129390.0,18708,99,1864
38,055,20375,5308160277.4,20375,0,0
38,057,6643,2661709701.8,6643,72,820
38,059,24606,5019766084.2,24606,602,23639
38,061,17147,4671988068.2,17147,935,17145
38,063,5328,2485706284.7,5328,98,5301
38,065,7502,1805450640.6,7502,137,4085
38,067,13690,2897836314.1,13690,0,37
38,069,6858,2769212670.7,6858,0,66
38,071,15306,3091061177.6,15306,0,34
38,073,8960,2224340070.6,8960,0,0
38,075,8109,2353602048.0,8109,0,0
38,077,17731,3699310363.7,17731,497,12663
38,079,8003,2454049086.9,8003,0,90
38,081,8976,2271216839.5,8976,0,0
38,083,5820,2543009794.1,5820,248,5652
38,085,13845,3001600804.1,13845,85,176
38,087,3107,2447745656.8,3107,2,2533
38,089,25998,3446206496.9,25998,3,10727
38,091,6252,1895530474.0,6252,40,402
38,093,16863,5836998863.5,16863,64,64
38,095,5403,2639864549.4,5403,0,22
38,097,10460,2134045587.7,10460,0,0
38,099,13465,3342842712.6,13465,394,12974
38,101,41238,5170535432.6,41238,0,0
38,103,8725,3328215136.3,8725,11,7110
38,105,34052,5539638659.8,34052,8,16
39,001,21422,1699372785.6,21422,0,0
39,003,52648,1058743650.2,52648,1217,52557
39,005,35325,1133716067.9,35325,0,0
39,007,74622,1806210478.0,74622,1361,73026
39,009,42183,1304976206.0,42183,2067,40195
39,011,28865,1038792482.8,28865,883,28584
39,013,65498,1375953228.6,65498,2529,58565
39,015,37461,1329691073.7,37461,0,0
39,017,166069,1159523054.1,166069,5405,164718
39,019,28608,1052752474.9,28608,234,27741
39,021,26531,1184269993.0,26531,467,25351
39,023,66148,1008735734.7,66148,446,63378
39,025,98685,1184530959.9,98685,2106,86194
39,027,26930,1071959973.5,26930,458,25259
39,029,74567,1322446158.0,74567,1485,73060
39,031,27613,1469446342.0,27613,387,26847
39,033,33639,1050600532.3,33639,0,0
39,035,521583,3415067092.2,521583,24662,481361
39,037,31363,1517911857.6,31363,611,30938
39,039,26783,1056115250.8,26783,0,0
39,041,94696,1414796676.7,94696,825,93064
39,043,46006,674373601.7,46006,885,45341
39,045,73102,1306710747.5,73102,1223,71535
39,047,18225,1078638355.5,18225,199,17033
39,049,495103,1295077015.2,495103,6917,493332
39,051,23568,1067694280.8,23568,402,23218
39,053,26890,1193487167.9,26890,0,0
39,055,50918,1051783858.7,50918,1013,49352
39,057,76243,1047977529.4,76243,2653,75724
39,059,40701,1377974928.5,40701,1318,39783
39,061,420706,1290461968.4,420706,203,1982
39,063,38864,1334684151.9,38864,0,0
39,065,25758,1194537068.2,25758,0,0
39,067,17860,1068842219.8,17860,292,17322
39,069,19653,1083352533.8,19653,534,19473
39,071,31997,1415071929.5,31997,583,31546
39,073,22710,1077640974.3,22710,241,20585
39,075,28219,1090055612.1,28219,365,27177
39,077,40206,1236889538.7,40206,555,39162
39,079,32746,1106984816.3,32746,0,0
39,081,58238,1028826847.7,58238,3876,54441
39,083,41738,1370636921.2,41738,498,41530
39,085,115934,575426805.2,115934,1937,109814
39,087,56213,1182763860.6,56213,2855,51214
39,089,95640,1783973754.8,95640,985,94257
39,091,37007,1193979308.4,37007,727,36621
39,093,167390,1289603844.6,167390,8568,165786
39,095,202904,1466282766.6,202904,250,202904
39,097,24592,1215773469.1,24592,580,23724
39,099,162147,1043464562.0,162147,4144,159333
39,101,38986,1084684883.5,38986,457,37224
39,103,137009,1118973218.3,137009,3773,124865
39,105,29913,1136474238.5,29913,1866,29440
39,107,25456,1168380351.0,25456,405,25114
39,109,53061,1102109130.3,53061,677,52034
39,111,17530,1204365638.1,17530,903,17152
39,113,309360,1594504635.8,309360,6289,280781
39,115,19388,1078118789.9,19388,924,19146
39,117,22856,836470047.8,22856,154,21850
39,119,57577,1703030479.1,57577,531,56898
39,121,16998,1130822973.7,16998,286,16133
39,123,57903,717045796.5,57903,773,48028
39,125,17637,1053807674.1,17637,180,17031
39,127,30804,1072152125.9,30804,884,28272
39,129,25549,1066351862.8,25549,583,24229
39,131,24717,1193934728.5,24717,949,23308
39,133,100596,1232308771.4,100596,2368,99153
39,135,40384,1092454876.3,40384,367,35247
39,137,31196,1269464408.2,31196,884,29785
39,139,69284,1144195950.5,69284,1478,65919
39,141,44890,1800802948.0,44890,1176,44467
39,143,33220,1046584484.8,33220,613,32777
39,145,59471,1572644975.8,59471,2558,57341
39,147,45702,1434640425.6,45702,962,45191
39,149,31111,1060952525.4,31111,913,30815
39,151,208130,1538992847.6,208130,5054,202089
39,153,262537,1334073402.1,262537,1480,59400
39,155,135194,1667920326.6,135194,2779,133969
39,157,60593,1470723583.0,60593,2530,59215
39,159,35988,1104307758.9,35988,576,34048
39,161,19805,1074088582.3,19805,213,19581
39,163,13875,1118840364.4,13875,7,61
39,165,101090,985704074.7,101090,1820,101051
39,167,62536,1626880141.3,62536,2626,59964
39,169,57665,1457514568.8,57665,1704,56840
39,171,25990,1087330590.5,25990,549,25806
39,173,72402,1624491778.3,72402,1567,71029
39,175,15542,797737784.9,15542,445,15179
40,001,16506,1339262923.0,16506,1449,16506
40,003,7526,2217777475.9,7526,287,7526
40,005,13208,2340177805.6,13208,477,13208
40,007,8619,4281028761.9,8619,347,8619
40,009,15669,2177689894.2,15669,487,15669
40,011,11400,2320573158.4,11400,407,11400
40,013,32858,2244544911.4,32858,914,32858
40,015,22755,3172508848.8,22755,566,22755
40,017,81557,2288842963.0,81557,1558,81557
40,019,30797,1909462278.6,30797,306,30797
40,021,34250,1817025339.0,34250,1173,34250
40,023,13916,2007412915.7,13916,320,13916
40,025,6618,4506738933.3,6618,116,6618
40,027,116327,1390852302.4,116327,1361,116327
40,029,7464,1196609059.1,7464,245,7464
40,031,56596,2674784203.1,56596,1469,56596
40,033,7276,1538139379.2,7276,257,7276
40,035,11126,1883059493.9,11126,153,11126
40,037,44925,2328134454.6,44925,907,44925
40,039,18583,2564129853.7,18583,324,18583
40,041,55987,1797761249.5,55987,1449,55413
40,043,7276,2433592225.5,7276,189,7276
40,045,7657,3027240129.3,7657,388,7657
40,047,34684,2602237041.7,34684,781,34684
40,049,19885,1896787527.6,19885,526,19885
40,051,34973,2653547228.1,34973,763,34973
40,053,8479,2509830991.6,8479,201,8479
40,055,6573,1611797724.5,6573,360,6573
40,057,4394,1327952351.1,4394,134,4394
40,059,6596,2618117380.9,6596,287,6596
40,061,12009,1508771605.6,12009,181,12009
40,063,11926,1909265158.2,11926,316,11926
40,065,18782,1835412386.2,18782,545,18782
40,067,7300,1856212339.1,7300,169,7300
40,069,11059,1644558759.0,11059,140,11059
40,071,29735,2308689343.6,29735,1175,29735
40,073,13253,2320349058.0,13253,464,13253
40,075,12459,2493767506.0,12459,692,12459
40,077,11747,1754194993.1,11747,303,11747
40,079,39676,3746290697.3,39676,1500,39676
40,081,26463,2404504139.3,26463,628,26463
40,083,34507,1810358726.4,34507,693,34507
40,085,12187,1317537561.5,12187,669,12187
40,087,27055,1328294483.0,27055,330,27055
40,089,34762,4466541885.0,34762,1411,34762
40,091,26879,1681243081.3,26879,345,26879
40,093,8334,2406683733.9,8334,288,8334
40,095,16978,1055015062.7,16978,291,16978
40,097,27865,1543530010.5,27865,611,27865
40,099,13652,980517138.1,13652,223,13652
40,101,56502,3579700527.3,56502,2107,56477
40,103,10410,1901798209.9,10410,269,10410
40,105,9523,1455219703.4,9523,325,9523
40,107,10724,1544534909.8,10724,248,10724
40,109,324567,1691411243.6,324567,4093,324567
40,111,26094,1726507760.9,26094,487,26094
40,113,42014,6140666097.1,42014,1759,41878
40,115,21522,1126550517.3,21522,1103,21522
40,117,13889,1381551584.4,13889,254,13889
40,119,34224,1529292672.0,34224,397,34224
40,121,43475,3453493473.6,43475,1225,43475
40,123,24990,1724117927.4,24990,1022,24990
40,125,37720,1892332549.9,37720,971,37720
40,127,16039,3484834020.5,16039,326,16039
40,129,6580,2798784620.5,6580,146,6580
40,131,48555,1638632951.8,48555,1262,48555
40,133,19941,1556680313.3,19941,1012,19941
40,135,30338,1571488987.7,30338,1100,30338
40,137,28703,2268851833.4,28703,599,28703
40,139,16008,5006034719.7,16008,356,16008
40,141,10437,2205408847.5,10437,377,10437
40,143,326329,1640898452.9,326329,13242,326231
40,145,51618,1388013728.0,51618,1215,51618
40,147,28487,998123604.8,28487,250,28487
40,149,11851,2556101451.3,11851,220,11851
40,151,11121,3101900502.6,11121,298,11121
40,153,16567,3034708911.9,16567,363,16567
41,001,16906,6509444984.9,16906,1428,13410
41,003,42232,1780506999.2,42232,712,36023
41,005,188698,2411218130.2,188698,2530,155951
41,007,31818,1964329470.5,31818,2202,31777
41,009,28797,1675891441.5,28797,936,28782
41,011,41971,3639490509.3,41971,1796,41693
41,013,17701,5891376881.2,17701,891,17651
41,015,18077,2340864994.3,18077,1608,16891
41,017,109322,3165113585.1,109322,1350,109264
41,019,69327,10779705197.1,69327,1741,69327
41,021,3189,3090705360.6,3189,360,3143
41,023,9028,7334214767.9,9028,870,7432
41,025,10706,9817441687.5,10706,779,10644
41,027,11699,1469948244.6,11699,6204,6250
41,029,91198,5951236992.4,91198,2076,90020
41,031,10678,1858520634.5,10678,134,4667
41,033,41929,2487121406.5,41929,483,41883
41,035,61110,7964326221.6,61110,2875,61110
41,037,17900,8130709722.5,17900,1135,16511
41,039,158951,8467339095.9,158951,6145,155251
41,041,49777,2306844602.3,49777,1590,24309
41,043,65335,4503550550.8,65335,2038,64872
41,045,22306,11809765835.3,22306,982,20480
41,047,115323,2648409230.4,115323,3080,111272
41,049,8636,4576625185.3,8636,139,165
41,051,278080,1174415173.3,278080,6225,273945
41,053,36239,1977462314.9,36239,1787,35293
41,055,3644,2167102269.6,3644,220,238
41,057,30936,2870123954.5,30936,0,0
41,059,39741,7563780769.2,39741,1680,39741
41,061,17244,3928466905.2,17244,349,10518
41,063,9173,5415461689.9,9173,1620,4659
41,065,15482,4123916405.5,15482,739,15424
41,067,191888,1827430356.6,191888,2862,190625
41,069,2660,3361658017.4,2660,186,2641
41,071,42790,1862931295.3,42790,1345,40958
42,001,46784,1268870973.1,46784,527,46558
42,003,592698,1845948462.1,592698,0,584367
42,005,43301,1438644057.9,43301,85,561
42,007,97779,1170265151.5,97779,1660,89715
42,009,33827,2486445304.9,33827,374,33736
42,011,156777,2147118168.2,156777,926,156114
42,013,63297,1328772000.8,63297,209,698
42,015,34972,2845792786.0,34972,373,34954
42,017,237521,1489058688.4,237521,609,237266
42,019,96504,1985761536.5,96504,630,95392
42,021,85133,1735412424.5,85133,1187,84883
42,023,5417,882934470.3,5417,378,5122
42,025,48664,1040002061.1,48664,915,48080
42,027,61655,2389020041.9,61655,579,61001
42,029,194341,1866972461.4,194341,2725,192335
42,031,26243,1572179800.1,26243,899,25928
42,033,69995,2912096010.4,69995,964,68948
42,035,33311,2208487866.1,33311,1641,33187
42,037,34282,1219724379.8,34282,85,387
42,039,59474,2569074215.2,59474,995,56893
42,041,102812,1379285646.3,102812,997,101589
42,043,117534,1324076854.5,117534,1469,113260
42,045,207743,427066467.3,207743,2075,197384
42,047,26831,2329500243.7,26831,668,906
42,049,113168,2006104452.4,113168,453,1426
42,051,78054,2007974910.0,78054,351,77776
42,053,11896,973517239.1,11896,516,11355
42,055,69507,1892902031.2,69507,224,1018
42,057,10675,1116217733.3,10675,281,10675
42,059,30546,1565798926.7,30546,0,0
42,061,28395,2057037647.9,28395,337,28380
42,063,43995,2106756262.8,43995,741,43497
42,065,37000,1807973963.9,37000,501,662
42,067,13706,1002132747.2,13706,65,13703
42,069,108604,1229775233.4,108604,530,1331
42,071,189593,2441196626.0,189593,1065,189310
42,073,52420,786967392.8,52420,712,51729
42,075,54421,964825846.4,54421,577,54406
42,077,116507,762337066.3,116507,919,115136
42,079,176801,2303685577.2,176801,2015,175259
42,081,51822,2612308142.7,51822,251,1093
42,083,29422,2828298139.7,29422,976,26608
42,085,57591,1736653181.8,57591,1010,57422
42,087,24522,894400838.0,24522,303,24462
42,089,98640,1450001880.8,98640,17,315
42,091,309032,1152382800.1,309032,1866,302931
42,093,8959,330452754.8,8959,20,60
42,095,123200,908415846.0,123200,485,123067
42,097,52619,1161611826.2,52619,608,52011
42,099,25092,1427751078.2,25092,241,683
42,101,584387,806598246.1,584387,7184,546966
42,103,62845,1357554608.2,62845,292,62800
42,105,17200,2257334006.6,17200,321,17197
42,107,90271,1988668335.5,90271,1392,90124
42,109,24216,790804610.8,24216,111,421
42,111,57327,2809110226.1,57327,526,53519
42,113,8691,1158993173.5,8691,91,8682
42,115,28640,2170614138.9,28640,282,28324
42,117,27532,2978191955.3,27532,558,27352
42,119,20675,621378680.7,20675,286,17063
42,121,38556,1744305556.9,38556,2568,2813
42,123,31350,2192698209.5,31350,608,30885
42,125,125317,2229106061.1,125317,312,1862
42,127,59775,1676143326.4,59775,325,771
42,129,206204,2677145473.9,206204,1302,204828
42,131,16622,921266745.4,16622,235,16474
42,133,177288,2365542060.8,177288,1046,177102
44,001,20590,65662353.1,20590,48,171
44,003,77869,503924872.6,77869,163,12048
44,005,36335,253836068.7,36335,281,6419
44,007,221558,1327698556.6,221558,5487,195251
44,009,62564,816597997.7,62564,693,30710
45,001,16598,1156894981.7,16598,339,16378
45,003,102651,2420223770.9,102651,1210,102030
45,005,10906,1025806115.2,10906,234,10875
45,007,119145,1721871211.8,119145,0,532
45,009,11744,1003305676.3,11744,190,11676
45,011,16483,1476920793.4,16483,218,16425
45,013,105510,1018390905.6,105510,2139,103921
45,015,117929,2125587697.4,117929,644,117918
45,017,13072,988869099.2,13072,0,0
45,019,197270,2600992431.2,197270,1938,197079
45,021,31581,1025167980.9,31581,124,30682
45,023,22398,1506360912.4,22398,119,21315
45,025,31466,1726340758.2,31466,384,31445
45,027,29026,1531455014.5,29026,370,29003
45,029,34365,2680599378.3,34365,333,34251
45,031,41495,1434971533.0,41495,543,41467
45,033,19803,1020302373.9,19803,142,19781
45,035,76695,1441144837.2,76695,297,76692
45,037,19481,1282811772.9,19481,92,19282
45,039,18162,1800180131.2,18162,34,147
45,041,72798,2013107831.5,72798,0,0
45,043,47809,2093576467.1,47809,500,47413
45,045,238091,1865930407.5,238091,1271,238091
45,047,40255,1235441546.3,40255,25,42
45,049,15832,1435838276.2,15832,365,14997
45,051,288237,2976298783.9,288237,448,47586
45,053,23139,1669260187.9,23139,0,0
45,055,42769,1869734578.8,42769,198,42311
45,057,55936,1387115651.4,55936,194,47648
45,059,44870,1796648305.5,44870,372,44725
45,061,13520,1046818023.4,13520,122,13391
45,063,146320,1718962095.1,146320,1217,146086
45,065,12977,899903690.4,12977,466,12893
45,067,23340,1236346176.2,23340,258,23021
45,069,19650,1219262887.5,19650,182,19092
45,071,28179,1649338983.5,28179,281,27559
45,073,63201,1239312619.4,63201,463,62491
45,075,60420,2811522342.5,60420,462,58955
45,077,66413,1230921181.7,66413,513,66365
45,079,172173,1794475502.1,172173,224,23659
45,081,15486,1152172414.8,15486,65,15449
45,083,174815,1987685558.9,174815,947,174471
45,085,60667,1737201702.5,60667,820,59123
45,087,18918,1421006768.5,18918,119,18168
45,089,28765,2384458139.5,28765,227,28610
45,091,134244,2496001399.7,134244,1310,134230
46,003,5728,1846461137.6,5728,319,5299
46,005,17009,3313589994.1,17009,428,15353
46,007,4637,3083580751.4,4637,53,3157
46,009,8957,1578234156.2,8957,777,8291
46,011,18247,2093818930.7,18247,621,17219
46,013,26246,4494867518.1,26246,2529,24337
46,015,8078,2162889611.8,8078,145,6788
46,017,2606,1251772794.0,2606,9,1746
46,019,12462,5891642817.9,12462,1541,10961
46,021,5805,1984846592.5,5805,1394,5180
46,023,15362,2937959866.6,15362,1894,14313
46,025,7706,2513843680.2,7706,1982,7264
46,027,9562,906551174.5,9562,60,81
46,029,18445,1773581388.4,18445,1053,16812
46,031,8490,5206805057.6,8490,321,8368
46,033,13182,4020695825.2,13182,976,1034
46,035,11827,1117671877.0,11827,437,11695
46,037,11376,2701236965.0,11376,488,10974
46,039,6973,1648505731.7,6973,244,5788
46,041,14866,6288195442.9,14866,2915,14788
46,043,4523,1123577741.4,4523,78,4302
46,045,10026,3077756631.7,10026,906,9598
46,047,11463,4250040469.9,11463,1367,11455
46,049,8914,2607322049.4,8914,3515,7216
46,051,8911,1779575278.9,8911,267,8496
46,053,7778,2619246629.6,7778,72,7478
46,055,10415,4719366909.7,10415,309,9955
46,057,7210,1316176877.8,7210,0,0
46,059,9572,3736966849.5,9572,1806,8571
46,061,3747,1119601237.2,3747,60,3617
46,063,6817,6759341013.9,6817,1474,6812
46,065,13930,3571671841.1,13930,742,11000
46,067,12376,2110858358.8,12376,331,10027
46,069,4681,2229066342.9,4681,1114,3809
46,071,8787,3979078565.1,8787,867,867
46,073,4090,1373369151.8,4090,133,3913
46,075,3806,2611143647.4,3806,77,3071
46,077,9076,2236650845.0,9076,203,7897
46,079,10792,1490546996.3,10792,433,10035
46,081,22044,1319254170.8,22044,367,21737
46,083,32158,1505010983.0,32158,100,29867
46,085,10500,4703216250.1,10500,140,8617
46,087,7132,1287906032.8,7132,480,480
46,089,8840,2981981679.7,8840,717,8467
46,091,10371,2292779170.7,10371,232,9005
46,093,20688,8986047286.5,20688,0,9
46,095,7548,3390001652.3,7548,96,5172
46,097,5299,1481288639.4,5299,54,4685
46,099,72463,1994294453.2,72463,883,50685
46,101,6429,1380977276.1,6429,252,339
46,102,1566,1552259972.4,1566,34,1562
46,103,54374,7440300727.8,54374,3031,54017
46,105,15716,7420747828.2,15716,1463,15714
46,107,7224,2331188969.1,7224,1144,6162
46,109,14568,2954056363.8,14568,618,12833
46,111,5088,1482033550.4,5088,1133,4487
46,115,12472,3298029526.3,12472,1534,1534
46,117,10244,3576254539.5,10244,870,9245
46,119,6696,2725720907.3,6696,226,6070
46,121,4913,3600590625.8,4913,0,4912
46,123,10498,4185905077.4,10498,169,9224
46,125,9746,1595571482.1,9746,310,9436
46,127,13693,1226840524.2,13693,137,11639
46,129,8253,1902462297.2,8253,985,6578
46,135,16028,1369497396.9,16028,216,243
46,137,9305,5096941577.4,9305,13,5219
47,001,36414,590999416.1,36414,476,36414
47,003,23809,1156787229.3,23809,148,23800
47,005,16594,972973425.6,16594,95,16586
47,007,12194,1329784191.2,12194,81,12182
47,009,66574,1000928435.1,66574,312,66547
47,011,50997,826971303.3,50997,307,50983
47,013,27558,796613165.2,27558,389,27555
47,015,8867,740950880.6,8867,41,8866
47,017,20007,1525376369.5,20007,308,19983
47,019,31967,526122365.3,31967,465,31945
47,021,21623,655506032.5,21623,89,21599
47,023,9933,724633285.3,9933,0,0
47,025,22570,967738907.6,22570,106,22560
47,027,8370,810772983.2,8370,21,8367
47,029,25328,872525812.6,25328,259,25318
47,031,32784,1076246971.4,32784,238,32756
47,033,10015,639288655.1,10015,77,10015
47,035,66000,1573363855.6,66000,256,65967
47,037,286479,1187923927.5,286479,918,286429
47,039,14148,825457993.3,14148,83,14139
47,041,18607,745098998.1,18607,69,18607
47,043,28399,1256277608.9,28399,238,28372
47,045,21674,1289482828.4,21674,467,21669
47,047,26836,1767420489.6,26836,208,26825
47,049,17569,1412781716.5,17569,110,17567
47,051,27177,1375603735.4,27177,205,27162
47,053,31105,1577237975.7,31105,432,31103
47,055,19099,1605156075.4,19099,183,19087
47,057,15685,696084361.4,15685,45,15651
47,059,42846,1389342976.8,42846,484,42827
47,061,12025,976592296.9,12025,130,12019
47,063,30935,385620121.4,30935,232,30925
47,065,199848,2361249278.1,199848,2565,68780
47,067,5983,531468384.4,5983,41,5982
47,069,20333,1757059884.7,20333,259,20330
47,071,28445,1418227757.6,28445,299,28445
47,073,36871,1323235484.2,36871,156,36861
47,075,11479,1367003104.6,11479,154,11473
47,077,18340,1236984790.6,18340,145,18333
47,079,25992,1359437084.0,25992,302,25987
47,081,18639,1594448693.7,18639,88,18224
47,083,6714,617205289.7,6714,73,6642
47,085,13671,1285147005.2,13671,150,13660
47,087,9004,717525719.3,9004,244,8997
47,089,34614,703298916.4,34614,119,34598
47,091,14229,709179918.8,14229,149,14125
47,093,196330,1154522113.2,196330,1213,196329
47,095,3941,419805261.6,3941,211,3941
47,097,13758,1066309010.9,13758,380,13758
47,099,25744,1547896285.0,25744,234,25736
47,101,8639,737676722.0,8639,73,8632
47,103,19824,1420593420.3,19824,155,19822
47,105,36232,551263262.3,36232,293,36227
47,107,31467,1088718739.4,31467,237,31454
47,109,19275,1470570429.0,19275,229,19267
47,111,14179,751716291.5,14179,111,14179
47,113,49466,1387454647.1,49466,631,49455
47,115,22349,1094730410.6,22349,180,22334
47,117,19961,1026435178.1,19961,151,19958
47,119,52317,1531575068.1,52317,368,52292
47,121,9602,511003805.0,9602,83,9602
47,123,30195,1035964667.1,30195,245,30185
47,125,89976,1163334623.9,89976,0,0
47,127,4325,335153376.9,4325,5,4322
47,129,14342,1111050599.1,14342,265,14339
47,131,19912,1330704739.1,19912,393,19911
47,133,15751,1111374660.0,15751,69,15745
47,135,9825,1027657489.8,9825,72,9754
47,137,6001,425659187.3,6001,43,5995
47,139,12992,505811986.2,12992,246,12986
47,141,38432,981779601.9,38432,279,38397
47,143,21464,733826115.1,21464,237,21463
47,145,35983,866993774.3,35983,594,35953
47,147,37600,1213982347.5,37600,390,37585
47,149,118374,1513469260.9,118374,154,50981
47,151,15428,1241839258.5,15428,191,15428
47,153,12435,519340953.5,12435,80,12430
47,155,70876,1017928924.8,70876,277,70863
47,157,360430,1795533761.3,360430,5610,360424
47,159,12115,796160525.0,12115,105,12115
47,161,12585,855537124.1,12585,199,12574
47,163,78557,842693982.1,78557,801,78523
47,165,87097,1360564101.8,87097,467,87061
47,167,30193,1277881695.4,30193,176,30189
47,169,5500,274310276.1,5500,25,5490
47,171,10348,433383200.2,10348,232,10342
47,173,14899,533595579.4,14899,111,14896
47,175,7346,824576176.7,7346,54,7343
47,177,23804,1088300248.2,23804,147,23784
47,179,61075,756575720.6,61075,535,61040
47,181,13135,1888162932.9,13135,135,13133
47,183,20264,1488371507.6,20264,264,20258
47,185,18063,1063727091.2,18063,158,18047
47,187,107160,1460981962.4,107160,413,106876
47,189,66680,1381024462.7,66680,244,66519
48,001,43953,2737997463.1,43953,758,43682
48,003,10519,3858821421.5,10519,554,10455
48,005,60809,2248289485.5,60809,1129,59581
48,007,25747,718922207.7,25747,365,24951
48,009,9158,2365755003.8,9158,185,8590
48,011,4061,3105558167.5,4061,41,3975
48,013,34393,3133441272.5,34393,407,33843
48,015,21718,1659223812.4,21718,272,21370
48,017,6207,2278441973.6,6207,49,5791
48,019,33226,2024026799.3,33226,97,31959
48,021,63343,2285472595.4,63343,414,62483
48,023,6333,2400433776.4,6333,55,5641
48,025,22981,2537289504.0,22981,134,21515
48,027,156731,2492710464.6,156731,1131,155114
48,029,709403,2979410999.5,709403,6016,698048
48,031,14259,1831026554.4,14259,86,13494
48,033,3496,3747577013.0,3496,15,2192
48,035,19943,2542591523.1,19943,310,19624
48,037,53353,2327384543.8,53353,1194,53156
48,039,274319,4145353115.6,274319,9039,246858
48,041,74763,1457335094.9,74763,449,74254
48,043,20450,16619674090.6,20450,611,18159
48,045,4083,3231902797.6,4083,128,3606
48,047,5739,2429116825.1,5739,57,5151
48,049,30148,2402357640.8,30148,322,29980
48,051,26133,1762251532.3,26133,300,25382
48,053,50149,2575077480.6,50149,609,49082
48,055,25373,1385396734.2,25373,250,25062
48,057,22209,1391119054.1,22209,622,22119
48,059,12076,2307101789.5,12076,180,10694
48,061,185143,2284704732.1,185143,3593,184898
48,063,11602,500224239.4,11602,121,11368
48,065,6124,2353843329.2,6124,126,5969
48,067,34701,2436836293.9,34701,395,31329
48,069,6594,2595732920.3,6594,100,6149
48,071,35562,3885343657.1,35562,477,35398
48,073,47248,2729052529.3,47248,494,44475
48,075,5823,1776813711.4,5823,92,5712
48,077,12422,2828771281.4,12422,215,12174
48,079,5385,2033429044.2,5385,59,4868
48,081,7462,2518955150.5,7462,51,6615
48,083,10626,3209205946.5,10626,22,10621
48,085,427334,2102101913.6,427334,2589,375976
48,087,5244,2379273463.7,5244,121,4241
48,089,22777,2467545729.4,22777,295,21102
48,091,103562,1431639098.1,103562,741,102307
48,093,17034,2469479208.0,17034,195,16582
48,095,8037,3067670989.1,8037,79,7896
48,097,32694,2196237114.8,32694,741,32327
48,099,31382,2116560919.0,31382,271,30783
48,101,4358,2318536820.8,4358,133,3731
48,103,7432,6618204952.2,7432,84,7237
48,105,9432,11812826466.9,9432,38,9427
48,107,6002,2307779125.6,6002,130,5818
48,109,13310,14569045559.8,13310,206,12478
48,111,6213,3861599692.7,6213,295,5967
48,113,844564,11208752658.5,844564,9085,844558
48,115,9720,2327677045.1,9720,66,9026
48,117,10647,3830202405.8,10647,59,10399
48,119,6136,670218093.0,6136,296,6061
48,121,380277,2205191027.9,380277,0,0
48,123,19575,2317038266.6,19575,240,19465
48,125,4558,2331861306.7,4558,73,4316
48,127,15464,3430111521.4,15464,130,8551
48,129,7036,2489621794.0,7036,205,7030
48,131,14336,4722321593.7,14336,41,12722
48,133,21101,2538406907.1,21101,328,20208
48,135,68127,2064722464.9,68127,399,67565
48,137,9525,5479461597.7,9525,34,9222
48,139,98775,2353435491.4,98775,1179,97258
48,141,403690,2461613962.4,403690,8921,393459
48,143,24496,2826442927.6,24496,234,24003
48,145,19017,2025301851.2,19017,188,17788
48,147,29142,2196183226.3,29142,505,27448
48,149,22966,2442811747.5,22966,228,22356
48,151,6887,2363701160.5,6887,65,6619
48,153,13265,2532663334.7,13265,187,7187
48,155,4822,1834081727.2,4822,127,4586
48,157,428169,2746345890.7,428169,28186,357359
48,159,16475,766156868.3,16475,48,16262
48,161,23953,2282426592.5,23953,336,23654
48,163,10543,2921388338.9,10543,77,10102
48,165,16578,3826877698.8,16578,132,16424
48,167,206302,1249828680.5,206302,344,203572
48,169,6301,2689834717.5,6301,96,5781
48,171,31953,2743491307.3,31953,270,31360
48,173,2571,3686406334.9,2571,2,2474
48,175,9963,2199442504.6,9963,91,8916
48,177,19733,2737089494.7,19733,199,19079
48,179,11963,1886048180.7,11963,121,11029
48,181,85358,2449395874.5,85358,1428,84542
48,183,76220,661097116.9,76220,1167,75465
48,185,27204,2032996653.3,27204,125,26970
48,187,102920,1725836622.2,102920,915,101405
48,189,18957,2698023362.7,18957,434,18422
48,191,6368,2380549703.5,6368,139,6005
48,193,13786,2185081811.7,13786,92,12878
48,195,4770,2367529127.9,4770,38,4531
48,197,6227,1768398690.9,6227,163,6038
48,199,42602,2323499467.8,42602,1355,38837
48,201,1643454,9053347794.0,1643454,26445,1642624
48,203,50926,2292999012.8,50926,278,49961
48,205,5601,3761800776.5,5601,58,5464
48,207,9308,2320486077.2,9308,173,8729
48,209,117357,3342102867.6,117357,1844,116093
48,211,4646,2355235444.5,4646,80,4191
48,213,105041,2269987700.0,105041,1742,101622
48,215,331824,4148142877.7,331824,9,3619
48,217,39098,2490458322.1,39098,461,38842
48,219,16341,2317636172.1,16341,170,14354
48,221,51102,1135509341.4,51102,307,50640
48,223,25077,2010192371.4,25077,254,24485
48,225,22577,3151952148.2,22577,630,22017
48,227,20840,2327838705.2,20840,347,19800
48,229,23588,11961172486.2,23588,1380,20334
48,231,69645,2223702716.7,69645,604,69281
48,233,18816,2290575409.6,18816,185,17505
48,235,5236,4619540549.1,5236,57,4459
48,237,11555,2350346819.9,11555,64,10862
48,239,16767,2498666158.0,16767,134,16490
48,241,36314,2477156013.7,36314,554,30317
48,243,6559,5850438672.5,6559,90,5822
48,245,118119,2220127562.6,118119,1979,117882
48,247,4134,2926173832.7,4134,4,3349
48,249,28382,2841829957.9,28382,321,27913
48,251,107016,1854428303.4,107016,449,98243
48,253,28378,2721150271.2,28378,722,22836
48,255,14573,2644805702.8,14573,416,13838
48,257,94494,2025691039.9,94494,735,92289
48,259,29530,1696070462.1,29530,149,28326
48,261,543,4302435465.5,543,3,515
48,263,3502,2656638119.5,3502,1,5
48,265,36935,2843380433.2,36935,378,35651
48,267,9580,3196773802.6,9580,80,9082
48,269,2043,2402458245.5,2043,4,1885
48,271,10623,3521068598.7,10623,56,10222
48,273,14907,2255595998.7,14907,193,14842
48,275,6397,2440302388.5,6397,95,5159
48,277,36299,2394390968.0,36299,1341,35780
48,279,13111,2610379815.1,13111,326,12636
48,281,16504,1825761758.6,16504,247,15073
48,283,10004,3843518806.3,10004,115,7926
48,285,19744,2493257201.1,19744,113,19565
48,287,14913,1623294637.6,14913,223,14770
48,289,25401,2500410226.7,25401,85,24623
48,291,152229,3008055997.3,152229,1771,146097
48,293,20682,2276705185.5,20682,136,20604
48,295,6292,2411825597.8,6292,147,3890
48,297,17085,2660052875.7,17085,174,15146
48,299,37400,2427089691.6,37400,143,36628
48,301,2685,2754645841.8,2685,120,2670
48,303,138136,2230828784.9,138136,16,2264
48,305,7292,2305233989.9,7292,26,6920
48,307,10706,2755557075.0,10706,140,9907
48,309,117250,2783047328.6,117250,6775,113941
48,311,3791,2992809434.9,3791,47,3337
48,313,10055,1203545082.9,10055,42,9909
48,315,19536,992206453.9,19536,518,17739
48,317,5725,2379268420.5,5725,60,5306
48,319,8679,2387812931.3,8679,40,4771
48,321,37225,2857302849.3,37225,512,36031
48,323,25445,3215479630.4,25445,386,25364
48,325,44885,3396617847.0,44885,374,43066
48,327,5695,2320713655.2,5695,29,5599
48,329,75511,2274404409.7,75511,440,72883
48,331,20940,2668239504.9,20940,391,20519
48,333,9000,1925065196.3,9000,61,8611
48,335,7886,2402189946.8,7886,170,7774
48,337,21852,2372765116.0,21852,3,20183
48,339,394212,2850967877.2,394212,3366,307815
48,341,11959,2320207379.1,11959,155,11542
48,343,10818,659703310.6,10818,234,10362
48,345,9376,3909185524.6,9376,72,4429
48,347,44677,2482979662.8,44677,768,43923
48,349,45622,2746609524.8,45622,628,45305
48,351,23007,2440189525.5,23007,133,18872
48,353,12903,2356111604.4,12903,539,12329
48,355,155575,2088998350.8,155575,5440,141789
48,357,6522,2342640324.9,6522,54,6487
48,359,4156,5864539364.6,4156,34,3843
48,361,46339,1024660909.6,46339,391,45787
48,363,38800,3479664606.7,38800,314,35716
48,365,18867,2125104766.4,18867,91,16952
48,367,100017,4866170005.4,100017,459,93594
48,369,6544,2252089678.3,6544,88,6036
48,371,26606,37434490270.3,26606,491,26580
48,373,59238,2782776084.0,59238,454,57593
48,375,53831,2309538501.2,53831,451,53831
48,377,17428,16170538286.1,17428,931,16433
48,379,12264,578020094.0,12264,58,11695
48,381,64631,2320262068.7,64631,396,64587
48,383,4546,3044196476.4,4546,353,4405
48,385,8273,1810085273.7,8273,19,7790
48,387,13730,2747760018.0,13730,100,11515
48,389,24328,21165671101.7,24328,0,0
48,391,11627,2019543519.7,11627,278,10519
48,393,2234,3026917631.5,2234,13,2223
48,395,16909,2254717156.6,16909,0,0
48,397,52885,305615157.2,52885,325,52382
48,399,13592,3351870833.0,13592,299,13366
48,401,37346,2890619328.0,37346,175,34579
48,403,22975,1200116863.0,22975,686,22270
48,405,11874,1347421487.5,11874,799,10574
48,407,35783,1445205849.6,35783,290,34998
48,409,49362,1894021623.3,49362,760,48149
48,411,11302,2902499818.4,11302,125,10630
48,413,6151,3378039721.8,6151,84,5724
48,415,12996,2320982507.0,12996,129,12218
48,417,5587,2418494162.5,5587,737,4825
48,419,20278,2145481479.8,20278,432,20195
48,421,3236,2380629624.7,3236,44,3188
48,423,139706,2355593220.7,139706,885,138317
48,425,6903,520271301.3,6903,74,6668
48,427,38433,3095248526.8,38433,521,34327
48,429,8789,2198858723.8,8789,117,7774
48,431,2366,2406388888.1,2366,22,2361
48,433,4665,4044637325.1,4665,66,4654
48,435,5914,3762284430.3,5914,36,5645
48,437,6408,2294208411.3,6408,127,6362
48,439,753356,4264961869.5,753356,7354,751904
48,441,70503,2390836912.1,70503,910,68672
48,443,5117,5438227983.9,5117,0,3
48,445,9162,2301407242.9,9162,143,8883
48,447,6310,3995720007.1,6310,95,6172
48,449,20380,1072956731.8,20380,421,20180
48,451,51051,3808391977.6,51051,841,50530
48,453,420099,2430849223.1,382149,3817,376472
48,455,26027,1792697733.1,26027,287,24637
48,457,31909,2408733794.3,31909,384,31498
48,459,28899,1509166465.3,28899,276,28627
48,461,7100,2341128405.8,7100,302,7009
48,463,21599,4004470659.8,21599,224,20715
48,465,31441,7809218202.5,31441,803,31311
48,467,44000,2220294373.9,44000,95,41117
48,469,42271,2194169376.7,42271,338,42050
48,471,35567,2009662571.9,35567,345,33508
48,473,50082,1321425405.9,50082,525,48216
48,475,16516,4116540701.5,16516,2,150
48,477,22943,1553235567.0,22943,123,22424
48,479,98363,8655266155.7,98363,2210,96742
48,481,29743,2766138157.7,29743,42,29343
48,483,7265,2381216465.6,7265,131,6737
48,485,57562,1548677605.1,57562,723,57436
48,487,11314,2884593816.9,11314,136,10232
48,489,13998,1873818966.0,13998,270,12218
48,491,286901,2764608424.6,286901,1953,284979
48,493,28785,2048841966.1,28785,125,27731
48,495,7050,4067609828.7,7050,0,12
48,497,47806,2309754364.4,47806,678,46275
48,499,44023,1673237988.4,44023,361,42606
48,501,6789,2698669462.5,6789,20,4369
48,503,11112,1713978510.7,11112,180,10549
48,505,12519,2722608493.0,12519,11,11163
48,507,9722,3465505456.6,9722,73,8999
49,001,9061,1324718897.8,9061,0,0
49,003,50109,17210970373.3,50109,7572,49662
49,005,60337,3050113566.7,60337,2,16
49,007,23588,3762642783.0,23588,1566,15990
49,009,3317,369431576.0,3317,156,3167
49,011,128198,539962950.8,128198,0,0
49,013,32243,3589655852.5,32243,579,32012
49,015,14121,1998294862.0,14121,0,0
49,017,17060,13396945203.5,17060,0,0
49,019,7876,459080289.9,7876,96,6587
49,021,58457,3436052510.0,58457,654,45042
49,023,12674,6885926093.7,12674,796,2337
49,025,21771,1861601682.0,21771,0,0
49,027,17671,2981694085.6,17671,469,17481
49,029,8653,1619425819.7,8653,228,8044
49,031,2876,211725680.4,2876,116,2813
49,033,11522,2825419081.8,11522,0,0
49,035,396327,1984105469.8,396327,5075,267449
49,037,8711,1696728306.3,8711,502,8078
49,039,12104,783752125.0,12104,0,0
49,041,19676,1098777778.8,19676,518,19106
49,043,43399,2750810986.3,43399,582,42793
49,045,38644,5798831039.0,38644,781,34164
49,047,23517,2312762125.4,23517,516,21641
49,049,282929,4824638190.7,282929,7613,265729
49,051,32117,2517468058.4,32117,519,31641
49,053,119053,1550771152.4,119053,0,123
49,055,3614,190463467.5,3614,0,0
49,057,114962,1526275277.1,114962,2450,107677
50,001,18012,1947159207.8,18012,558,17264
50,003,20904,1277166395.7,20904,568,19591
50,005,17506,1731846248.6,17506,415,16637
50,007,48355,1455817714.2,48355,768,46533
50,009,6132,1217077652.6,6132,241,5779
50,011,22849,1642126403.6,22849,295,21902
50,013,5522,277495026.6,5522,103,5335
50,015,13508,1171043297.4,13508,294,12718
50,017,17095,1788578078.7,17095,403,16413
50,019,17947,1838884832.7,17947,397,17237
50,021,32378,2198166853.5,32378,727,31049
50,023,28012,1680104658.1,28012,718,27209
50,025,27676,1982543419.5,27676,640,26765
50,027,32980,2614196511.4,32980,912,31443
51,001,48080,1117097391.7,48080,551,40694
51,003,50866,1931261921.8,50866,359,50856
51,005,19111,633484133.6,19111,526,18680
51,007,10653,948680150.5,10653,39,10090
51,009,25458,1009285779.3,25458,191,25355
51,011,12697,836201292.4,12697,145,12600
51,013,70626,613128155.6,70626,0,6902
51,015,43041,1728155483.5,43041,285,42324
51,017,6490,950191734.9,6490,83,5321
51,019,56033,2068750338.0,56033,476,54638
51,021,7456,1192951903.4,7456,157,160
51,023,21115,1059150445.0,21115,259,21105
51,025,20818,1440585468.8,20818,270,20565
51,027,20606,1288029861.4,20606,499,19291
51,029,13539,1483810699.3,13539,0,0
51,031,39232,1440381157.3,39232,383,38103
51,033,24428,1192678862.4,24428,121,23285
51,035,33771,1201430039.9,33771,315,33554
51,036,6224,482529681.4,6224,88,5977
51,037,15754,1435365623.7,15754,193,15267
51,041,144637,1059613290.3,144637,796,144491
51,043,9379,480268202.3,9379,175,9228
51,045,7211,441923254.3,7211,49,7190
51,047,25123,844255581.9,25123,293,24474
51,049,7144,582878820.0,7144,73,6464
51,051,13565,685228353.0,13565,132,12729
51,053,20036,1236018435.0,20036,187,19929
51,057,10248,712974368.8,10248,84,10095
51,059,367084,886598282.3,367084,0,359674
51,061,35843,1705778772.2,35843,591,35843
51,063,15213,975666269.7,15213,168,15163
51,065,16804,744197530.8,16804,78,16678
51,067,43482,1762212178.9,43482,328,43046
51,069,51071,1025359350.8,51071,265,51071
51,071,14300,695571557.4,14300,416,13996
51,073,25201,556987673.8,25201,197,25195
51,075,17875,718632302.9,17875,98,17845
51,077,18785,998132443.7,18785,153,18744
51,079,11495,406964128.8,11495,131,169
51,081,9659,764139970.5,9659,0,0
51,083,37927,2494599061.9,37927,632,37563
51,085,52552,1187309898.8,52552,402,52088
51,087,146715,943346622.9,146715,0,115803
51,089,53969,916996572.4,53969,0,0
51,091,4520,1488593823.4,4520,254,296
51,093,22056,767379282.1,22056,335,22028
51,095,36179,341498755.9,36179,223,36091
51,097,7767,760283743.8,7767,83,5532
51,099,16912,661569265.6,16912,91,10099
51,101,15612,1035755431.0,15612,735,13974
51,103,16067,434451999.2,16067,0,0
51,105,51588,1103984495.2,51588,1044,50535
51,107,154246,6064076913.5,154246,0,0
51,109,33943,1318531855.0,33943,232,32785
51,111,16352,1323527610.7,16352,275,15928
51,113,9819,700609664.6,9819,77,9737
51,115,11648,216992896.8,11648,172,11502
51,117,34570,1455894851.5,34570,387,34566
51,119,14182,310007181.7,14182,69,13252
51,121,45468,922508336.5,45468,771,45468
51,125,17579,1251958789.9,17579,104,16265
51,127,18849,530774843.1,18849,104,14344
51,131,16385,541255462.8,16385,399,16325
51,133,22778,674138354.4,22778,0,0
51,135,15841,725732118.3,15841,0,0
51,137,22512,882623869.9,22512,181,22183
51,139,25305,539736810.4,25305,513,25244
51,141,23009,1442151371.2,23009,224,22318
51,143,61044,2451929138.0,61044,363,60820
51,145,16047,671494993.4,16047,100,16013
51,147,13658,898517661.1,13658,89,12116
51,149,14431,667446173.3,14431,157,14227
51,153,155832,683064894.0,155832,354,107767
51,155,26757,692215115.1,26757,370,23003
51,157,6514,616622284.1,6514,517,554
51,159,7979,545666682.6,7979,0,0
51,161,53321,1037507666.7,53321,650,52865
51,163,26887,1319846315.4,26887,586,26223
51,165,51695,1566196070.5,51695,466,51054
51,167,31920,1217794242.4,31920,276,27455
51,169,22249,1273325238.9,22249,179,22249
51,171,35059,1054708724.2,35059,244,34744
51,173,35847,1069202342.0,35847,755,35363
51,175,15376,1579380348.3,15376,216,15330
51,177,69061,1017357189.6,69061,484,69061
51,179,62329,598000658.2,62329,338,58712
51,181,7368,888461076.4,7368,87,7282
51,183,10637,1271284320.7,10637,142,10282
51,185,32063,1322815952.6,32063,443,31473
51,187,27958,493463348.6,27958,832,27851
51,191,39697,1441407599.8,39697,424,39206
51,193,21654,579649022.1,21654,94,21645
51,195,38270,1052965110.7,38270,1970,37548
51,197,28855,977690086.8,28855,317,28402
51,199,28502,264591154.4,28502,574,28418
51,510,45970,60555065.8,45970,388,28601
51,520,13591,28392728.0,13591,384,13439
51,530,3663,100761363.8,3663,4,6
51,540,16921,42514858.1,16921,240,15771
51,550,92521,814232646.0,92521,1161,92391
51,570,7612,16304620.6,7612,97,7436
51,580,5815,12179803.7,5815,343,5752
51,590,25567,101325863.3,25567,630,25466
51,595,5369,14812239.0,5369,202,5292
51,600,9947,18224728.1,9947,0,0
51,610,3535,4055691.9,3535,0,0
51,620,5058,20053856.2,5058,234,5022
51,630,9243,24421017.2,9243,168,9238
51,640,3830,21635410.4,3830,84,3719
51,650,51816,119314001.2,51816,9,85
51,660,13591,40529093.3,13591,245,13490
51,670,10261,17320967.6,10261,0,0
51,678,3160,5848130.8,3160,123,3137
51,680,32657,113468203.7,32657,716,32630
51,683,13506,22130784.3,13506,191,13506
51,685,4910,5211745.3,4910,0,0
51,690,11397,33829736.3,11397,0,0
51,700,54433,192653108.9,54433,896,54361
51,710,74430,265186050.3,74425,2217,66962
51,720,4116,18195608.7,4116,182,3925
51,730,15067,51772143.4,15067,372,14529
51,735,5820,36805031.9,5820,112,5787
51,740,36561,73441810.1,36561,776,36535
51,750,10551,23094553.7,10551,387,10515
51,760,76876,182026807.9,76876,1535,76875
51,770,44440,93603410.2,44440,1194,44435
51,775,10768,32864538.5,10768,235,10684
51,790,11856,46338631.5,11856,111,11851
51,800,45511,912645078.2,45511,771,45323
51,810,168166,711581777.6,139940,1488,129313
51,820,15650,56466619.7,15650,99,10576
51,830,4745,21015761.3,4745,94,4744
51,840,10346,22079881.9,10346,105,10346
53,001,13577,4869254955.8,13577,950,13514
53,003,13643,1704406852.2,13643,20,128
53,005,79543,3280068061.1,79543,0,0
53,007,48827,3862911130.2,48827,0,0
53,009,54616,4797891105.1,54616,2158,29095
53,011,194413,1926560067.1,194413,0,194316
53,013,5495,1639082502.4,5495,258,5432
53,015,57405,2831769732.2,57405,1345,57244
53,017,29954,4787202321.9,29954,1854,27736
53,019,11062,1620535264.8,11062,185,11052
53,021,34468,3091211941.2,34468,853,34453
53,023,4163,2112583714.8,4163,23,3544
53,025,59175,6973973033.3,59175,3060,53265
53,027,61137,3991501442.6,61137,2605,56184
53,029,52728,597162247.0,52728,499,52662
53,031,32728,4190453293.2,32728,2102,31979
53,033,627312,5363077357.3,627312,2840,109666
53,035,129502,1009061773.2,129502,1529,117251
53,037,39284,5730069250.3,39284,2623,38999
53,039,21307,4838271270.9,21307,1450,21175
53,041,57748,5138474926.4,57748,0,0
53,043,33769,6031048390.4,33769,4195,33306
53,045,60499,2044290954.0,60499,2285,57984
53,047,57540,13751638624.1,57540,2165,50592
53,049,56467,2554746217.6,56467,3464,54814
53,051,15728,1518877208.2,15728,399,13633
53,053,338603,2794821357.3,338603,1135,34704
53,055,17398,452079750.3,17398,221,17387
53,057,82866,4816436998.7,82866,6311,77649
53,059,8382,1602258666.2,8382,965,8296
53,061,314472,17497058385.1,314472,4881,314472
53,063,214323,4432158203.2,214323,3821,214313
53,065,42950,6342416285.9,42950,1132,35764
53,067,130308,1840784573.7,130308,0,0
53,069,4377,601679636.3,4377,288,4365
53,071,29526,3264695422.0,29526,1201,29285
53,073,116366,2123151644.2,116366,2977,99162
53,075,33288,5556553227.3,33288,1187,32247
53,077,104943,11012252891.1,104943,538,16726
54,001,15431,873349456.6,15431,332,15293
54,003,62015,796577487.8,62015,198,62015
54,005,16395,1217160656.1,16395,241,16279
54,007,14439,1218287409.3,14439,212,14069
54,009,15635,222998348.2,15635,314,15597
54,011,50985,707398437.7,50985,1091,48976
54,013,7892,718429173.9,7892,91,7625
54,015,8983,741747039.4,8983,124,8771
54,017,7886,811147322.8,7886,76,7886
54,019,39828,1672075079.1,39828,1036,39175
54,021,7674,874130053.5,7674,111,7635
54,023,12546,1182613074.9,12546,103,12495
54,025,30763,2377533715.2,30763,753,29800
54,027,21897,1632494691.7,21897,151,21861
54,029,20883,206350998.1,20883,300,20645
54,031,15073,1350386217.5,15073,566,14796
54,033,54846,1045501735.5,54846,707,54695
54,035,20230,1182628626.0,20230,375,19982
54,037,41875,663155459.9,41875,495,31912
54,039,117762,2267879674.2,117762,1937,117298
54,041,15966,979305942.5,15966,1027,15966
54,043,16513,1114649766.7,16513,157,16106
54,045,26454,1077210309.0,26454,747,25591
54,047,31482,1187014526.2,31482,987,30049
54,049,39716,787762430.6,39716,629,39060
54,051,24195,781883297.8,24195,530,24055
54,053,21070,1100583246.7,21070,408,20330
54,055,46312,1051711073.4,46312,684,45152
54,057,19474,834229679.6,19474,217,19406
54,059,26159,1089252193.2,26159,1074,24948
54,061,54982,916075221.7,54982,1090,54485
54,063,13912,1219377767.1,13912,344,13402
54,065,15520,576235463.3,15520,256,15462
54,067,24563,1514039157.3,24563,243,24513
54,069,20454,197838715.3,20454,337,20319
54,071,11104,1618396135.8,11104,447,10949
54,073,6712,337733603.4,6712,106,6554
54,075,15335,2262935378.3,15335,1138,14941
54,077,33832,1658487889.6,33832,366,33598
54,079,35588,880315181.4,35588,843,35558
54,081,61232,1538839235.0,61232,801,60588
54,083,24020,2648164188.4,24020,829,24020
54,085,13711,1179812115.7,13711,558,13108
54,087,14491,1243185314.6,14491,253,14352
54,089,14395,932684173.1,14395,254,13531
54,091,13493,442826188.2,13493,339,13428
54,093,10541,978919381.4,10541,616,10395
54,095,8975,664240140.3,8975,133,8871
54,097,20205,926930053.4,20205,261,18965
54,099,29789,1199183833.9,29789,800,29150
54,101,11018,1092354432.3,11018,210,10678
54,103,16032,920093153.3,16032,298,15611
54,105,7239,605313516.6,7239,161,5200
54,107,58176,913370542.2,58176,667,58077
54,109,22228,1089752213.2,22228,1935,22228
55,001,38488,1777358762.6,38488,1140,38255
55,003,21350,2672301599.8,21350,1831,21326
55,005,44989,2304144602.1,44989,2624,42402
55,007,35896,3915414779.3,35896,5419,35041
55,009,103251,1430444713.8,103251,2443,102900
55,011,24409,1793419130.6,24409,1257,24249
55,013,34014,2174792059.5,34014,2230,32861
55,015,29980,847509405.1,29980,1158,28853
55,017,52829,2697486491.4,52829,3084,50492
55,019,36687,3160716867.9,36687,2696,36675
55,021,44362,2011301583.9,44362,2789,43624
55,023,22993,1500408601.7,22993,2261,22956
55,025,251766,4136316263.6,251766,7865,251758
55,027,53820,2349923385.2,53820,1874,47978
55,029,44828,1269227815.5,44828,1265,41927
55,031,49793,3409680431.5,49793,9765,49773
55,033,37936,2237542507.6,37936,3144,37934
55,035,51584,1623167285.9,51584,2539,51355
55,037,13712,1299015438.3,13712,2229,13353
55,039,63861,1949076834.5,63861,3419,61180
55,041,21152,2652306940.6,21152,3026,21144
55,043,48765,2948442529.5,48765,987,48669
55,045,28851,1531864682.6,28851,1474,28334
55,047,19477,915267987.0,19477,1012,19474
55,049,32148,1982888010.7,32148,2505,30998
55,051,18347,2123525235.0,18347,2761,17281
55,053,28754,2686757679.2,28754,3330,27695
55,055,45202,1403476831.2,45202,1653,45202
55,057,31804,2092957218.0,31804,2518,31475
55,059,68732,793611900.2,68732,2709,67618
55,061,18022,895070431.3,18022,449,17779
55,063,54362,1252240612.8,54362,3850,54356
55,065,21778,1654227454.0,21778,818,21508
55,067,30068,2255105693.6,30068,4442,30002
55,069,30673,2296855378.2,30673,1609,30655
55,071,49782,1520536075.1,49782,1234,49761
55,073,83396,3935296409.1,83396,2841,83395
55,075,63388,4065717463.4,63388,7938,62768
55,077,21900,1177829106.2,21900,591,21228
55,078,4496,27398435.9,4496,22,3141
55,079,280661,1111214285.7,280661,6977,280387
55,081,38512,2327258289.0,38512,3272,38139
55,083,42014,2499708666.7,42014,1226,41879
55,085,64241,3573699484.8,64241,4437,64228
55,087,101996,1986069360.3,101996,2016,93835
55,089,41332,764469743.3,41332,1663,41330
55,091,10018,644449333.5,10018,513,9736
55,093,31325,1750295888.8,31325,1020,29867
55,095,54147,2770697662.7,54147,3111,50438
55,097,49843,2246803743.6,49843,3627,47048
55,099,29923,3558238314.1,29923,1380,29918
55,101,90161,1204346930.8,90161,1713,88069
55,103,20971,1519349932.8,20971,1216,20872
55,105,61394,1740850349.7,61394,1147,61382
55,107,31146,2538745938.1,31146,3491,30507
55,109,54896,1868754595.4,54896,2450,54886
55,111,59226,2522926767.4,59226,3016,59216
55,113,48567,3950043276.7,48567,6184,46774
55,115,41509,2377299481.0,41509,1484,41467
55,117,63375,1341054186.7,63375,3343,59659
55,119,25740,2590637857.7,25740,2485,25721
55,121,33446,1914027018.9,33446,2322,32173
55,123,35572,2053542388.3,35572,0,0
55,125,57433,4311223799.7,57433,5319,54085
55,127,75701,2294613026.4,75701,1410,72120
55,129,34950,2247299917.9,34950,4543,31938
55,131,65023,1499360234.8,65023,1631,63729
55,133,164308,1872003178.5,164308,2993,162348
55,135,43187,1991283821.6,43187,2069,42765
55,137,35098,1748825626.7,35098,613,35097
55,139,80556,1144580422.4,80556,5238,78546
55,141,46149,2011476854.4,46149,1411,46149
56,001,19760,11609754091.4,19760,2159,7819
56,003,7472,1325045124.9,7472,0,83
56,005,20462,8366256495.5,20462,1478,20227
56,007,15839,19362404266.3,15839,3728,4524
56,009,10861,9952521507.8,10861,2183,3047
56,011,6032,6963659345.6,6032,263,6032
56,013,23742,7001844438.2,23742,8291,18647
56,015,8627,5778547557.9,8627,415,8511
56,017,7524,2294867639.1,7524,757,1897
56,019,8168,8440536800.8,8168,1915,5449
56,021,47876,6558703461.3,47876,1011,47861
56,023,30764,10281101040.4,30764,1064,30296
56,025,42810,9414146525.7,42810,3252,42760
56,027,3850,6802959631.1,3850,100,3839
56,029,17639,2649719405.2,17639,0,0
56,031,8439,5827782925.7,8439,1784,3447
56,033,18980,6523699395.3,18980,337,18871
56,035,9293,6786284662.9,9293,1010,1887
56,037,27769,27227762038.2,27769,8758,11114
56,039,16307,8386282067.0,16307,0,0
56,041,14940,5376065050.2,14940,1342,3126
56,043,5901,2376630446.7,5901,952,2730
56,045,6696,6941105852.2,6696,1208,6695
60,030,1,0.0,0,1,1
66,010,57942,466913749.7,57942,391,31726
69,100,3744,86942393.8,3744,0,0
69,110,21231,116172872.5,21231,0,5280
69,120,3123,101038753.1,3123,0,0
72,001,7457,170482668.3,7457,0,0
72,003,17674,73075130.3,17674,0,0
72,005,25701,80327339.7,25701,0,0
72,007,9080,73212937.3,9080,0,0
72,009,10344,71550193.0,10344,0,0
72,011,11672,100862792.0,11672,0,0
72,013,39005,329845828.8,39005,0,0
72,015,8499,37112497.8,8499,0,0
72,017,10068,34708686.4,10068,0,0
72,019,9402,92593118.9,9402,0,0
72,021,66567,103418708.9,66567,0,0
72,023,29430,178625395.3,29430,0,0
72,025,46862,133327302.0,46862,0,0
72,027,14943,128259843.0,14943,0,0
72,029,15306,65551316.5,15306,0,0
72,031,66227,551262240.9,66227,0,0
72,033,7879,8455109.6,7879,0,0
72,035,19086,143561631.4,19086,0,0
72,037,5997,71455290.2,5997,0,0
72,039,7911,132785675.5,7911,0,0
72,041,15840,89892689.5,15840,0,0
72,043,17449,224439245.6,17449,0,0
72,045,5815,67193611.3,5815,0,0
72,047,12204,110638516.8,12204,0,0
72,049,2565,42030239.7,2565,50,51
72,051,13924,53567898.4,13924,0,0
72,053,15793,59904215.5,15793,0,0
72,054,4870,44513592.4,4870,0,0
72,055,9023,67877215.9,9023,0,0
72,057,20118,145148357.0,20118,0,0
72,059,7865,124047747.4,7865,0,0
72,061,36972,61471394.7,25276,0,0
72,063,16129,69247320.0,16129,0,0
72,065,15355,90221023.1,15355,0,0
72,067,6960,28830028.5,6960,0,0
72,069,22992,97329928.2,22992,0,0
72,071,23033,128097750.1,23033,0,0
72,073,5386,119863839.0,5386,0,0
72,075,19771,129647919.9,19771,0,0
72,077,15813,54256989.0,15813,0,0
72,079,13657,145490996.6,13657,0,0
72,081,12526,141109123.4,12526,0,0
72,083,4456,124250677.3,4456,0,0
72,085,14694,83539760.9,14694,0,0
72,087,7649,62642512.2,7649,0,0
72,089,8574,55370059.6,8574,0,0
72,091,16690,117115296.1,16690,0,0
72,093,2470,100851176.9,2470,0,0
72,095,5211,41363000.5,5211,0,0
72,097,31874,129374708.2,31874,0,0
72,099,16889,128671855.3,16889,0,0
72,101,9745,101334982.0,9745,0,0
72,103,11308,108826072.2,11308,0,0
72,105,8835,64030141.2,8835,0,0
72,107,9307,180980886.7,9307,0,0
72,109,8921,115167603.6,8921,0,0
72,111,9378,115837768.1,9378,0,0
72,113,56775,323398752.4,56775,0,0
72,115,11139,58919195.5,11139,0,0
72,117,9408,33909763.0,7582,0,0
72,119,19592,106827061.7,19592,0,0
72,121,11175,100130692.9,11175,0,0
72,123,14843,128066005.5,14843,0,0
72,125,15762,121249475.1,15762,0,0
72,127,180385,210177734.5,180385,476,864
72,129,15543,153077164.7,15543,0,0
72,131,22749,177090560.2,22749,0,0
72,133,9799,75662506.5,9799,0,0
72,135,24282,67515467.9,24282,0,0
72,137,26895,59301984.7,26895,0,0
72,139,18800,47133689.9,18800,0,0
72,141,14018,253409401.1,14018,0,0
72,143,12514,53500108.0,12514,0,0
72,145,22112,119126195.3,22112,0,0
72,147,6134,75831833.1,6134,0,0
72,149,6795,91818755.5,6795,0,0
72,151,13192,140362278.2,13192,0,0
72,153,16667,179814408.8,16667,0,0
78,010,34228,218241973.8,34228,804,29295
78,020,5678,94275215.4,5678,443,5428
78,030,24045,78109732.0,24045,1084,22137
